Economy,Code,2025 class,Growth rate,Starting level,Level year,Status,1987,1988,1989,1990,1991,1992,1993,1994,1995,1996,1997,1998,1999,2000,2001,2002,2003,2004,2005,2006,2007,2008,2009,2010,2011,2012,2013,2014,2015,2016,2017,2018,2019,2020,2021,2022,2023,2024,2025,2026,2027,2028,2029,2030,2031,2032,2033,2034,2035,2036,2037,2038,2039,2040,2041,2042,2043,2044,2045,2046,2047,2048,2049,2050
Afghanistan,AFG,L,0.01244,390,2024,projected - raised from -2.6% to the 1.244% floor,,,,,,,,,,,,,,,,180,190,210,250,270,330,370,460,530,550,640,670,640,590,560,530,520,520,490,380,370,370,390,,394.8516,399.763553904,404.736612514566,409.771535974247,414.869093881767,420.030065409656,425.255239423352,430.545414601778,435.901399559425,441.324012969944,446.81408369129,452.37245089241,457.999964181511,463.697483735929,469.465880433604,475.306035986198,481.218843073866,487.205205481705,493.266038237898,499.402267753577,505.614831964432,511.904680474069,518.272774699167,524.720088016424,531.247605911349
Albania,ALB,UM,0.090712,12060,2025,projected - cut from 12.2% to the UM p90 cap of 9.07%,730,730,760,650,410,280,320,380,670,940,860,870,960,1130,1320,1420,1700,2170,2690,3130,3580,4160,4390,4430,4460,4430,4690,4750,4660,4670,4700,5400,5900,5970,6940,7720,8740,9910,12060,13153.986719999999,14347.211163344638,15648.675382393956,17068.198023681674,18616.488402805884,20305.22729880121,22147.15507753006,24156.167808922964,26347.422103205983,28737.449457032002,31344.280972178287,34187.58338772652,37288.80745199396,40671.349753579234,44360.72923242591,48384.779702557724,52773.859838936136,57561.082212645706,62782.56310231922,68477.6949664568,74689.44363225401,81464.67244302304,88854.49580967454,96914.66483356172,105705.98790994377
Algeria,DZA,UM,0.015808597462,5850,2025,projected,2850,2780,2590,2400,2010,1930,1750,1640,1570,1530,1510,1550,1540,1600,1720,1840,2090,2440,2910,3310,3780,4430,4570,4870,5050,5630,5970,6030,5390,4920,4440,4450,4480,4020,4120,4430,4950,5370,5850,5942.480295153447,6036.422574066152,6131.849948650864,6228.785896187253,6327.254265097856,6427.279280815318,6528.885551742401,6632.098075306198,6736.942244108064,6843.443852170771,6951.62910128441,7061.524607452628,7173.157407440754,7286.554965427464,7401.745179761573,7518.756389825667,7637.617383008221,7758.357401785946,7881.006150918099,8005.593804754514,8132.151014659181,8260.70891655116,8391.299138564726,8523.953808830593,8658.705563380165
American Samoa,ASM,H,,,,frozen - only 0 of 10 annual rates,,,,,,,,,,,,,,,,,,,,,,,,,,,,,,,,,,,,,,,,,,,,,,,,,,,,,,,,,,,,,,,,
Andorra,AND,H,,,,frozen - only 6 of 10 annual rates,,,,,,,,,,,,,,,,,,,,,,,,,,,,,,,,,46450,42450,44720,47600,47920,47740,53230,,,,,,,,,,,,,,,,,,,,,,,,,
Angola,AGO,LM,0.01244,2860,2025,projected - raised from -0.8% to the 1.244% floor,680,660,870,790,920,340,290,190,370,370,450,420,340,360,400,620,780,1190,1590,2090,2800,3450,3680,3780,3960,4750,5330,5430,4450,2960,2440,2300,2460,2000,1960,2290,2650,2850,2860,2895.5784,2931.599395296,2968.068491773482,3004.991263811144,3042.373355132955,3080.220479670809,3118.538422437914,3157.333040413041,3196.610263435779,3236.376095112921,3276.636613736126,3317.397973211003,3358.666403997748,3400.44821406348,3442.749789846429,3485.577597232119,3528.938182541687,3572.838173532505,3617.28428041125,3662.283296859566,3707.842101072499,3753.967656809841,3800.667014460555,3847.947312120444,3895.815776683222
Antigua and Barbuda,ATG,H,0.065642146585,23790,2025,projected,4840,6050,6550,7040,7550,7850,8410,9000,8730,9380,9850,10130,10590,11200,10610,10710,11680,12850,14050,15740,17310,17750,15750,14390,14100,14530,14500,14830,14550,15080,15860,17460,18250,15460,16690,18730,20250,21200,23790,25351.62666726145,27015.761861126608,28789.13446132502,30678.915045695798,32692.74488419967,34838.76683616023,37125.65827566639,39562.66617826902,42159.64451084354,44927.09407580344,47876.20497077354,51018.901835407225,54367.89206830198,57936.717208976756,61739.80769267258,65792.54119937586,70111.30483299684,74713.56138212272,79617.91993026892,84844.21110113883,90413.56724314381,96348.50787740736,102673.03075475959,109412.7088899083,116594.79396514139
Argentina,ARG,UM,0.062353719637,14650,2025,projected,3490,3860,2910,3180,3850,6040,7080,7570,7310,7680,8080,7960,7510,7400,6930,4010,3620,3340,4230,5440,6460,7600,7720,9160,10590,11770,12760,12240,12500,12130,13070,12390,11210,9040,10070,11890,12920,13530,14650,15563.481992679921,16533.92298542472,17564.87458375524,18660.10984900723,19823.637106925136,21059.714617273094,22372.86615815071,23767.897582048914,25249.91440423747,26824.340487853868,28496.937894077037,30273.827970033177,32161.513751610993,34166.90376317579,36297.33730128425,38560.611294932874,40965.00884064285,43519.32951681357,46232.92158828885,49115.7162189977,52178.2638178804,55431.77265111835,58888.14986198005,62560.04504840703,66460.8965578244
Armenia,ARM,UM,0.090712,9020,2025,projected - cut from 9.2% to the UM p90 cap of 9.07%,,,,,,300,350,390,460,500,540,570,600,630,680,760,910,1120,1460,1910,2600,3390,3140,3280,3360,3700,3940,4000,3910,3690,3900,4220,4650,4230,4580,5690,6850,7810,9020,9838.22224,10730.667055834878,11704.06732580377,12765.76668106208,13923.774908234582,15186.828377710355,16564.455953509216,18067.050881963944,19705.949201568656,21493.51526554135,23443.235022309138,25569.817757652843,27889.307066085046,30419.20188866375,33178.58853038821,36188.284653156785,39470.99633061394,43051.489349756586,46956.7760516517,51216.319120849126,55862.253860939585,60929.63063317313,66456.67928716952,72485.09757866724,79060.3657502233
Aruba,ABW,H,0.050729442971,35200,2024,projected,,10670,11870,12120,12940,13840,14380,15460,16340,16410,17050,17390,17750,20060,20340,19220,21020,23610,19720,23920,22600,26780,24340,23050,23100,23970,24830,25260,25430,25560,26460,27970,29320,22750,26550,30160,31690,35200,,36985.67639257295,38861.939153867264,40833.38367990894,42904.83848860458,45081.37704588459,47368.330191779925,49771.2991968669,52296.169481058096,54949.12502833989,57736.663532761646,60665.612312772435,63743.145032883236,66976.79927360974,70374.49499272853,73944.55392306257,77695.71995430547,81637.18054880439,85778.58924375368,90130.08929491228,94702.33851975366,99506.53540089501,104554.44651373882,109858.43534550341,115431.4925762269,121287.26789590949
Australia,AUS,H,0.026767381894,64120,2025,projected,12580,14160,15620,17370,18260,18600,18980,18950,19400,20620,22090,21960,21650,21340,20370,20240,21420,25890,30790,34670,37470,42510,44230,46900,50570,60500,66360,65500,60780,54330,51700,53280,55090,53770,57220,60790,63320,62680,64120,65836.32452702562,67598.59056811969,69408.02785733406,71265.89904548158,73173.5005812316,75132.16361579008,77143.25493179572,79208.17789708004,81328.37344395724,83505.32107472708,85740.53989409238,88035.58966921167,90392.07191812668,92811.63102732417,95295.95539921199,97846.77863031003,100465.88072097825,103155.08931752604,105916.28098756951,108751.3825295268,111662.37231716515,114651.28168013795,117720.19632147517,120871.25777301632,124106.66488980145
Austria,AUT,H,0.018750628222,60360,2025,projected,13760,18000,19220,20550,21720,24430,24770,26040,28080,29930,29410,27810,26980,26660,25190,24860,27950,33610,38510,41170,44230,48890,48900,49460,50380,49760,50260,49960,47190,45980,44800,48710,50900,49000,53440,56310,55890,54760,60360,61491.78791947865,62644.79757346157,63819.426882802676,65016.08122962188,66235.1735972085,67477.12471254799,68742.36319152109,70031.32568682554,71344.45703867153,72682.21042830261,74045.04753439536,75433.43869239156,76847.86305681804,78288.80876664998,79756.77311377504,81252.26271461615,82775.79368497248,84327.89181813863,85909.0927663638,87519.94222571338,89160.99612439681,90832.82081462668,92535.99326807538,94271.10127499662,96038.7436470806
Azerbaijan,AZE,UM,0.049353469249,7360,2025,projected,,,,,,160,110,80,180,240,410,510,600,630,680,740,840,960,1290,1920,2740,3900,4820,5400,5490,6440,7450,7740,6610,4790,4110,4080,4510,4480,4910,5670,6680,7340,7360,7723.241533670689,8104.410297203258,8504.39106158541,8924.11226432258,9364.548164532083,9826.721104398615,10311.703882240447,10820.62224269466,11354.65748980167,11915.049229054515,12503.09824477782,13120.169519515375,13767.695402434967,14447.178934104992,15160.197335360313,15908.405668355772,16693.54067830537,17517.42482482462,18381.970512233627,19289.184528640304,20241.17270410773,21240.144798718244,22288.41963188046,23388.430464785375,24542.730648505338
"Bahamas, The",BHS,H,0.041136430897,37020,2024,projected,10030,10880,11540,11020,10530,10750,10530,10790,13250,14770,13460,16180,22250,23880,24520,25220,25900,27470,28880,29230,29690,29660,27920,27320,26990,27910,26870,27220,27620,27820,29570,30650,31630,25180,29910,33790,35180,37020,,38542.870671796394,40128.386807747775,41779.125418661344,43497.769524371295,45287.11251457183,47150.062689039274,49089.64798462272,51109.02089668622,53211.46360300152,55400.393298419454,57679.36774899072,60052.091074563294,62522.419769255306,65094.368969588686,67772.11898047144,70560.02206963555,73462.60954157381,76484.59910247312,79630.90252811495,82906.6336472058,86317.11665311335,89867.89475751783,93564.73920004372,97413.65862851549,101420.9088650836
Bahrain,BHR,H,0.013831469962,28790,2025,projected,8630,8730,8530,9880,11240,11380,11590,11180,11920,12380,11890,11650,11570,12500,12730,12480,13180,14680,16550,17850,19600,21070,18940,19510,20040,24670,25970,25480,23640,22720,22360,24200,25800,23870,25240,28300,28460,28170,28790,29188.20802021046,29591.923842691147,30001.223648443724,30416.184672165084,30836.885216821513,31263.404668424417,31695.823511010443,32134.22334182877,32578.686886738473,33029.298015818866,33486.14175919575,33949.30432308655,34418.8731060674,34894.93671556522,35377.58498457788,35866.90898862568,36363.00106293722,36865.95481987306,37375.86516659032,37892.828322951595,38416.94183968162,38948.30461677505,39487.01692215886,40033.180410612826,40586.89814295177
Bangladesh,BGD,LM,0.074681,2840,2025,projected - cut from 9.8% to the LM p90 cap of 7.47%,250,270,280,290,300,300,300,300,320,350,370,390,400,410,420,420,440,490,530,550,580,640,700,780,870,950,1010,1080,1200,1400,1640,2020,2220,2320,2600,2850,2880,2820,2840,3052.09404,3280.02747500124,3524.983206861808,3788.232477733454,4071.141467403067,4375.178383330195,4701.921080175677,5053.065248364277,5430.433214177369,5835.983397045349,6271.820473120093,6740.206297873175,7243.571644404641,7784.528818380424,8365.885215065893,8990.65788881223,9662.089210606615,10383.663694943927,11159.126083346035,11992.5007783764,12888.112729006327,13850.609875721248,14884.987271849986,15996.613006299016,17191.256062222434
Barbados,BRB,H,0.026986561905,27080,2025,projected,6710,7460,7920,7670,7640,7540,7770,8110,8470,8850,9250,9670,10110,11170,11030,11030,11660,12660,13610,14630,15950,16600,16150,16220,17150,19080,19410,19620,19280,19300,19570,20240,20800,18290,20700,24760,24710,25360,27080,27810.796096378064,28561.313866850713,29332.085531596767,30123.657673587844,30936.591626190766,31771.46387123,32628.866447792465,33509.40737206455,34413.71106849908,35342.418812618045,36296.18918576501,37275.698542129736,38281.64148837618,39314.73137621406,40375.70080826315,41465.30215756918,42584.30810113966,43733.512167877976,44913.7293013044,46125.79643746298,47370.5730984241,48648.94200180372,49961.80968673138,51310.10715671096,52694.790539830035
Belarus,BLR,UM,0.07229179637,9160,2025,projected,,,,,,1680,1610,1450,1360,1440,1520,1540,1410,1380,1300,1380,1630,2170,2820,3510,4310,5470,5660,6150,6350,6630,7030,7620,6740,5640,5320,5730,6370,6410,7040,7210,7850,8380,9160,9822.192854748337,10532.256820509747,11293.652585893587,12110.091018905465,12985.551252865202,13924.300079788307,14930.912745749825,16010.295249582401,17167.70825358728,18408.79272279356,19739.597417725556,21166.608374671687,22696.780517134994,24337.571552532158,26096.97831934582,27983.57576187781,30006.55872255731,32175.78675549004,34501.83217965943,36996.03160598003,39670.54118933414,42538.39587487744,45613.57292736651,48911.06005313554,52446.92844673304
Belgium,BEL,H,0.033678864849,59500,2025,projected,13090,17010,18030,19310,20580,23170,23410,25090,27070,28550,28450,26530,25980,25890,24460,24060,27100,32910,37780,39940,42740,46570,47120,47110,46720,47170,47950,48050,45520,43240,42310,45980,48070,46330,51140,54330,55520,55290,59500,61503.892458544586,63575.2737403734,65716.41679244468,67929.6711119901,70217.46532464105,72582.3098493833,75026.79965326439,77553.61709887635,80165.53488773841,82865.41910280952,85656.23235346928,88541.03702641818,91522.9986460645,94605.38934808526,97791.59146997269,101085.10126250632,104489.53272622316,108008.62157709587,111646.22934577045,115406.34761486169,119293.10239895574,123310.7586721264,127463.72504793286,131756.5586170346,136193.96994773147
Belize,BLZ,UM,0.03231933608,7530,2025,projected,2200,2550,2830,3080,3320,3690,3830,3800,3890,3910,3950,3860,4060,4470,4470,4550,4820,5000,5050,5160,5210,5170,5280,5060,5160,5330,5580,5670,5790,5640,5490,5610,5850,5170,6120,6710,6850,7150,7530,7773.364600683792,8024.594583687102,8283.944152944516,8551.67572809301,8828.060209998008,9113.37725486104,9407.915557186405,9711.973141893111,10025.857665867683,10349.886729262958,10684.388196857852,11029.70052980326,11386.173128089764,11754.166684083666,12134.053547489077,12526.218102105335,12931.05715476097,13348.980336817769,13780.41051865116,14225.78423752636,14685.55213930317,15160.179434416386,15650.146368593196,16155.948708783842,16678.098244797256
Benin,BEN,LM,0.03670991778,1600,2025,projected,290,340,320,350,360,350,360,310,340,330,360,350,390,450,510,510,570,690,780,810,870,970,1020,1020,1030,1050,1140,1180,1100,1040,1020,1120,1170,1190,1280,1360,1390,1430,1600,1658.735868448099,1719.627925797668,1782.755325565999,1848.200126989494,1916.047401692378,1986.385344271206,2059.305386938922,2134.902318377488,2213.274406953589,2294.52352845757,2378.755298531665,2466.079209959649,2556.608774996387,2650.461672922289,2747.759903014471,2848.629943133483,2953.202914131735,3061.61475029735,3174.006376054991,3290.523889153361,3411.31875057751,3536.547981432794,3666.374367056436,3800.966668622004,3940.499842511873
Bermuda,BMU,H,0.032610611669,139370,2024,projected,,,,,,,,,,,,,,,,,,,,,,,,105750,102930,101910,104040,102450,103940,105430,113460,117160,116920,110850,120460,131560,133460,139370,,143914.94094835184,148608.09520103034,153454.29608454712,158458.53454314772,163625.9642788224,168961.90705893558,174471.8581969407,180161.4922118242,186036.66867210757,192103.4382304259,198368.04885489776,204836.9522637037,211516.81056950046,218414.5031405136,225537.13368537437,232892.03756899753,240486.78936703465,248329.21066668237,256427.37812188003,264789.6317711922,273424.58362694236,282341.12654444354,291548.44338046014,301056.01645033236,310873.6372935038
Bhutan,BTN,LM,0.05764203985,4310,2025,projected,430,480,500,500,430,420,400,430,450,500,550,520,550,710,780,860,960,1090,1260,1390,1700,1850,1980,2180,2430,2620,2630,2670,2740,2880,2960,3150,3370,3040,3300,3600,3730,3910,4310,4558.437191753797,4821.194810014907,5099.098313378731,5393.020741557928,5703.885458055059,6032.669050928497,6380.404400764395,6748.183925492812,7137.163012241664,7548.563647009736,7983.678253561454,8443.873753603373,8930.59586099753,9445.37362350201,9989.824226306702,10565.658072454658,11174.684156109293,11818.81574554768,12500.076393733161,13220.606295349635,13982.669010268251,14788.658574568459,15641.107021452799,16542.692335682576,17496.246866523423
Bolivia,BOL,LM,0.056312656642,4420,2025,projected,690,690,690,690,710,740,760,790,820,870,930,960,950,960,930,900,890,940,1000,1090,1210,1460,1600,1760,1970,2220,2550,2800,2920,3000,3250,3730,4170,3620,3990,4190,4230,4160,4420,4668.901942355889,4931.820214329094,5209.544112676729,5502.907381553183,5812.790715461135,6140.124403150401,6485.891120401743,6851.128880079754,7236.934148311061,7644.4651361428,8074.945276563122,8529.666897321962,9009.99510057811,9517.371861019497,10053.320354759551,10619.449532005174,11217.458947223822,11849.143861310125,12516.400631069051,13221.232402195197,13965.755122838864,14752.20389581201,15582.939688503804,16460.45642064934,17387.388451229453
Bosnia and Herzegovina,BIH,UM,0.077174770755,9940,2025,projected,,,,,,1140,980,580,510,640,900,1230,1270,1340,1430,1590,1860,2360,2810,3160,3680,4500,4790,4820,4900,4900,5170,5180,5140,5070,5070,5720,6180,6160,6970,7710,8280,8810,9940,10707.117221300101,11533.436538295895,12423.526859150887,13382.309696468694,14415.086379459888,15527.56736620156,16725.9038180638,18016.721610885317,19407.15797095371,20904.900938359155,22518.231875923335,24256.071258745236,26128.02799754462,28144.452568523262,30316.494243510995,32656.16273683521,35176.394609773335,37891.124799753736,40815.3636698063,43965.28000428667,47358.29040977654,51013.15561547785,54950.084205567895,59190.844357075126,63758.8842010999
Botswana,BWA,UM,0.029177312893,7390,2025,projected,1290,1930,2270,2680,3030,3230,3280,2900,3200,3120,3260,3150,3090,3110,3190,2860,3300,3830,4830,5400,5620,5470,4890,5370,6500,6680,6950,6990,6140,6060,6210,6680,7100,6600,7440,7690,8150,7610,7390,7605.620342276164,7827.531906744924,8055.918254364671,8290.968301909314,8532.876478236582,8781.842885115822,9038.073462748322,9301.78016011705,9573.181110306776,9852.50081093953,10139.970309874707,10435.82739632739,10740.316797562988,11053.69038133091,11376.2073642047,11708.13452600097,12049.746430454514,12401.325652332129,12763.163011172997,13135.55781184899,13518.818092143876,13913.260877556224,14319.21244353677,14737.008585377162,15166.994895973343
Brazil,BRA,UM,0.028401527173,10550,2025,projected,2030,2300,2630,2470,2510,2330,2310,2620,3440,4420,5110,4980,4230,3950,3370,3120,3010,3370,4030,4890,6240,7680,8400,9750,11210,12460,12950,12280,10330,9050,8830,9320,9410,8080,8060,8440,9310,9930,10550,10849.63611167318,11157.782346514003,11474.680405016858,11800.578852339293,12135.733313268933,12480.406672727757,12834.869281970994,13199.3991706424,13574.28226485221,13959.812611448848,14356.292608660295,14764.03324328602,15183.354334625526,15614.584785334846,16058.06283940773,16514.136347483913,16983.16303969252,17465.510806244667,17961.55798599529,18471.693663200596,18996.31797270387,19535.84241378902,20090.69017294805,20661.296455815605,21248.108828531003
British Virgin Islands,VGB,H,,,,frozen - only 0 of 10 annual rates,,,,,,,,,,,,,,,,,,,,,,,,,,,,,,,,,,,,,,,,,,,,,,,,,,,,,,,,,,,,,,,,
Brunei Darussalam,BRN,H,0.01244,34790,2025,projected - raised from -1.9% to the 1.244% floor,,,20550,21430,23400,23920,23250,23220,24460,25200,26590,21000,19960,19390,19270,18960,19840,22190,25670,30720,33470,36700,35470,35370,36520,41690,44580,42370,38180,32570,29230,28790,31550,30810,29890,30970,34390,36020,34790,35222.7876,35660.959077744,36104.58140867114,36553.72240139501,37008.45070806836,37468.83583487673,37934.9481526626,38406.85890768172,38884.640232493286,39368.3651569855,39858.1076195384,40353.94247832546,40855.94552275583,41364.19348505891,41878.764052013044,42399.73587682009,42927.18859112773,43461.20281720136,44001.86018024734,44549.24332088962,45103.43590780148,45664.52265049453,46232.58931226668,46807.72272331128,47390.01079398927
Bulgaria,BGR,H,0.071689,17780,2025,projected - cut from 10.2% to the H p90 cap of 7.17%,2750,3140,2850,2260,1340,1150,1030,1170,1520,1590,1460,1440,1480,1660,1770,1970,2370,3060,3800,4300,4820,6080,6680,6960,7210,7400,7580,7780,7530,7490,7730,8860,9920,10090,11720,13100,14240,15370,17780,19054.63042,20420.637820179385,21884.572924870226,23453.45607328125,25134.81088571871,26936.700343305,28867.765454216198,30937.266691863508,33155.12840373651,35531.98640387198,38079.238977179164,40809.101540214164,43734.66522053058,46869.9596355252,50230.02017183637,53830.96008793515,57690.04778567914,61825.7896213867,66258.0186535543,71007.98975280896,76098.4815301981,81553.90557261648,87400.42350921179,93666.07247016368,100380.89953947725
Burkina Faso,BFA,L,0.025893752088,980,2025,projected,260,310,320,320,340,360,350,270,250,240,250,240,260,260,270,260,310,370,440,470,490,550,590,630,660,710,750,730,680,650,650,730,750,780,820,840,840,850,980,1005.375877046442,1031.408830762145,1058.115875327486,1085.514465483811,1113.62250794121,1142.458373081686,1172.040906965358,1202.389443647555,1233.523817814841,1265.464377748235,1298.231998622104,1331.848096147401,1366.33464056819,1401.714171020591,1438.009810263523,1475.245279790895,1513.444915335096,1552.633682771939,1592.837194437433,1634.08172586707,1676.394232968539,1719.802369639125,1764.334505839269,1810.019746134139,1856.887948715293
Burundi,BDI,L,0.01244,240,2025,projected - raised from 0.0% to the 1.244% floor,250,240,220,210,210,200,180,170,150,140,150,150,140,130,130,130,120,120,130,150,160,180,190,200,220,230,240,240,240,240,240,250,250,240,250,280,280,250,240,242.9856,246.008340864,249.068684624348,252.167099061075,255.304057773395,258.480040252096,261.695531952832,264.951024370325,268.247015113492,271.584007981504,274.962513040794,278.383046703021,281.846131804007,285.352297683649,288.902080266833,292.496022145353,296.134672660841,299.818587988742,303.548331223322,307.32447246374,311.147588901189,315.01826490712,318.937092122564,322.904669548569,326.921603637753
Cabo Verde,CPV,UM,0.068126749384,5590,2025,projected,580,750,810,810,820,940,1080,1190,1300,1250,1260,1240,1290,1330,1270,1230,1440,1810,2070,2200,2770,3360,3650,3600,3760,3730,3840,3750,3620,3580,3620,4040,4420,3510,3870,4550,4740,4940,5590,5970.828529055437,6377.601667868034,6812.08693836458,7276.172277995195,7771.874243251521,8301.34677206392,8866.890543152329,9470.962972999247,10116.188893884007,10805.371959376816,11541.506826852012,12327.792169956365,13167.644577574543,14064.713399685907,15022.89660462127,16046.35771662303,17139.543907306197,18307.205319631867,19554.415708360182,20886.594486670263,22309.530274744688,23829.4060526425,25452.82602675566,27186.844326589886,29038.995656563835
Cambodia,KHM,LM,0.074593044765,2750,2025,projected,160,190,170,170,170,210,290,210,260,320,310,280,290,290,310,320,370,430,510,580,670,780,840,910,990,1110,1230,1330,1430,1550,1690,1920,2100,2050,2120,2270,2390,2550,2750,2955.130873103958,3175.56308260806,3412.438001783365,3666.982142408437,3940.513505509843,4234.448405823724,4550.308805314737,4889.730193724497,5254.470056954132,5646.416977129262,6067.600411466548,6520.201200575665,7006.562860607506,7529.203717718119,8090.829947679242,8694.349588153094,9342.887596185416,10039.802028882745,10788.701431055693,11593.463519859468,12458.255263178618,13387.554455719643,14386.172904530027,15459.281343995755,16612.436209324333
Cameroon,CMR,LM,0.019181991122,1860,2025,projected,1150,1230,1120,1000,930,960,990,890,870,770,790,770,760,730,700,700,820,1030,1140,1200,1250,1360,1460,1450,1470,1470,1530,1570,1530,1470,1410,1520,1560,1540,1610,1660,1680,1690,1860,1895.678503487635,1932.041391712429,1969.101792536336,2006.873085639839,2045.368907352334,2084.603155575168,2124.589994799105,2165.343861218048,2206.879467940842,2249.211810303055,2292.35617128065,2336.328127007499,2381.143552398733,2426.818626881968,2473.369840238455,2520.813998556282,2569.168230297771,2618.449992483254,2668.677076993476,2719.867616992875,2772.040093476093,2825.213341940044,2879.40655918398,2934.639310239982,2990.931535436405
Canada,CAN,H,0.028610435865,56420,2025,projected,16320,18620,19860,20650,20990,21420,21270,20890,20850,20820,21330,20900,21450,22740,23120,23590,25480,29530,34310,37900,41540,44930,43230,44490,47190,51080,52800,52200,47580,43900,42900,45060,46580,43900,49080,54070,55340,54110,56420,58034.20079148112,59694.584571179505,61402.47265451759,63159.22416032794,64966.237092425334,66824.94945212301,68736.84038257856,70703.43134588005,72726.28733380898,74807.0181132439,76947.27950719536,79148.77471249196,81413.25565516592,83742.52438461689,86138.43450766325,88602.89266362239,91137.86004159361,93745.35394115114,96427.44937768932,99186.28073369733,102024.04345727767,104942.99580925998,107945.46066030052,111033.8273393975,114210.55353529316
Cayman Islands,CYM,H,0.071689,81920,2024,projected - cut from 8.5% to the H p90 cap of 7.17%,,,,,,,,,,,,,,,,,,,,,,,,73550,73950,51150,44990,43420,44430,47830,51890,57880,64520,62420,76260,73960,73970,81920,,87792.76288000001,94086.53825810434,100831.5080992896,108060.01808341958,115806.73271980186,124108.80158175174,133006.03745834596,142541.10727769733,152759.7367173282,163710.92948285677,175447.2023065533,188024.83679270782,201504.1493175403,215949.78027796544,231431.00407631253,248022.06132753933,265802.51488204935,284857.6313714286,305278.790106815,327163.9212907825,350617.97564419743,375753.42770015437,402690.8151785508,431559.31702788593,462497.3729062981
Central African Republic,CAF,L,0.033228676086,560,2025,projected,410,480,480,470,460,460,430,360,340,290,290,270,260,240,240,240,250,290,320,330,360,390,460,500,510,540,360,380,390,400,420,470,500,490,510,520,530,510,560,578.608058608059,597.83443836819,617.699685273675,638.225028033946,659.432400760348,681.344466405708,703.984640982768,727.377118587376,751.546897253153,776.51980566528,802.322530761954,828.982646252998,856.528642086104,884.989954892209,914.396999442526,944.781201150847,976.175029655859,1008.612033519358,1042.126876077432,1076.755372482935,1112.534527978836,1149.502577443334,1187.699026249013,1227.164692479683,1267.941750550044
Chad,TCD,L,0.01244,970,2025,projected - raised from 1.1% to the 1.244% floor,210,270,270,270,290,320,240,220,200,200,210,210,190,180,180,190,210,330,510,630,820,910,1020,1150,1190,1310,1310,1260,1130,940,830,890,930,890,890,920,910,930,970,982.0668,994.283710992,1006.652600356741,1019.175358705178,1031.853900167471,1044.690162685554,1057.686108309362,1070.843723496731,1084.16501941703,1097.652032258578,1111.306823539874,1125.13148042471,1139.128116041194,1153.298869804746,1167.645907745117,1182.171422837467,1196.877635337565,1211.766793121164,1226.841172027591,1242.103076207615,1257.554838475637,1273.198820666274,1289.037413995363,1305.073039425465,1321.308148035918
Channel Islands,CHI,H,,,,frozen - only 0 of 10 annual rates,,,,,,,,,,,,,,,,,,,,,,,,,,,,,,,,,,,,,,,,,,,,,,,,,,,,,,,,,,,,,,,,
Chile,CHL,H,0.025797134966,16960,2025,projected,1670,1940,2200,2340,2600,3120,3450,3740,4430,5070,5580,5470,5100,5030,4780,4520,4570,5200,6200,7350,8700,9950,9880,10720,11860,14170,15080,14690,14080,13310,13200,14460,14700,12960,14790,15430,15970,15840,16960,17397.51940902967,17846.32556530449,18306.70963456647,18778.970293799564,19263.413924998204,19760.354813934475,20270.115354052945,20793.02625562538,21329.426760301067,21879.664861191904,22444.097528635062,23023.09094177968,23617.020726147828,24226.272197323873,24851.240610930305,25492.33141905226,26149.96053327704,26824.554594519293,27516.551249806926,28226.39943620729,28954.559672077863,29701.504355830333,30467.718072401978,31253.697907633108,32059.953770754542
China,CHN,UM,0.050129789684,14230,2025,projected,320,330,320,330,360,400,420,470,540,660,760,800,860,950,1020,1130,1300,1530,1790,2090,2550,3140,3740,4410,5130,6010,6860,7600,8040,8360,8830,9720,10510,10740,12220,13170,13750,13660,14230,14943.346907209005,15692.453744848413,16479.113150709833,17305.20762714034,18172.71404593375,19083.708379051142,20040.370666491388,21044.99023320001,22099.971167500567,23207.838074158662,24371.242115845835,25592.967357460766,26875.937428489975,28223.22251935126,29638.04672846235,31123.79577761657,32684.025114128694,34322.46841913959,36043.046542440505,37849.87688519807,39747.28325303346,41739.806203034284,43832.213909459984,46029.513574142824,48336.96340888982
Colombia,COL,UM,0.041857069768,7900,2025,projected,1270,1330,1280,1350,1400,1600,1770,2080,2390,2580,2700,2600,2370,2370,2360,2410,2410,2650,3030,3540,4170,4770,5200,5690,6370,7340,8010,8280,7420,6560,6030,6350,6630,5850,6310,6560,6760,7090,7900,8230.670851167377,8575.182615222317,8934.114632221208,9308.0704916976,9697.679047674255,10103.595476160644,10526.502376914175,10967.110921317924,11426.162048305168,11904.427710341806,12402.712171561961,12921.85336023973,13462.724277871437,14026.23446723795,14613.331541915768,15225.002779808978,15862.276783381776,16526.22520938347,17217.96457097468,17938.658115285303,18689.517779561498,19471.806229191297,20286.83898103597,21135.986615637827,22020.677082024566
Comoros,COM,LM,0.026001435144,1950,2025,projected,680,830,830,880,840,960,970,810,810,770,780,720,700,670,680,700,810,980,1140,1140,1190,1340,1440,1450,1490,1510,1590,1590,1480,1410,1380,1490,1530,1530,1590,1630,1670,1730,1950,2000.702798531088,2052.723942589808,2106.097711051896,2160.859274093049,2217.04471636401,2274.691060768223,2333.836292857761,2394.519385863559,2456.780326376494,2520.66014069619,2586.20092186494,2653.445857404546,2722.439257774357,2793.226585569258,2865.854485476846,2940.370815013536,3016.824676059855,3095.266447215689,3175.747816996824,3258.321817894635,3343.042861321383,3429.966773464137,3519.150832070945,3610.653804193511,3704.535984911218
"Congo, Dem. Rep.",COD,L,0.044466403162,720,2025,projected,240,250,240,230,190,200,200,150,140,120,110,110,100,130,130,180,160,180,190,220,260,300,300,320,320,370,420,450,460,460,440,460,460,480,530,610,680,680,720,752.01581027668,785.455248480682,820.381618225377,856.861038008125,894.962566378052,934.758332669566,976.323673549141,1019.737275633836,1065.081324451546,1112.441660024984,1161.907939373921,1213.573806243315,1267.53706837864,1323.899882684014,1382.768948613639,1444.255710162664,1508.476566839857,1575.553094021471,1645.612273103453,1718.786731887698,1795.214995657407,1875.041749416877,1958.418111792133,2045.501921110953,2136.458034203831
"Congo, Rep.",COG,LM,0.01367053308,2280,2025,projected,1050,920,940,920,950,1050,900,750,470,460,590,580,490,560,620,670,690,760,1100,1560,1650,2090,2410,2640,2580,3330,3560,3800,3080,2260,1740,2070,2180,2230,2040,2170,2310,2270,2280,2311.168815422544,2342.763725167388,2374.790554171061,2407.255207000077,2440.163668939526,2473.522007096532,2507.336371518808,2541.612996328502,2576.358200871528,2611.578390882634,2647.280059666373,2683.469789294234,2720.15425181813,2757.340210500484,2795.034521061119,2833.244132941203,2871.976090584471,2911.237534735956,2951.035703758485,2991.377934967163,3032.271665982102,3073.724436099648,3115.743887682347,3158.337767567913,3201.513928497462
Costa Rica,CRI,H,0.051472112161,17930,2025,projected,1590,1650,1660,1740,1950,2350,2740,2990,3190,3250,3360,3420,3480,3590,3700,3790,4050,4400,4670,5090,5710,6440,6570,7290,8130,9330,9990,10410,10770,11170,11580,12100,12310,11780,12750,13490,14330,15710,17930,18852.894971045418,19823.293295553238,20843.6400714609,21916.506251061124,23044.595118991394,24230.749103659262,25477.956939266085,26789.36119647525,28168.2662006998,29618.14635796106,31142.654909296776,32745.633135777134,34431.12003732241,36203.362509709805,38066.82604541228,40026.20598523223,42086.43934908046,44252.71727571037,46530.49810275151,48925.52112000012,51443.82103062056,54091.7431566953,56875.95942743676,59803.48519034611,62881.69688767793
Croatia,HRV,H,0.071689,25360,2025,projected - cut from 7.4% to the H p90 cap of 7.17%,,,,,,,,,,,,,5250,5310,5360,5660,6700,8570,10210,11240,12520,14030,13970,13900,14020,13540,13940,13820,13570,13090,13350,14670,15770,15060,17390,19370,20800,22230,25360,27178.033040000002,29126.399050604567,31214.44147214336,33452.17356683985,35850.32643767303,38420.40048966338,41174.72058036686,44126.49512405279,47289.87943300101,50680.04359967343,54313.245245290425,58206.90748368006,62379.702474277605,66851.6409649561,71644.16825409285,76780.26703206051,82284.5675953219,88183.46596166295,94505.25045298862,101280.23735271294,108540.91628829158,116322.10603608293,124661.12149570369,133597.9526346092,143175.4562610317
Cuba,CUB,UM,,,,frozen - only 4 of 10 annual rates,2470,2770,2740,2640,2330,2120,1870,2130,2540,2700,2500,2240,2400,2620,2760,2830,3100,3490,3960,4410,4740,5030,5080,5170,5590,6090,6640,6850,7270,7530,8010,8710,9010,,,,,,,,,,,,,,,,,,,,,,,,,,,,,,,
Curaçao,CUW,H,0.032364234778,22570,2024,projected,,,,,,,,,,,,,,,,,,,17910,17930,18390,19020,19100,19540,19420,19330,19020,18980,18780,18260,18230,18820,19140,16190,17950,20480,21400,22570,,23300.46077893582,24054.562362017125,24833.06986577961,25636.773169170174,26466.487714963394,27323.055337115256,28207.345114893535,29120.254254651474,30062.709000139374,31035.665572277732,32040.111139345416,33077.06481856724,34147.578710117145,35252.738964586104,36393.66688499783,37571.52006449036,38787.493560817806,40042.821108864024,41338.7763723983,42676.67423634318,44057.87214086553,45483.77145864451,46955.818916713644,48475.508064319845,50044.38078828851
Cyprus,CYP,H,0.030796487507,36110,2025,projected,6300,7910,8570,9300,9460,11020,10970,11680,12810,13880,14280,15490,14340,14180,14170,14510,16710,20260,23990,25600,27340,32010,32860,32210,32680,29760,27820,26350,25650,24400,24600,27120,28380,26780,29560,31900,32380,32870,36110,37222.06116388899,38368.36990551905,39549.98092999025,40767.98142361507,42023.49205422571,43317.668002287246,44651.70002376552,46026.81554572761,47444.27979568291,48905.396965704014,50411.511412398395,51964.00889383498,53564.31784456375,55213.91068990149,56914.30520069281,58667.06588979322,60473.805451558816,62336.18624566729,64255.92182663538,66234.77852044009,68274.57704969432,70377.19420887216,72544.56459112526,74778.68236827916,77081.60312564703
Czechia,CZE,H,0.05796895605,32960,2025,projected,,,,,,3380,3530,4200,5170,6010,6200,6140,6150,6380,6380,6680,8130,10280,12480,13990,15830,18480,18790,19420,19600,19650,19600,19080,18340,17660,18350,20700,22440,22190,25500,27210,28540,29570,32960,34870.65679140454,36892.07236237644,39030.66728374059,41293.23432010983,43686.96000557029,46219.447470086714,48898.740589130604,51733.34953323714,54732.27779864322,57905.050804863415,61261.746150037485,64813.02562014884,68570.16905378396,72545.11016999664,76750.47447307597,81199.6193546143,85906.67652025014,90886.59687584508,96155.19801566548,101729.21446340454,107626.35082562399,113865.33802644517,120465.99280210662,127449.2806443589,134837.3823926225
Côte d'Ivoire,CIV,LM,0.041707446375,2780,2025,projected,800,900,810,760,740,760,720,660,670,510,630,710,680,610,550,530,580,710,850,850,880,1000,1080,1120,1020,1140,1240,1860,1880,1880,1870,2010,2120,2120,2300,2440,2510,2520,2780,2895.946700921621,3016.729242654253,3142.549315769197,3273.61702283644,3410.151229267644,3552.379928791887,3700.540624174479,3854.880723814576,4015.657954883875,4183.140793696268,4357.608914027108,4539.353654130739,4728.678503236122,4925.899608332964,5131.346302094588,5345.361652819131,5568.303037307378,5800.542737633866,6042.468562807793,6294.484496361813,6557.011370950104,6830.487571082199,7115.369765166056,7412.133668082767,7721.274835566319
Denmark,DNK,H,0.018987265018,77190,2025,projected,17740,22120,23060,24380,25540,28690,28550,30330,32530,34740,35090,33440,33050,32560,31430,30870,34800,42740,49750,53630,55870,60620,60300,61290,62050,61570,63400,63650,60350,57830,56600,61090,63020,62710,69810,72040,72080,72540,77190,78655.62698677504,80149.08222156619,81670.89408669353,83221.60099701228,84801.75159040322,86411.90492187995,88052.63066138177,89724.50929532213,91428.13233196382,93164.10251069379,94933.03401527145,96735.55269112602,98572.29626677978,100443.91457947543,102351.06980508764,104294.43669239989,106274.70280182964,108292.56874868622,110348.74845104748,112443.96938234306,114578.97282873337,116754.51415137562,118971.3630536695,121230.30385357712,123532.1357611136
Djibouti,DJI,LM,0.059313151242,3960,2025,projected,,,,,,,,,,,,,,,,,,,,,,,,,,,,,2280,2370,2450,2600,2780,2780,2990,3310,3500,3640,3960,4194.880078919786,4443.691635484361,4707.260989534299,4986.463472543856,5282.226334655405,5595.531824139251,5927.420449505918,6278.99443510458,6651.421381683938,7045.938144072492,7463.854938856249,7906.559695695741,8375.52266673337,8872.301309399225,9398.5454588315,9956.002807089464,10546.524707355824,11172.072322404614,11834.723137754096,12536.677861135282,13280.267731189671,14067.962259668891,14902.377432848587,15786.284399394019,16722.618673530345
Dominica,DMA,UM,0.05258790078,10690,2025,projected,2190,2580,2620,2840,3010,3260,3480,3570,3800,3970,4090,4260,4260,4290,4750,4720,5310,5640,5670,6070,6280,6880,7080,7250,7510,7530,7440,7670,7510,8000,8070,8880,9350,8230,8660,9740,9990,9930,10690,11252.164659343425,11843.8923780147,12466.737815244524,13122.33738652897,13812.413563019854,14538.77939701102,15303.34328541045,16108.113983713374,16955.205883649698,17846.844568371827,18785.37265977817,19773.255973335094,20813.089996568047,21907.60670824295,23059.681756154,24272.342012376277,25548.77352583321,26892.329893072907,28306.541069246,29795.12264243434,31361.985595697173,33011.24658248282,34747.238742402675,36574.5230857841,38497.90047691301
Dominican Republic,DOM,UM,0.052423065861,10620,2025,projected,940,920,910,870,1040,1350,1610,1740,1940,2150,2340,2420,2510,2650,2700,2850,2600,2520,3000,3590,4380,4700,4860,5260,5460,5700,5940,6230,6470,6750,6920,7600,7940,7080,8160,9150,9700,10310,10620,11176.7329594478,11762.651567495928,12379.28582532317,13028.245941460867,13711.226536508259,14430.011068271859,15186.47648888424,15982.598146063237,16820.454941310196,17702.234758516784,18630.240177156025,19606.894484976303,20634.74800589924,21716.484759645366,22854.929470477793,24053.054943365725,25313.98982682905,26641.026782735076,28037.631084381042,29507.449665314474,31054.32064252045,32682.28333884355,34395.588830815854,36198.711049434474,38096.35846287585
Ecuador,ECU,UM,0.01717889147,6890,2025,projected,1590,1470,1330,1340,1450,1570,1640,1790,1950,2060,2170,2150,1780,1500,1490,1650,2010,2410,2750,3000,3210,3770,3970,4290,4770,5320,5880,6190,5970,5750,5930,6120,6100,5410,6100,6550,6570,6400,6890,7008.362562230334,7128.75846207137,7251.222630009242,7375.79059659712,7502.498502763687,7631.383110298717,7762.481812518783,7895.832645116184,8031.47429719425,8169.446122492216,8309.788150802935,8452.541099586724,8597.746385784734,8745.446137835253,8895.683207896438,9048.501184279019,9203.944404092586,9362.057966109125,9522.887743847527,9686.480398882888,9852.88339438444,10022.145008886046,10194.31435029326,10369.441370131022,10547.576878036092
"Egypt, Arab Rep.",EGY,LM,0.01244,3260,2025,projected - raised from -3.8% to the 1.244% floor,840,810,760,730,710,720,720,780,880,970,1070,1140,1240,1330,1350,1250,1160,1120,1130,1230,1420,1710,1970,2200,2380,2630,2810,3000,3100,3200,2880,2710,2640,2960,3470,4040,3840,3510,3260,3300.5544,3341.613296736,3383.182966147396,3425.269762246269,3467.880118088613,3511.020546757635,3554.6976423593,3598.91808103025,3643.688621958266,3689.016108415427,3734.907468804115,3781.369717716038,3828.409957004426,3876.035376869561,3924.253256957818,3973.070967474374,4022.495970309755,4072.535820180409,4123.198165783453,4174.4907509658,4226.421415907815,4278.998098321708,4332.22883466483,4386.121761368061,4440.685116079479
El Salvador,SLV,UM,0.047466239883,5410,2025,projected,820,860,850,880,910,1030,1130,1260,1450,1560,1660,1730,1790,1890,1940,1990,2120,2280,2430,2600,2730,2910,2870,2940,3120,3280,3420,3480,3520,3600,3700,3940,4130,3800,4380,4710,4930,5070,5410,5666.792357765635,5935.773683185028,6217.522540720756,6512.644957114964,6821.775724920514,7145.579767905859,7484.753571270547,7840.026679747685,8212.163266815687,8601.963778394604,9010.266654562542,9437.95013299548,9885.934138009601,10355.182259269355,10846.70382441735,11361.5560700842,11900.84641594804,12465.734846735102,13057.436407284888,13677.223816046722,14326.43020262915,15006.451975290507,15718.751824538496,16464.86186929933,17246.386952423705
Equatorial Guinea,GNQ,UM,0.01244,5890,2025,projected - raised from -3.9% to the 1.244% floor,190,220,200,230,230,330,320,230,220,310,760,610,710,660,760,1050,960,1370,3080,6420,9200,11310,9950,7920,9030,11430,12400,12620,9920,6970,6630,6270,5570,6140,5980,5210,6230,6050,5890,5963.2716,6037.454698704,6112.560635155878,6188.600889457217,6265.587084522064,6343.530987853519,6422.444513342417,6502.339723088397,6583.228829243616,6665.124195879406,6748.038340876146,6831.983937836646,6916.973818023333,7003.020972319544,7090.138553215199,7178.339876817196,7267.638424884803,7358.047846890369,7449.581962105685,7542.25476171428,7636.080410950006,7731.073251262224,7827.247802507926,7924.618765171125,8023.201022609854
Eritrea,ERI,L,,,,frozen - only 0 of 10 annual rates,,,,,,,,310,300,310,330,330,320,310,320,310,310,350,410,440,450,440,520,550,650,,,,,,,,,,,,,,,,,,,,,,,,,,,,,,,,,,,,,,,
Estonia,EST,H,0.042816116082,32310,2025,projected,,,,,,,,,3020,3370,3640,3820,3840,4170,4310,4620,5730,7500,9730,11500,13430,15190,14570,14580,15900,16910,18370,19210,18900,18640,19140,21600,23490,23580,26490,27580,27650,28880,32310,33693.38871060559,35136.00875283084,36640.396182246055,38209.19563847123,39845.16499432334,41551.180204022014,43330.2403589766,45185.47296004238,47120.13941551428,49137.64077452338,51241.52370591518,53435.48673312013,55723.38673597725,58109.245730940434,60597.25794158696,63191.797171857674,65897.42449499066,68718.8962716652,71661.1725114516,74729.42559226566,77929.04935315644,81265.66857641187,84745.14887565124,88373.60700728747,92157.42162348608
Eswatini,SWZ,LM,0.017842276546,3730,2025,projected,,,,1220,1260,1440,1450,1470,1740,1840,1870,1670,1670,1600,1620,1470,1600,2020,2880,3090,3250,3160,3120,3260,3620,4010,4120,3890,3540,3270,3290,3460,3680,3430,3620,3650,3750,3440,3730,3796.551691515931,3864.290816716483,3933.238562121835,4003.41649226792,4074.846556451086,4147.551095593093,4221.552849228609,4296.874962617367,4373.540993983223,4451.574921882378,4531.001152703068,4611.844528299053,4694.13033375932,4777.884305316405,4863.132638395822,4949.901995809114,5038.219516093077,5128.112821997788,5219.61002912607,5312.739754727105,5407.531126646951,5504.013792438748,5602.217928635481,5702.174250188181,5803.914020072527
Ethiopia,ETH,L,0.055948,1110,2025,projected - cut from 7.7% to the L p90 cap of 5.59%,290,280,260,260,250,230,220,170,150,150,150,130,130,120,120,120,110,130,160,180,210,270,330,370,380,400,450,530,570,620,670,730,790,820,880,960,1030,1100,1110,1172.10228,1237.67905836144,1306.924726318646,1380.044550906721,1457.25528344085,1538.785802038798,1624.877790091265,1715.786452691291,1811.781273146463,1913.146811816461,2020.183549643968,2133.208778879449,2252.557543640196,2378.583633091777,2511.660630195996,2652.183019134201,2800.567354688721,2957.253497048846,3122.705915701734,3297.415066273415,3481.898844401279,3676.704120947842,3882.408363106631,4099.62134620572,4328.986961283237
Faeroe Islands,FRO,H,0.01244,73120,2024,projected - raised from 0.9% to the 1.244% floor,,,,,,,,,,,,,,,,,,,,,,,,49050,53420,56500,59530,60440,57670,57410,57920,62900,66020,64210,70050,72970,73420,73120,,74029.6128,74950.54118323201,75882.92591555142,76826.90951394087,77782.6362682943,78750.25226347188,79729.90540162947,80721.74542482574,81725.92393791057,82742.59443169818,83771.91230642851,84814.03489552048,85869.12148962075,86937.33336095164,88018.83378796188,89113.78808028412,90222.36360400287,91344.72980723667,92481.0582460387,93631.52261061942,94796.29875189552,95975.5647083691,97169.5007333412,98378.28932246397,99602.11524163542
Fiji,FJI,UM,0.032937056796,6230,2025,projected,1700,1710,1690,1690,1690,1890,2000,2150,2390,2600,2520,2230,2280,2150,2050,2050,2270,2820,3320,3350,3510,3730,3620,3450,3570,3910,4460,4740,4820,5010,5120,5690,5570,4560,4380,5250,5670,5820,6230,6435.197863838944,6647.154341373564,6866.092041447018,7092.240904982572,7325.838446480742,7567.130003470639,7816.368994177502,8073.817183677049,8339.744958816163,8614.431612188664,8898.165635464391,9191.245022379702,9493.977581707573,9806.68126053602,10129.68447819435,10463.326471177974,10807.957649434024,11163.939964381958,11531.647289055696,11911.465810766511,12303.79443669908,12709.045212866677,13127.64375686552,13560.029704882767,14006.657173427642
Finland,FIN,H,0.012806261104,55250,2025,projected,16460,21520,24090,25980,25070,24150,20660,20150,22010,24940,26670,25810,26040,26470,25840,25610,28790,35370,40230,42830,46190,50160,48950,49750,50200,48820,49390,49210,46860,45160,44520,47900,49590,49630,52810,54120,52870,51710,55250,55957.54592601578,56674.152869903446,57399.93686942373,58135.015448347236,58879.50763548466,59633.53398396072,60397.216590734926,61170.67911637234,61954.046805067504,62747.44650492482,63551.00668849862,64364.85747359634,65189.130644348006,66023.95967254564,66869.47973925585,67725.82775670935,68593.14239047054,69471.56408189132,70361.23507085217,71262.29941879462,72174.90303204863,73099.19368545877,74035.32104631279,74983.43669857684,75943.69416744092
France,FRA,H,0.016692097066,48630,2025,projected,14350,18400,19360,20470,21270,23660,23460,24260,25660,27020,26890,25740,25340,24950,23800,23040,25900,31340,35870,37920,40200,43580,44090,44040,44610,43500,43950,43470,41130,39020,38120,40960,42720,39690,44300,46010,45770,45160,48630,49441.73668031731,50267.02294809448,51106.08497436059,51959.15270541348,52826.459925836934,53708.244322569706,54604.74755004398,55516.2152964112,56442.89735087327,57385.04767213769,58342.924458015375,59316.790216180154,60306.91183610943,61313.56066222567,62337.01256825876,63377.54803284969,64435.452216416146,65511.01503930117,66604.53126122632,67716.30056207105,68846.62762400041,69995.82221496377,71164.19927358716,72352.07899548273,73559.78692099886
French Polynesia,PYF,H,0.01244,24100,2024,projected - raised from 0.9% to the 1.244% floor,12330,14340,14790,15190,16110,21490,21190,21230,22180,22970,21960,20520,19810,19380,,,,,24320,25170,25940,27720,27530,26220,25270,24050,24290,23990,23060,22170,22220,23700,24530,22170,23460,24150,24370,24100,,24399.804,24703.33756176,25010.647081028295,25321.77953071629,25636.7824680784,25955.704041981295,26278.593000263543,26605.49869718682,26936.471100979823,27271.56080147601,27610.819017846374,27954.297606428383,28302.04906865235,28654.126559066386,29010.58389346117,29371.47555709583,29736.856713026104,30106.78321053615,30481.31159367522,30860.49910990054,31244.4037188277,31633.084101089917,32026.599667307477,32425.01056716878,32828.37769862436
Gabon,GAB,UM,0.02690405274,8090,2025,projected,3310,4010,4420,4650,4990,4940,4280,3990,3770,3960,4130,3810,3160,2980,3290,3460,3700,4110,5240,5450,6240,6920,7170,7420,7680,8610,8870,8880,7610,7180,6240,6690,7040,6820,7000,7150,7660,7870,8090,8307.653786666464,8531.163342288459,8760.686210782798,8996.384174636141,9238.4233689397,9486.974398491946,9742.212458051843,10004.31745582739,10273.474140286504,10549.872230379624,10833.70654926584,11125.177161636788,11424.48951473512,11731.854583166938,12047.489017610274,12371.615297524428,12704.461887967806,13046.263400634796,13397.260759225186,13757.701369262686,14127.839292482267,14507.935425909216,14898.257685756147,15299.081196267589,15710.688483645255
"Gambia, The",GMB,L,0.053201506591,930,2025,projected,290,270,270,280,360,470,630,620,620,630,620,600,580,560,510,410,360,430,480,600,650,750,820,830,710,710,680,600,590,590,620,680,720,720,760,830,870,880,930,979.477401129944,1031.587074542224,1086.46906108802,1144.270852002779,1205.147785277879,1269.263463119876,1336.790191619192,1407.909443809855,1482.812347364711,1561.70019823675,1644.785001626935,1732.290041732323,1824.450481805653,1921.513996139005,2023.741435669941,2131.407528998897,2244.801620701758,2364.228448921766,2490.008964330505,2622.481192658823,2762.001143115719,2908.94376513647,3063.703956031207,3226.697622241908,3398.362797059862
Georgia,GEO,UM,0.090712,8990,2025,projected - cut from 10.4% to the UM p90 cap of 9.07%,,,,1640,1330,750,540,510,550,670,820,870,840,790,780,840,990,1210,1520,1910,2380,2820,2950,3220,3580,4250,4680,4850,4500,4180,4130,4580,4780,4330,4760,5690,6710,7870,8990,9805.50088,10694.97747582656,11665.140272613737,12723.308477023073,13877.465235590787,15136.317862041698,16509.363527943224,18006.960912290007,19640.408350565656,21422.029072862166,23365.264174119635,25484.774017882373,27796.548838592516,30318.029376838917,33068.238457670726,36067.92450464295,39339.71807230812,42908.30257808333,46800.60052154642,51045.976596056935,55676.459225038445,60726.98219426013,66235.64820306585,72244.01632286236,78797.41553154185
Germany,DEU,H,0.018191236297,60200,2025,projected,14280,18670,19810,21360,22950,25890,26080,27630,29650,31020,30270,28070,27020,26380,24990,23920,26470,32080,36310,38890,41130,44360,44470,45530,48200,47480,48160,48610,46590,45340,44730,48770,50350,48540,52850,55200,55420,55090,60200,61295.11242507718,62410.146299050684,63545.464017704755,64701.434569250996,65878.43365425275,67076.84380773107,68297.054523492,69539.46238071541,70804.4711728468,72092.49203883357,73403.94359674893,74739.25207984634,76098.85147508912,77483.18366419997,78892.69856727643,80327.85428901884,81789.1172676184,83276.96242635368,84791.8733279448,86334.34233171563,87904.87075361477,89503.96902914779,91132.15687927308,92789.96347931586,94477.92763095468
Ghana,GHA,LM,0.028696936324,2630,2025,projected,400,420,380,380,400,420,400,370,360,370,380,380,390,330,290,270,310,370,450,570,770,1120,1160,1200,1350,1490,1790,1830,1880,1760,1830,2060,2170,2120,2250,2270,2310,2260,2630,2705.472942531037,2783.111727288041,2862.978507307458,2945.137219227462,3029.653634471862,3116.595411902829,3206.032151984592,3298.03545250147,3392.678965874841,3490.038458124929,3590.191869524614,3693.219376993826,3799.20345828446,3908.228958007206,4020.383155553143,4135.755834964479,4254.439356810363,4376.528732125318,4502.121698469473,4631.318798171496,4764.223458816861,4900.942076045874,5041.584098727757,5186.262116578962,5335.091950295867
Gibraltar,GIB,H,,,,frozen - only 0 of 10 annual rates,,,,,,,,,,,,,,,,,,,,,,,,,,,,,,,,,,,,,,,,,,,,,,,,,,,,,,,,,,,,,,,,
Greece,GRC,H,0.0282666491,25360,2025,projected,6020,7450,8150,8810,9670,11000,10940,11390,12180,13130,13810,13540,13140,13100,12840,12980,15460,19280,22430,24160,25960,28330,29030,27320,24470,22750,22030,21670,19920,18500,17890,19060,19770,18030,20350,21980,22300,22730,25360,26076.84222116611,26813.947169857704,27571.887605483553,28351.25247744164,29152.64738275593,29976.695036648955,30824.03575641593,31695.32795897637,32591.24867248981,33512.49406243321,34459.77997254877,35433.842481082575,36435.43847274619,37465.34622684573,38524.36602203538,39613.32075816519,40733.05659570654,41884.44361325193,43068.37648360013,44285.77516895195,45537.585635756936,46824.78058976631,48148.360231863466,49509.35303525916,50908.81654465554
Greenland,GRL,H,,,,frozen - only 0 of 10 annual rates,11470,15170,16970,15690,16510,17440,16600,17830,19470,20780,20540,20440,19740,20290,19380,18760,20440,25740,30920,30240,34800,,,,,,,,,,,,,,,,,,,,,,,,,,,,,,,,,,,,,,,,,,,
Grenada,GRD,UM,0.063955793672,11660,2025,projected,2240,2490,2620,2730,2910,3010,2990,3100,3200,3380,3530,3840,4140,4410,4310,4450,5050,5110,6340,6120,6500,6910,6390,6610,6730,6700,7040,7170,7410,8000,8400,9220,9400,8390,8890,9980,10100,10790,11660,12405.724554219425,13199.142514164902,14043.304149452577,14941.454812112812,15897.047413240814,16913.75569760137,17995.488367221442,19146.40410826836,20370.92757898392,21673.76642013949,23059.929353408315,24534.74543723352,26103.884554220487,27773.379208816663,29549.647719079258,31439.518891690874,33450.25827508533,35589.596091613006,37865.756956129946,40287.49149526298,42864.109988909964,45605.51816330896,48522.25527328147,51625.53462005583,54927.2866604401
Guam,GUM,H,,,,frozen - only 0 of 10 annual rates,,,,,,,,,,,,,,,,,,,,,,,,,,,,,,,,,,,,,,,,,,,,,,,,,,,,,,,,,,,,,,,,
Guatemala,GTM,UM,0.057591699405,6360,2025,projected,1020,990,980,930,970,1030,1140,1230,1350,1430,1520,1600,1640,1660,1590,1590,1660,1830,1980,2130,2340,2570,2610,2690,2850,3090,3300,3460,3610,3760,3980,4270,4490,4360,4800,5220,5470,5780,6360,6726.283208215023,7113.661288854619,7523.349131470449,7956.631593168043,8414.86752815713,8899.494049370622,9412.031035517473,9954.085897704375,10527.358620575298,11133.64709377882,11774.85275048372,12452.986530626276,13170.175187591096,13928.66795810442,14730.843616257924,15579.217933785712,16476.45156999138,17425.35841606935,18428.914419989873,19490.266919624148,20612.744513379974,21799.867499304095,23055.35891539018,24383.1562157169,25787.423619034642
Guinea,GIN,LM,0.074681,1730,2025,projected - cut from 7.5% to the LM p90 cap of 7.47%,730,590,580,600,610,660,700,700,710,730,720,670,640,580,530,500,500,550,530,500,530,610,660,680,670,680,680,730,740,760,800,860,970,1030,1120,1280,1340,1440,1730,1859.19813,1998.04490554653,2147.26089713765,2307.620488196787,2479.955893875812,2665.161479986351,2864.198404473212,3078.099605517676,3307.975162157342,3555.018055242414,3820.510358625973,4105.82989271852,4412.457374936632,4741.984104154274,5096.120219036619,5476.703573114493,5885.709272658257,6325.259926849648,6797.636663446707,7305.29096710957,7850.85740182428,8437.167283449919,9067.263373345242,9744.415669330037,10472.138375931274
Guinea-Bissau,GNB,L,0.055641541557,1090,2025,projected,450,480,540,590,650,630,590,570,590,630,630,460,500,410,350,330,360,410,470,470,480,540,590,620,660,630,660,660,670,670,710,750,850,860,910,960,970,980,1090,1150.649280297167,1214.673180044394,1282.259468270049,1353.606361760698,1428.923106390472,1508.430590796504,1592.361994200209,1680.963470274343,1774.494869061469,1873.230499061097,1977.45993172051,2087.488850688706,2203.639948324148,2326.253872085567,2455.690223581429,2592.328613208038,2736.569773469342,2888.836734243561,3049.576063443461,3219.259176708888,3398.3837199726,3587.475028954204,3787.087669862583,3997.807065825375,4220.251213815503
Guyana,GUY,H,0.06237745098,28470,2025,projected,450,460,350,390,330,390,470,570,670,830,880,860,850,870,860,870,910,1010,1070,1450,2250,3820,4160,4520,4860,5350,5610,5640,5530,5610,5870,6100,6380,8090,7810,14680,17770,26400,28470,30245.88602941177,32132.547302569932,34136.89369681112,36266.26611000682,38528.463346525634,40931.770680273374,43484.990199422784,46197.473043970116,49079.153654188354,52140.58615541163,55392.983012409735,58848.25609492403,62519.060304766725,66418.8399242675,70561.877855818,74963.34793285372,79639.3704938614,84607.07142295153,89884.64487323124,95491.4199027012,101447.93126673,107775.99462638266,114498.78644805287,121640.92888703069,129228.57996589084
Haiti,HTI,LM,0.019024247001,2010,2025,projected,350,390,380,430,460,400,320,260,310,370,400,410,460,560,650,740,690,680,710,800,900,1010,1160,1140,1260,1320,1410,1460,1430,1380,1370,1430,1410,1340,1450,1610,1740,1730,2010,2048.23873647118,2087.204936109979,2126.91243835538,2167.375345931274,2208.608029855254,2250.6251345427,2293.441583007971,2337.072582164532,2381.53362822593,2426.840512209505,2473.00932554481,2520.05646578873,2567.998642449322,2616.852882920451,2666.636538529328,2717.367290699101,2769.063157228677,2821.742498692022,2875.424024959193,2930.126801841439,2985.870257862712,3042.674191159999,3100.558776514939,3159.544572519198,3219.652528876168
Honduras,HND,LM,0.054840538152,3270,2025,projected,1100,1160,1060,950,880,800,810,880,920,910,970,960,1010,1060,1050,1070,1130,1210,1290,1360,1490,1620,1670,1730,1860,1950,1990,1980,2030,2090,2210,2280,2330,2120,2440,2700,2870,3020,3270,3449.328559758598,3638.491594240467,3838.028431331877,4048.507975950622,4270.530332066348,4504.728513673341,4751.770249593993,5012.359887258655,5287.240400889807,5577.19550981612,5883.051912956012,6205.681645841476,6546.004566902369,6904.990980099865,7283.664401386538,7683.104476880612,8104.450061074447,8548.902463853641,9017.728875584407,9512.265980034585,10033.923765429176,10584.189544506236,11164.632195034774,11776.906632884946,12422.758530403828
"Hong Kong SAR, China",HKG,H,0.044879468297,62500,2025,projected,9080,10770,11550,12660,14320,16560,19560,21820,23570,24140,26080,25110,25800,26930,26350,25270,26340,28120,28890,30290,32070,33950,32350,33620,35690,36340,38570,40240,41180,42970,46380,50050,50480,48550,54380,54000,54870,57410,62500,65304.96676855437,68235.81895427185,71298.20622774104,74498.03181376263,77841.46387072759,81334.94738069584,84985.21657309536,88799.30790599021,92784.57362994108,96948.6959606046,101299.70188739142,105845.97864672897,110596.28988975601,115559.79257561475,120746.0546229049,126165.07335332569,131827.2947630585,137743.6336590393,143925.4946989358,150384.794375388,157133.98398688954,164186.07363959,171554.65732628552,179253.9391309409,187298.760609257
Hungary,HUN,H,0.05598979638,23850,2025,projected,2520,2840,2910,3020,2910,3320,3670,4040,4260,4380,4410,4420,4500,4630,4790,5300,6630,8650,10380,11230,11770,13250,13400,13250,13260,13080,13560,13630,13310,13230,13310,15180,16840,16330,18070,19200,19820,20800,23850,25185.356643661242,26595.47963389566,28084.555123223952,29657.00364599408,31317.49324137202,33070.95331108616,34922.589253063925,36877.897914402776,38942.683909549894,41123.076852133425,43425.54955160044,45856.937228680945,48424.45780672185,51135.73333912854,53998.812636524555,57022.195160801355,60214.85625699104,63586.2737978665,67146.45632036729,70905.97273737827,74875.98371306468,79068.27479490584,83495.29140078467,88170.17576499721,93106.80595286172
Iceland,ISL,H,0.071689,89220,2025,projected - cut from 7.2% to the H p90 cap of 7.17%,19480,23940,24680,25300,25760,27030,26610,26170,25990,27750,28690,29550,30720,32170,31120,31080,33810,42100,51760,55160,63250,52520,43740,38480,39690,43190,49540,50800,53170,59210,62770,72840,75560,66730,68000,74620,80870,80910,89220,95616.09258000001,102470.71464096765,109816.73770286399,117689.38981204462,126126.4244782803,135168.30172270376,144858.3821049027,155243.13465962108,166372.35974023468,178299.4278376524,191081.53551990588,204779.97971979243,219460.45168592467,235193.35200683694,252054.1282188551,270123.63661673665,289488.5300021539,310241.67322947836,332482.58854162646,356317.93283158715,381862.00911835086,409237.31469003635,438575.12854285043,470016.14093295886,503711.1280603018
India,IND,LM,0.064409156371,2760,2025,projected,360,400,390,390,350,350,330,340,370,400,410,410,440,440,450,460,510,610,700,780,910,990,1110,1210,1350,1460,1500,1540,1580,1670,1790,1970,2070,1900,2170,2360,2490,2550,2760,2937.769271583416,3126.988511978171,3328.395204015876,3542.774331175164,3770.961437058291,4013.845881926045,4272.374308983322,4547.554333925229,4840.458472123741,5152.228318761136,5484.0789982023,5837.303899947347,6213.279719622951,6613.471824659683,7039.439965568086,7492.844355073239,7975.452138801237,8489.14428273714,9035.92290429826,9617.919075595724,10237.401129297496,10896.78349946505,11598.636131820876,12345.694500123369,13140.870267687973
Indonesia,IDN,UM,0.04788425837,5120,2025,projected,500,510,520,560,600,650,730,840,970,1070,1080,640,560,570,700,780,880,1060,1200,1350,1570,1900,2110,2490,2960,3520,3670,3570,3390,3370,3490,3810,4020,3850,4130,4520,4810,4920,5120,5365.167402855132,5622.074464972515,5891.283331229442,6173.383064393748,6468.990934067043,6778.753767348021,7103.349364171293,7443.487980418661,7799.913882048081,8173.406973640936,8564.784504931085,8974.902859049802,9404.659426399476,9854.994568256388,10326.893674399133,10821.389319265054,11339.563521352646,11882.550110813743,12451.537210416118,13047.769835305131,13672.552617253039,14327.252659356956,15013.30252743192,15732.20338464459,16485.528276246547
"Iran, Islamic Rep.",IRN,UM,0.01244,4650,2025,projected - raised from 1.2% to the 1.244% floor,3320,2850,2440,2450,2460,2270,1590,1300,1270,1600,1790,1770,1730,1750,1780,1880,2180,2450,2850,3330,4070,4720,5260,5910,6680,7310,7220,6660,5460,5530,5640,5390,4710,3980,4110,4390,5070,5130,4650,4707.846,4766.41160424,4825.705764596746,4885.737544308329,4946.516119359525,5008.050779884357,5070.350931586118,5133.42609717505,5197.285917823908,5261.940154641637,5327.39869016538,5393.671529871037,5460.768803702633,5528.700767620694,5597.477805169896,5667.11042906621,5737.609282803794,5808.985142281873,5881.24891745186,5954.411653984961,6028.484534960534,6103.478882575443,6179.406159874682,6256.277972503523,6334.106070481467
Iraq,IRQ,UM,0.01244,5690,2025,projected - raised from 1.1% to the 1.244% floor,3480,3660,3650,7000,70,50,40,60,120,380,730,890,1240,1530,1660,1330,790,1310,1510,1880,2480,3470,4010,4390,4740,5980,6620,6440,5460,5060,4430,4820,5520,4720,4740,5510,5920,6030,5690,5760.7836,5832.447747984,5905.003397968921,5978.461640239654,6052.833703044235,6128.130954310106,6204.364903381724,6281.547202779792,6359.689649982373,6438.804189228154,6518.902913342153,6599.998065584129,6682.102041519996,6765.227390916504,6849.386819659506,6934.59319169607,7020.859531000769,7108.199023566418,7196.625019419585,7286.151034661164,7376.790753532349,7468.558030506292,7561.466892405791,7655.531540547318,7750.766352911727
Ireland,IRL,H,0.037474956725,87360,2025,projected,8220,10420,11100,12560,13130,14440,14600,15480,16920,18880,20650,21430,22690,24130,24080,24920,29980,37840,44640,47950,50540,50940,46810,44970,42670,41070,44170,47580,52340,52880,54410,59110,62460,64420,74070,75970,79280,80650,87360,90633.81221947033,94030.31041019013,97554.09222362269,101209.92760802094,105002.76526524217,108937.73934953159,113020.1764173426,117255.60263760117,121649.75127217462,126208.57043667062,130938.23115207188,135845.13569810535,140935.92627965368,146217.49401794007,151696.98827865734,157381.8263496683,163279.70348137734,169398.6033033648,175746.80863138405,182332.91267935038,189165.83069149865,196254.81201045564,203609.4525975628,211239.70802239756,219155.90693907646
Isle of Man,IMN,H,0.01244,87030,2023,projected - raised from 0.1% to the 1.244% floor,7930,10360,11430,12410,13120,14420,13920,13740,14170,15490,17210,18970,21680,22470,23100,24130,27590,33670,39430,44860,47950,43640,46790,72410,74840,82400,87680,88570,83630,78690,77890,83430,84470,79280,76440,78440,87030,,,88112.6532,89208.77460580801,90318.53176190426,91442.09429702236,92579.63395007732,93731.32459641628,94897.34227439569,96077.86521228918,97273.07385553006,98483.15089429286,99708.28129141786,100948.6523106831,102204.453545428,103475.87694753312,104763.11685676043,106066.37003045854,107385.83567363744,108721.7154694175,110074.21360985705,111443.53682716367,112829.89442529359,114233.49831194425,115654.56303094483,117093.30579504979,118549.94651914021
Israel,ISR,H,0.043879573303,56180,2025,projected,9000,11050,11590,12860,13660,15270,15670,16620,18050,19560,20070,19830,19500,20360,20360,19550,19650,20960,22490,23340,25080,27300,28440,30770,32820,33500,35470,37000,36900,37240,38600,41960,44110,43330,49640,55460,54480,53090,56180,58645.1544281854,61218.47878080658,63904.71950799205,66708.83133207665,69635.98638649711,72691.58375569846,75881.25943364738,79210.89671932095,82686.637068345,86314.89142079765,90102.35202607216,94056.00478660957,98183.1421432692,102491.3765261036,106988.65439534785,111683.2708985214,116583.88517067733,121699.53630602005,127039.66003035069,132614.10610509236,138433.15649499654,144507.54433304074,150848.47371749775,157467.64037769174,164377.2532465592
Italy,ITA,H,0.01244,42080,2025,projected - raised from 1.0% to the 1.244% floor,12190,15990,17340,18710,20410,23010,21640,20910,20720,21880,22370,22270,22050,21980,21260,20830,23440,28390,32480,34260,35880,37870,37830,37720,37710,35970,35700,35370,33460,32400,31790,34270,35030,32600,36760,39060,38750,38640,42080,42603.4752,43133.462431488,43670.04270413571,44213.29803537516,44763.31146293523,45320.16705753414,45883.94993572986,46454.746272930344,47032.6433165656,47617.729399423675,48210.09395315251,48809.82752192973,49417.021776302536,50031.769527199736,50654.1647401181,51284.302549485175,51922.27927320077,52568.19242735939,53222.140741155745,53884.22417197572,54554.5439206751,55233.2024470483,55920.30348548958,56615.95206084907,57320.25450448603
Jamaica,JAM,UM,0.060028865108,7790,2025,projected,1190,1510,1720,1800,1760,1630,1860,1900,2330,2560,2800,2940,3170,3300,3300,3320,3500,3730,3870,4170,4400,4660,4420,4490,4700,5100,5150,5060,4940,4990,5300,5610,5930,5360,5690,6340,6860,7190,7790,8257.624859194593,8753.320707983123,9278.772616013383,9835.766805751753,10426.196724572103,11052.069481345294,11715.512669409858,12418.78159911785,13164.266964542227,13954.502970407964,14792.175946873633,15680.133481448527,16621.394099088426,17619.157523376496,18676.81555367127,19797.963595197445,20986.412881274966,22246.203429234632,23581.617774062634,24997.195526460164,26497.748804806844,28088.378593487396,29774.49208319009,31561.821052123632,33456.44135063766
Japan,JPN,H,0.01244,38340,2025,projected - raised from -0.7% to the 1.244% floor,18770,25750,28050,28990,29660,31650,34780,38380,43580,44730,41610,35530,34750,37330,37890,35880,36120,39430,41690,41030,39770,39820,39540,44290,47800,50540,49350,45180,40140,39220,39700,42720,42960,41880,45160,44300,40740,37170,38340,38816.9496,39299.832453024,39788.72236873962,40283.69407500674,40784.82322929982,41292.18643027231,41805.8612294649,42325.92614315944,42852.46066438035,43385.54527504524,43925.2614582668,44471.691710807645,45024.919555690096,45585.02955496288,46152.107322626616,46726.23953772009,47307.513957569325,47896.01943120149,48491.84591292563,49095.084476082426,49705.82732696489,50324.167818912334,50950.200466579605,51584.02096038385,52225.72618113103
Jordan,JOR,UM,0.02306547619,5260,2025,projected,2160,2200,1580,1260,1040,1200,1230,1290,1370,1380,1390,1410,1460,1590,1650,1680,1800,2050,2240,2340,2500,3010,3510,3950,4140,4400,4510,4380,4220,4200,4300,4480,4580,4460,4650,4810,4890,4880,5260,5381.324404761905,5505.44721469317,5632.4329763416,5762.347725051861,5895.259019305289,6031.235975851766,6170.349305651919,6312.671350648356,6458.276121385037,6607.239335494365,6759.638457071988,6915.55273695981,7075.06325395814,7238.252956988425,7405.206708228487,7576.011327242686,7750.755636129981,7929.530505713337,8112.428902794523,8299.545938498863,8490.978917735072,8686.827389795926,8887.193200126041,9092.180543283712,9301.896017124334
Kazakhstan,KAZ,UM,0.054418334251,13740,2025,projected,,,,,,,1350,1240,1210,1270,1330,1340,1250,1220,1290,1450,1720,2180,2780,3670,4740,5870,6580,7210,8030,9640,11490,11720,11040,8500,7780,7800,8500,8380,8540,9400,10710,12100,13740,14487.707912612448,15276.10484433576,16107.405023812265,16983.943174318665,17908.18107088331,18882.714454230903,19910.280320972524,20993.76461051569,22136.21031028321,23340.82600200461,24610.99487308243,25950.284218342116,27362.45545885131,28851.474705946563,30421.52390013682,32077.01255616746,33822.59014723116,35663.159163106895,37603.88887890108,39650.22987306073,41807.92933543263,44083.04720836167,46481.9732061608,49011.44476075223,51678.565943880494
Kenya,KEN,LM,0.055555555556,2200,2025,projected,390,420,410,390,360,340,280,270,280,350,400,450,450,430,410,390,420,460,520,590,710,830,830,930,1010,1060,1130,1250,1320,1490,1540,1720,1880,1910,2070,2170,2110,2070,2200,2322.222222222222,2451.234567901235,2587.41426611797,2731.159503124524,2882.890586631442,3043.051174777633,3212.10957337639,3390.560105230635,3578.924555521226,3777.753697494627,3987.628902910995,4209.163841961607,4443.00627762614,4689.839959716482,4950.386624145175,5225.408103264352,5515.708553445705,5822.136806414911,6145.58885121574,6487.010454061059,6847.399923731118,7227.811030605069,7629.356087860907,8053.20920385318,8500.609715178356
Kiribati,KIR,LM,0.044046291872,3930,2025,projected,480,600,590,610,830,1020,1080,1180,1290,1200,1440,1540,1340,1370,1340,1220,1200,1430,1620,1670,1790,1860,1850,2030,2110,2630,3040,3260,3490,2990,3130,3280,3610,3070,3150,3280,3710,3580,3930,4103.101927058449,4283.828352119786,4472.515106048427,4669.51281181306,4875.187536023991,5089.921469168287,5314.113635806762,5548.180636052495,5792.557419708744,6047.69809450475,6314.076769931336,6592.18843824434,6882.549894272972,7185.70069574233,7502.204165894554,7832.648440271722,8177.647559605664,8537.842610845502,8913.902918443237,9306.527288111038,9716.445305361436,10144.418691243392,10591.242717793515,11057.747685832657,11544.800467853966
"Korea, Dem. Rep.",PRK,L,,,,frozen - only 0 of 10 annual rates,,,,,,,,,,,,,,,,,,,,,,,,,,,,,,,,,,,,,,,,,,,,,,,,,,,,,,,,,,,,,,,,
"Korea, Rep.",KOR,H,0.030594443385,37880,2025,projected,3630,4660,5550,6660,7810,8580,9310,10440,12230,13790,14030,10720,10820,11460,12390,13320,14290,16790,19230,21610,24390,24840,22960,23250,24590,26780,28210,29480,30130,30850,31940,34610,35790,35000,37450,38590,38020,36750,37880,39038.91751541738,40233.29146714788,41464.20662512491,42732.7809472142,44040.16659458011,45387.55097811649,46776.15783689258,48207.248349593276,49682.12227996337,51202.11915729593,52768.61949303716,54383.04603461254,56046.86505761312,57761.58769751549,59528.77132214505,61350.02094612893,63226.99068862343,65161.38527563972,67154.9615883324,69209.53025865709,71326.95731384629,73509.16587119698,75758.13788470942,78075.91594516333,80464.6051352664
Kosovo,XKX,UM,0.090023641826,7760,2025,projected,,,,,,,,,,,,,,,,,,,,,,,,3130,3400,3540,3800,3900,3930,3930,3950,4300,4640,4450,5140,5610,6290,6920,7760,8458.58346057233,9220.055948385023,10050.07896270117,10954.823671565728,11941.016794045374,13015.99061295472,14187.737489910243,15464.969288027934,16857.182144068574,18374.727071607427,20028.886920158406,21831.960262438835,23797.352833471323,25939.677201366572,28274.861410833044,30820.26740717103,33594.820121225945,36619.14817503921,39915.73725433429,43509.09728815243,47425.94467860806,51695.40093563047,56349.20919352825,61421.97021916344,66951.399666441
Kuwait,KWT,H,0.055138662316,41110,2024,projected,14700,13830,16600,16460,12450,16200,18590,18550,19590,19620,20550,19540,17330,18810,19550,19640,23150,29080,35740,42460,47510,51800,45410,42850,44350,50830,53530,51350,41830,34920,30650,32340,35680,33150,35990,39120,42040,41110,,43376.75040783034,45768.48640095377,48292.099517352195,50954.86128519314,53764.44417498029,56728.94370697757,59856.901777606996,63157.331272032956,66639.7420338514,70314.16826671302,74191.1974468352,78282.00082971127,82598.36563891883,87152.729029776,91958.21392570817,97028.66683058407,102378.69772597353,108023.72216828658,113980.00570709258,120264.710752606,126895.94602738263,133892.81874471626,141275.48966408233,149065.23118226498,157284.48862755136
Kyrgyz Republic,KGZ,LM,0.074681,2800,2025,projected - cut from 7.5% to the LM p90 cap of 7.47%,,,,,,510,450,370,360,390,390,360,300,280,280,290,340,400,450,500,610,760,860,850,870,1030,1180,1230,1160,1090,1090,1200,1240,1210,1270,1540,1840,2260,2800,3009.1068,3233.8299049308,3475.335556060938,3734.877090723124,4013.801446735418,4313.556152579065,4635.696839609823,4981.895315288724,5353.948239329801,5753.78644779119,6183.484973498684,6645.273814804539,7141.549508567957,7674.88756741732,8248.055845839614,8864.028904462763,9526.003447076946,10237.4149105081,11001.955293439754,11823.592316709128,12706.590014513282,13655.530863387148,14675.339563795764,15771.308597759595,16949.12569514888
Lao PDR,LAO,LM,0.018267996445,2150,2025,projected,430,250,210,190,210,240,270,310,350,380,370,300,280,280,300,310,330,380,450,500,600,740,880,990,1130,1350,1590,1810,1960,2110,2240,2460,2520,2470,2500,2300,2110,2000,2150,2189.276192357065,2229.269882056488,2269.994176337169,2311.462421881,2353.688209187012,2396.685377025424,2440.468016973059,2485.050478031617,2530.447371330308,2576.673574914401,2623.744238621241,2671.674789045348,2720.480934594216,2770.178670636472,2820.784284744081,2872.314362030311,2924.785790585225,2978.215767010451,3032.621802055078,3088.021726354494,3144.433696274074,3201.876199859608,3260.368062896443,3319.928455079305,3380.576896294835
Latvia,LVA,H,0.04361143333,24980,2025,projected,,,,,,,,,,,2640,2790,2910,3240,3520,3850,4530,5610,7120,8590,10730,12830,13360,12250,12470,13430,14340,14810,14580,14300,14360,16010,17010,17350,19310,20630,21000,21520,24980,26069.413604592366,27206.338097970598,28392.845498093448,29631.098186592735,30923.352849662646,32271.964590816875,33679.39122300899,35148.19774793833,36681.06103070481,38280.77467833222,39950.2541310508,41692.54197561802,43510.81349036088,45408.38243204544,47388.70707512003,49455.396514338536,51612.21724225008,53863.10001354248,56212.14700874954,58663.63931037796,61222.04470507874,63892.02582608254,66678.44865073831,69586.39136864175,72621.15363651553
Lebanon,LBN,LM,0.01244,3560,2024,projected - raised from -4.0% to the 1.244% floor,,,,1020,1350,1580,1880,2280,2820,3330,3560,3750,3950,4090,4040,3940,3670,4700,4910,4870,5320,5860,6620,7340,7720,8000,7880,7440,7360,7670,8260,8700,8630,6350,4770,4130,3710,3560,,3604.2864,3649.123722816,3694.518821927831,3740.478636072613,3787.010190305356,3834.120597072755,3881.81705730034,3930.106861493156,3978.997390850132,4028.496118392307,4078.610610105108,4129.348526094815,4180.717621759435,4232.725748974122,4285.38085729136,4338.690995156065,4392.664311135806,4447.309055166335,4502.633579812605,4558.646341545474,4615.355902034299,4672.770929455606,4730.900199818034,4789.75259830377,4849.337120626669
Lesotho,LSO,LM,0.01244,1280,2025,projected - raised from 0.5% to the 1.244% floor,390,460,490,510,550,620,630,660,670,690,690,620,610,590,650,600,680,820,1040,1160,1320,1310,1190,1270,1350,1490,1440,1330,1280,1240,1160,1250,1290,1170,1190,1270,1260,1240,1280,1295.9232,1312.044484608,1328.366317996524,1344.8911949924,1361.621641458106,1378.560214677845,1395.709503748437,1413.072129975068,1430.650747271957,1448.448042568021,1466.466736217567,1484.709582416113,1503.179369621369,1521.878920979459,1540.811094756444,1559.978784775214,1579.384920857818,1599.032469273289,1618.924433191049,1639.063853139945,1659.453807473006,1680.097412837971,1700.997824653675,1722.158237592367,1743.581886068016
Liberia,LBR,L,0.032006245121,830,2025,projected,380,410,430,250,250,150,100,80,80,100,160,180,170,190,210,250,180,210,240,270,310,370,410,440,500,540,610,620,620,610,620,620,600,570,630,660,710,750,830,856.565183450429,883.980618674057,912.273519037552,941.471968905264,971.604951516596,1002.702377755613,1034.795115841468,1067.915021969103,1102.094971930643,1137.368893748876,1173.771801355202,1211.339829345494,1250.110268848355,1290.121604541394,1331.413552852243,1374.027101382252,1418.004549591989,1463.389550788922,1510.227155458981,1558.56385598499,1608.447632796376,1659.928001995948,1713.05606451104,1767.884556817795,1824.467903288935
Libya,LBY,UM,0.01244,7250,2025,projected - raised from 0.9% to the 1.244% floor,6230,6570,6700,6460,7260,7320,6800,6610,6050,5900,5810,5500,4990,5930,6130,5190,5160,5150,6760,8540,10500,12020,11140,11550,6080,13310,11960,9130,8370,7670,9760,11000,10100,7000,6950,6010,6160,6790,7250,7340.19,7431.5019636,7523.949848027184,7617.547784136642,7712.310078571301,7808.251215948729,7905.385861075131,8003.728861186906,8103.295248220072,8204.10024110793,8306.159248107313,8409.487869153769,8514.101898246041,8620.017325860223,8727.250341393923,8835.817335640864,8945.734903296237,9057.019845493243,9169.68917237118,9283.760105675477,9399.25008139008,9516.176752402573,9634.55799120246,9754.41189261302,9875.756776557126
Liechtenstein,LIE,H,,,,frozen - only 0 of 10 annual rates,31480,41760,43830,45550,47500,54210,56490,61900,70290,79390,81680,79220,79990,80170,68970,65420,68640,78690,92620,103870,112050,121890,116380,,,,,,,,,,,,,,,,,,,,,,,,,,,,,,,,,,,,,,,,,
Lithuania,LTU,H,0.071689,30500,2025,projected - cut from 7.5% to the H p90 cap of 7.17%,,,,,,,,,,,2610,2870,2990,3220,3460,3830,4700,6020,7580,8810,10590,12670,12480,12430,13200,14040,15310,16020,15220,14890,15260,17550,19200,19800,22040,23840,25360,27110,30500,32686.514500000005,35029.77803799051,37541.02779575602,40232.30653740597,43116.52036076607,46207.50058890904,49520.070098627344,53070.114403927844,56874.65783543103,60951.94518099525,65321.529179075624,70004.36428439438,75022.90715557834,80401.2243466546,86165.10771884194,92342.19812609801,98962.11796755985,106056.61324253626,113659.70578928046,121807.85643760819,130540.1398577639,139898.43194402716,149927.61063166254,160675.7711102358,172194.4564653575
Luxembourg,LUX,H,0.019146181427,95720,2025,projected,19980,25870,28540,31330,35170,38990,40050,41330,45760,48560,49360,46350,46520,45690,45000,42520,46050,62680,73180,71370,85730,86000,70650,77640,79210,87950,85160,86760,73530,73730,75800,80120,79280,80090,86850,84190,88480,84650,95720,97552.67248618825,99420.43365229326,101323.95531254674,103263.92214385756,105241.03193208294,107255.9958230147,109309.538578171,111402.39883548554,113535.32937498788,115709.09738957063,117924.4847609407,120182.28834085401,122483.32023773476,124828.40810878242,127218.3954576713,129654.14193795015,132136.52366225046,134666.4335174152,137244.78148566076,139872.49497188817,142550.51913726097,145279.81723916976,148061.37097770596,150896.180848769,153785.26650393434
"Macao SAR, China",MAC,H,0.055010271627,69920,2024,projected,6540,7600,8270,9210,10050,12280,13800,15260,16420,16580,16670,15230,14330,14620,15910,16670,18510,23050,24430,25920,33070,32190,35520,45370,54620,60370,67830,68530,57990,59680,66890,72780,71600,43810,46220,45210,64780,69920,,73766.31819219356,77824.22339290542,82105.35506094701,86621.99294492058,91387.09230573452,96414.32107671877,101718.09906792836,107313.63932708625,113216.99177580293,119445.08924623628,126015.7960502406,132947.95922031775,140261.46256934686,147977.28372415458,156117.55429651734,164705.62336418696,173766.12444402467,183325.04614934535,193409.80673414157,204049.33273800556,215274.14195732976,227116.43098077565,239610.16754009246,252791.1879411795,266697.29985485773
Madagascar,MDG,L,0.030833333333,560,2025,projected,350,330,290,300,260,280,280,270,270,280,290,290,270,280,290,260,320,330,320,310,360,430,450,450,460,470,490,500,470,450,450,480,500,450,470,500,510,520,560,577.266666666667,595.065722222222,613.413581990741,632.327167435455,651.823921764715,671.921826019127,692.639415654717,713.995797637404,736.010668064557,758.704330329881,782.097713848385,806.21239335871,831.070608820604,856.695285925906,883.110057241955,910.339284006915,938.408078597128,967.342327687206,997.168716124228,1027.914751538058,1059.608789710482,1092.280060726555,1125.958695932291,1160.675755723536,1196.463258191678
Malawi,MWI,L,0.01875,600,2025,projected,230,240,240,270,310,290,310,230,230,250,290,290,260,230,210,250,320,440,430,440,480,530,590,650,710,650,590,530,510,490,480,490,540,560,600,610,620,570,600,611.25,622.7109375,634.386767578125,646.281519470214,658.399297960281,670.744284797036,683.32074013698,696.133004014549,709.185497839821,722.482725924318,736.029277035399,749.829825979812,763.889135216934,778.212056502251,792.803532561668,807.668598797199,822.812385024647,838.240117243859,853.957119442181,869.968815431722,886.280730721066,902.898494422086,919.8278411925,937.074613214859,954.644762212638
Malaysia,MYS,UM,0.023719294303,12380,2025,projected,1990,2170,2290,2420,2590,2900,3260,3630,4080,4540,4660,3670,3420,3490,3570,3810,4170,4720,5240,5790,6560,7420,7500,8130,8890,9980,10590,10840,10350,9800,9560,10200,10750,10110,10520,11620,11700,11650,12380,12673.644863472542,12974.254775882388,13281.994943275115,13597.034490267119,13919.546552991345,14249.708374247633,14587.701400909951,14933.711383644071,15287.928478990478,15650.5473538686,16021.76729255982,16401.79230622804,16790.831245038,17189.097912932964,17596.81118513485,18014.19512843138,18441.479124316353,18878.89799505073,19326.692132713793,19785.107631315295,20254.396422041234,20734.816411707554,21226.63162449787,21730.112347063106,22245.535277062812
Maldives,MDV,UM,0.070050509001,12950,2025,projected,670,820,820,920,900,990,1090,1250,1530,1640,1740,1830,1950,2050,2240,2650,3470,3890,3660,4710,4570,5500,5490,6000,6720,6810,7050,7720,8210,8720,9400,10220,10730,7050,9350,10570,11130,11540,12950,13857.154091564327,14827.85478898517,15866.553564348074,16978.013717623973,18167.3322203713,19439.963089600507,20801.742398989743,22258.91504214887,23818.16337066378,25486.637838250284,27271.989791546574,29182.406557917388,31226.648991176724,33414.091647407535,35754.765775118045,38259.4053168804,40939.496133407505,43807.328675801524,46876.054347520185,50159.745814527494,53673.46154020126,57433.31484094366,61456.54777917256,65761.6102325544,70368.2445020772
Mali,MLI,L,0.026030022357,1120,2025,projected,250,330,340,330,380,390,390,350,330,330,340,340,350,330,340,330,400,450,510,550,590,670,740,780,830,830,880,910,890,870,860,930,960,930,960,1000,1010,1030,1120,1149.153625039923,1179.066119591426,1209.757237044859,1241.24724497177,1273.556938509042,1306.70765409144,1340.7212835416,1375.620288526793,1411.427715391991,1448.167210379039,1485.863035241987,1524.540083268887,1564.223895720632,1604.94067869771,1646.71732044599,1689.58140911298,1733.561250966289,1778.685889086299,1824.985122545428,1872.489526086614,1921.230470314036,1971.240142409403,2022.551567387482,2075.198629904914,2129.216096636709
Malta,MLT,H,0.050770218147,41440,2025,projected,4930,6260,6910,7600,7940,8720,8570,8600,9320,10080,10610,10350,10800,11480,11030,10770,12210,14200,15380,16330,17990,20320,20110,21440,22060,22450,23330,24590,25470,23820,26690,29030,29830,26910,32440,34840,35720,36540,41440,43543.917839999696,45754.65204769894,48077.62571338747,50518.53725883207,53083.374415915714,55778.42891497529,58610.31191886939,61585.97024063716,64712.70338453115,67998.18145222719,71450.46395813639,75078.01959997468,78889.74703308842,82894.99669949716,87103.59376520151,91525.86222202328,96172.65021310121,101055.35664416768,106185.95914588575,111577.0434558401,117241.83429225815,123194.22779519662,129448.82561477435,136020.97073007197,142926.7850865651
Marshall Islands,MHL,UM,0.059613701754,9710,2025,projected,2060,2270,2170,2210,2240,2500,2690,2890,3210,2790,2630,2690,2810,2940,3100,3100,3200,3400,3610,3540,3730,3630,3730,3820,3860,3860,4350,4560,4980,5060,5310,6040,6770,6610,6720,7580,7960,8510,9710,10288.84904403283,10902.205422337309,11552.126244847039,12240.791253433677,12970.510132450721,13743.730255085862,14563.044891502084,15431.201906296435,16351.112974446514,17325.863346653638,18358.722196834264,19453.153586463697,20612.828082544882,21841.63506816735,23143.695786944136,24523.37716507588,25985.30645739933,27534.386766541007,29175.81348722509,30915.09173088733,32758.05478903474,34710.883697274476,36780.1279656269,38972.72754464938,41296.03610104199
Mauritania,MRT,LM,0.035601444369,2210,2025,projected,690,770,800,760,840,940,980,870,900,970,880,840,820,730,660,660,730,820,960,1180,1260,1430,1500,1550,1640,1800,1890,1790,1680,1550,1560,1680,1720,1720,1810,2010,2140,2110,2210,2288.679192055969,2370.159476990933,2454.540577757198,2541.925767588206,2632.421996393677,2726.140021654589,2823.19454397822,2923.704347479137,3027.792445157952,3135.586229455778,3247.21762816863,3362.823265912616,3482.544631337511,3606.528250293388,3734.925865162217,3867.894620573938,4005.597255734294,4148.202303599806,4295.884297143672,4448.823982965024,4607.20854250299,4771.23182112629,4941.094565378754,5117.004668671125,5299.177425719842
Mauritius,MUS,UM,0.038699850181,14040,2025,projected,1640,2090,2250,2460,2650,3030,3160,3280,3520,3840,3950,3830,3710,3960,4030,4010,4470,5240,5670,5910,6460,7390,7730,8210,8530,9700,10360,10720,10660,10650,11020,12190,12710,10780,10900,11810,12530,12960,14040,14583.345896544153,15147.719197881139,15733.93366142614,16342.834536884387,16975.299784998075,17632.241343458583,18314.606441809323,19023.37896723512,19759.58088320745,20524.27370303103,21318.56002041643,22143.585099285625,23000.5385251028,23890.655920111367,24815.220724950454,25775.56604921963,26773.076593660247,27809.190646724892,28885.40215841378,30003.26289436832,31164.384673327753,32370.441691175056,33623.172934923045,34924.3846901214,36275.95314529995
Mexico,MEX,UM,0.047800468312,13730,2025,projected,2070,2120,2400,2820,3280,3810,4640,5540,5110,4900,4930,5340,5850,6570,7100,7490,7780,8240,8490,9140,9720,10260,9230,9470,9760,10500,10710,10950,10580,9740,9270,9560,9860,8920,9880,10730,11990,12760,13730,14386.300429925917,15073.972327755764,15794.515264346986,16549.500490746286,17340.574364536234,18169.461939962854,19037.970729672994,19947.994646264502,20901.51813224435,21900.620487400673,22947.48040302525,24044.380712873903,25193.713371225072,26397.984668891884,27659.82069856206,28981.973081383625,30367.324967284094,31818.897322107736,33339.85551528093,34933.51622237101,36603.35465759068,38353.012152019495,40186.30409406788,42107.22824949908,44119.973479152024
"Micronesia, Fed. Sts.",FSM,UM,0.030172888828,4760,2025,projected,1470,1610,1590,1700,1830,1900,2060,2070,2140,2080,1860,1870,1950,2090,2120,2120,2220,2280,2400,2400,2410,2430,2660,2740,2920,3030,3090,3090,3460,3400,3430,3420,3850,4070,4090,4020,4270,4490,4760,4903.622950819672,5051.579420967527,5204.000165240486,5361.019883685423,5522.777340638751,5689.415487357775,5861.081588352201,6037.92735152741,6220.109062254547,6407.787721485888,6601.129188037541,6800.304325165234,7005.489151562716,7216.864996916212,7434.618662152411,7658.942584521598,7890.035007661816,8128.100156794359,8373.34841920542,8625.996530173386,8886.267764506109,9154.39213385739,9430.606589997094,9715.155234214495,10008.28953303993
Moldova,MDA,UM,0.090712,8050,2025,projected - cut from 11.5% to the UM p90 cap of 9.07%,,,,,,790,800,570,590,600,630,580,510,490,500,590,710,910,1120,1280,1440,1870,1950,2380,2730,3140,3620,3730,3290,3170,3300,3850,4490,4360,5270,5540,6250,6890,8050,8780.2316,9576.703968899199,10445.425939325982,11392.95141713412,12426.428826085188,13553.655037757026,14783.13419354204,16124.141862506625,17586.795019138324,19182.128368914397,20922.177597515358,22820.07017174117,24890.12437716015,27147.9573396611,29610.602845856436,32296.639851209762,35226.3326453927,38421.78373232156,41907.100578247904,45708.57748590192,49854.89396680305,54377.33110831968,59310.00756781757,64690.13697430943,70558.30867952299
Monaco,MCO,H,,,,frozen - only 0 of 10 annual rates,,,,,,,,,,,,,,,,,,,,,,,,,,,,,,,,,,,,,,,,,,,,,,,,,,,,,,,,,,,,,,,,
Mongolia,MNG,UM,0.072909341509,6210,2025,projected,1520,1700,1600,1490,1230,830,540,440,480,570,590,530,480,470,480,530,610,760,890,1110,1400,1790,1780,1990,2570,3630,4310,4180,3770,3460,3200,3650,3800,3690,3690,4340,4870,5380,6210,6662.767010773256,7148.54496615916,7669.740672392024,8228.936414363843,8828.902749657676,9472.612235385579,10163.254155841247,10904.25032393611,11699.272034707745,12552.2582548974,13467.435138717661,14449.336966501864,15502.82860997667,16633.12963546286,17845.840164424626,19146.968619494488,20542.96149344261,22040.73528858208,23647.710784855175,25371.849806383252,27221.69466864157,29206.410501701648,31335.830659233383,33620.50543824756,36071.75435096274
Montenegro,MNE,UM,0.090712,14150,2025,projected - cut from 9.8% to the UM p90 cap of 9.07%,,,,,,,,,,,,,1360,1510,1710,1970,2440,3100,3660,4330,5130,6460,6730,6920,7240,6980,7260,7280,7150,7020,7240,8250,8970,7780,9220,10420,11560,12210,14150,15433.574799999999,16833.585237257597,18360.593421299705,20026.11957173264,21842.72893032365,23824.126557051168,25985.260725294393,28342.435696207296,30913.43472308165,33717.65421368183,36776.250062713334,40112.297258402185,43750.96396730636,47719.70141070865,52048.45096507685,56769.8700490209,61919.57850090768,67536.42730588201,73662.79169965317,80344.89086031211,87633.13660003274,95582.51368729491,104252.99466889679,113709.99232130175,124024.85314475166
Morocco,MAR,LM,0.020452684089,4360,2025,projected,880,1100,1130,1180,1260,1300,1250,1380,1330,1550,1490,1540,1550,1580,1580,1550,1740,2060,2300,2490,2630,2970,3150,3190,3260,3230,3350,3330,3300,3150,3160,3380,3510,3260,3630,3700,3780,3840,4360,4449.173702628248,4540.171246825403,4633.0299350469,4727.787832683516,4824.483783665436,4923.157426385479,5023.849209947991,5126.600410750069,5231.453149401923,5338.450407993295,5447.63604771303,5559.054826829013,5672.752419035843,5788.775432177764,5907.171427354537,6027.988938418069,6151.277491867808,6277.087627153051,6405.470917390482,6536.479990505452,6670.168550805643,6806.591400995972,6945.804464643771,7087.864809103427,7232.830668909899
Mozambique,MOZ,L,0.019463340892,570,2025,projected,,,,,,,230,200,190,220,250,290,330,330,330,300,330,380,420,450,480,530,570,550,570,630,690,710,670,550,480,470,500,480,490,500,540,550,570,581.09410430839,592.404136950825,603.934300614078,615.688879783249,627.67224233383,639.888841154764,652.34321580309,665.039994190792,677.983894304483,691.179725958558,704.632392582468,718.346893042784,732.328323500722,746.581879305819,761.112856926473,775.926655918051,791.028780929305,806.424843747846,822.120565385418,838.121778203766,854.434428081882,871.064576625426,888.018403419156,905.302208323195,922.92241381399
Myanmar,MMR,LM,0.01244,1320,2025,projected - raised from 0.0% to the 1.244% floor,40,40,50,50,50,60,70,80,110,130,130,130,150,190,190,170,190,230,280,300,360,490,660,880,1040,1170,1260,1260,1230,1230,1230,1310,1380,1320,1240,1280,1220,1210,1320,1336.4208,1353.045874752,1369.877765433915,1386.919044835913,1404.172317753672,1421.640221386527,1439.325425740576,1457.230634036789,1475.358583124206,1493.712043898271,1512.293821724366,1531.106756866617,1550.153724922038,1569.437637260068,1588.961441467583,1608.72812179944,1628.740699634625,1649.00223393808,1669.515821728269,1690.284598550569,1711.311738956538,1732.600456989157,1754.154006674103,1775.975682517128,1798.068820007642
Namibia,NAM,LM,0.01244,4340,2025,projected - raised from 0.1% to the 1.244% floor,1770,1860,1990,2090,2240,2390,2270,2320,2500,2530,2520,2370,2230,2210,2060,1970,2240,2840,3480,3990,4200,4310,4260,4520,5160,5730,5900,5690,5180,4580,4430,4670,4870,4240,4140,4280,4310,4290,4340,4393.9896,4448.650830624,4503.992046956962,4560.021708021107,4616.74837806889,4674.180727892067,4732.327536147044,4791.197690696714,4850.800189968981,4911.144144332195,4972.238777487687,5034.093427879634,5096.717550122456,5160.12071644598,5224.312618158569,5289.303067128461,5355.101997283539,5421.719466129746,5489.1656562884,5557.450877052628,5626.585565963162,5696.580290403745,5767.445749216367,5839.192774336619,5911.832332449366
Nauru,NRU,H,0.067788581419,20690,2025,projected,5780,6010,6230,6570,5870,5490,5060,5010,4700,4240,4080,3550,3300,3050,2800,2500,2650,3090,3510,3890,3030,3510,4090,5080,7000,9650,11330,12530,12220,11680,11300,12740,15840,17180,19620,20890,22370,21940,20690,22092.545749567293,23590.168085873556,25189.31211586002,26896.859851124562,28720.15982506859,30667.058717748303,32745.935124529766,34965.73561387319,37336.01322942329,39866.968602101675,42569.49384912973,45455.21944890392,48536.56429345243,51826.78913387685,55340.0536487845,59091.47738130885,63097.204806964066,67374.47481235722,71941.6948837637,76818.52032484103,82025.938844399,87586.3608782549,93523.71603387904,99863.55607288607,106633.16487456327
Nepal,NPL,LM,0.055615489439,1570,2025,projected,170,200,200,200,200,190,190,190,200,210,210,200,210,220,230,230,250,280,300,330,370,430,480,530,620,750,840,860,870,860,970,1120,1240,1190,1250,1380,1430,1480,1570,1657.31631841926,1749.48877662342,1846.787451203401,1949.497439191917,2057.919693432689,2172.371904409144,2293.189431116431,2420.726283704357,2555.356160770472,2697.473544342734,2847.49485576016,3005.85967583835,3173.03203289511,3349.501762410256,3535.785942303559,3732.430408036374,3940.011351976393,4159.13701171185,4390.449452262143,4634.626447406975,4892.383465646535,5164.47576661183,5451.7006140679,5754.899611994285,6074.961170587767
Netherlands,NLD,H,0.019627109545,68530,2025,projected,14420,18190,19140,19910,20840,23050,23550,24860,27120,29260,29410,27840,28150,28140,26900,26440,30410,36800,42280,45500,48840,51930,52780,54000,54270,52070,52460,52220,49670,46960,46710,51290,52940,51490,59560,62110,62550,62500,68530,69875.04581711345,71246.49099582233,72644.85367928857,74070.66218032673,75524.45518100486,77006.78193616294,78518.20248092587,80059.28784228931,81630.6202548583,83232.79338082027,84866.41253423541,86532.09490972932,88230.46981567409,89962.17891194619,91727.87645235076,93528.22953180404,95363.9183383673,97235.63641022735,99144.090897721,101090.0028305022,103074.10738995286,105097.15418694043,107159.90754502699,109263.14678923687,111407.66654049202
New Caledonia,NCL,H,,,,frozen - only 5 of 10 annual rates,7820,12880,14100,14290,14700,15530,15360,15810,17140,17580,17110,13920,13070,12630,,,,,,,,,,,,,,,,,,,35130,34890,35420,36980,36710,30070,,,,,,,,,,,,,,,,,,,,,,,,,,
New Zealand,NZL,H,0.01244,46630,2025,projected - raised from -0.1% to the 1.244% floor,10010,12550,13570,13640,12160,12050,12360,13400,15280,16720,17160,15790,15040,14070,13810,14180,16990,21530,25450,26380,28150,28680,29760,29750,32270,36770,39940,41700,40660,39440,38790,41570,43090,41880,45750,49090,49470,47070,46630,47210.0772,47797.370560368,48391.96985013898,48993.96595507471,49603.45089155584,50220.5178206468,50845.261062335645,51477.7761099511,52118.15964475889,52766.50955073969,53422.92492955089,54087.50611567451,54760.3546917535,55441.57350411891,56131.266678510154,56829.53963599082,57536.49910906255,58252.253157979285,58976.911187264544,59710.58396243412,60453.3836269268,61205.423719245766,61966.81919031318,62737.68642104068,63518.14324011843
Nicaragua,NIC,LM,0.040169267524,2850,2025,projected,860,680,360,310,220,240,290,450,620,880,880,890,930,970,980,980,1020,1100,1180,1220,1310,1420,1410,1490,1600,1700,1760,1850,1910,1980,2050,1990,1930,1810,2060,2150,2360,2510,2850,2964.48241244345,3083.563499539137,3207.427986679421,3336.268019540368,3470.28346214911,3609.682206924352,3754.680497170983,3905.503262529056,4062.38446789751,4225.567476373899,4395.30542677315,4571.861626310968,4755.509959061044,4946.535310819698,5145.234011037014,5351.914292500035,5566.896769481084,5790.51493509296,6023.115678622529,6265.059823645223,6516.722687755204,6778.494664779479,7050.781830379133,7334.006571977116,7628.608243989768
Niger,NER,L,0.026013309135,750,2025,projected,260,320,310,330,350,410,380,290,260,230,230,250,240,220,220,220,240,280,330,350,380,440,480,510,520,550,570,590,560,520,520,580,600,570,580,650,640,670,750,769.50998185118,789.527482891471,810.065705374431,831.138194987922,852.758849787971,874.941929365033,897.702064248697,921.054265557042,945.013934897001,969.596874522271,994.819297755458,1020.697839681342,1047.249568118303,1074.491994875162,1102.443087300832,1131.121280134429,1160.545487663637,1190.735116199352,1221.710076874834,1253.49079877781,1286.098242424178,1319.553913582218,1353.879877456407,1389.09877324021,1425.233829047427
Nigeria,NGA,LM,0.01244,1360,2025,projected - raised from -7.7% to the 1.244% floor,,,,,,,,,,,,,,,,,,,,,,1890,1960,2050,2100,2360,2600,2870,2760,2370,2020,1950,2260,2460,2860,2940,2590,1710,1360,1376.9184,1394.047264896,1411.389212871306,1428.946894679425,1446.722994049238,1464.72022809521,1482.941347732715,1501.38913809851,1520.066418976455,1538.976045228522,1558.120907231165,1577.503931317121,1597.128080222706,1616.996353540676,1637.111788178722,1657.477458823666,1678.096478411432,1698.97199860287,1720.10721026549,1741.505343961192,1763.16967044007,1785.103501140344,1807.31018869453,1829.79312744189,1852.555753947267
North Macedonia,MKD,UM,0.06131800594,9490,2025,projected,,,,,,1710,1440,1390,1780,2160,2220,2010,1910,1920,1820,1850,2120,2610,3070,3430,3730,4540,4860,5010,5140,5090,5400,5630,5550,5440,5390,6050,6520,6460,7050,7570,7940,8300,9490,10071.90787636902,10689.497183357671,11344.95583514063,12040.605904426931,12778.911848793776,13562.489241442721,14394.114037308434,15276.732407346753,16213.471175841689,17207.64889770727,18262.787615027453,19382.625334483626,20571.12926987306,21832.509896632222,23171.23586815539,24592.049846752223,26099.985305328057,27700.38435930973,29398.916691989554,31201.59964033364,33114.81951241192,35145.35421197051,37300.39725029767,39587.58323044957,42015.01489411793
Northern Mariana Islands,MNP,H,,,,frozen - only 0 of 10 annual rates,,,,,,,,,,,,,,,,,,,,,,,,,,,,,,,,,,,,,,,,,,,,,,,,,,,,,,,,,,,,,,,,
Norway,NOR,H,0.01244,97310,2025,projected - raised from -0.1% to the 1.244% floor,20830,23970,25080,26500,27820,30790,30210,30850,32690,35790,37900,36120,35560,36580,38260,39930,44810,54310,64050,70300,78780,87920,88100,88970,91010,99780,104810,105010,93290,81840,76270,81200,82500,78460,83640,97270,101840,100030,97310,98520.5364,99746.131872816,100986.97375331383,102243.25170680505,103515.1577580377,104802.8863205477,106106.6342263753,107426.60075615141,108762.98766955793,110115.99923616723,111485.84226666516,112872.72614446247,114276.86285769958,115698.46703164937,117137.75596152309,118594.94964568444,120070.27081927675,121563.94498826854,123076.2004639226,124607.2683976938,126157.3828165611,127726.78065879912,129315.70181019459,130924.3891407134,132553.08854162387
Oman,OMN,H,0.035288012455,19520,2024,projected,5820,5500,5880,6110,6710,7610,7370,7270,7460,7680,8000,7460,7270,8070,8940,9210,9640,11050,12590,14850,17290,21190,22010,22510,20820,21960,22920,22060,20560,18550,16640,17250,17860,17190,17910,19270,19950,19520,,20208.822003113648,20921.951165652168,21660.24523896008,22424.592242722036,23215.911533072373,24035.15490839615,24883.307754151698,25761.390228091666,26670.458487308188,27611.605958578017,28585.964653535622,29594.706530256135,30639.044902885827,31720.235901015687,32839.579980553346,33998.4234879107,35198.16027938861,36440.233397706426,37726.13680769296,39057.417193226494,40435.675817585296,41862.57044944612,43339.81735684744,44869.19337151564,46452.53802603721
Pakistan,PAK,LM,0.042723699658,1500,2025,projected,350,370,370,370,370,400,400,400,430,440,430,410,410,470,530,600,640,740,830,890,940,1000,1020,1000,1020,1110,1210,1250,1280,1360,1450,1560,1520,1370,1420,1510,1450,1430,1500,1564.085549487009,1630.90907074272,1700.58754005065,1773.242931353922,1849.002429773769,1927.998654250348,2010.36988969558,2096.260329064433,2185.820325768375,2279.206656872868,2376.582797539633,2478.119207194101,2583.993627918998,2694.391395596412,2809.505764342989,2929.538244806216,3054.69895691396,3185.206997694777,3321.290824812868,3463.188656489065,3611.148888507918,3765.430529040873,3926.303652046703,4094.049870042879,4268.962827075491
Palau,PLW,H,0.0351226508,19890,2025,projected,5270,6040,6490,7020,7580,7380,6560,7120,8010,8770,8780,8690,8250,6860,7520,7740,7790,8370,8910,9300,9700,9780,9880,9860,10560,11170,11800,12730,14180,14970,15520,16040,16280,15440,13980,14100,14750,16920,19890,20588.589524409646,21311.71536473759,22060.23930143974,22835.053382986032,23637.08098895331,24467.277930456836,25326.633589231922,26216.17209672307,27136.953554585874,28090.0752980562,29076.673203692208,30097.923043047766,31155.041883890444,32249.289540634014,33381.97007571398,34554.43335369538,35768.076649965005,37024.346315925126,38324.73950267325,39670.80594522207,41064.14980938597,42506.43160353506,43999.37015749507,45544.7446709515,47144.396833799095
Panama,PAN,H,0.048744335544,19140,2025,projected,3290,2770,2570,2660,2750,3030,3260,3430,3430,3500,3490,3510,3620,3810,3770,3890,4030,4490,4880,5270,5990,6770,7120,7500,8860,9870,10950,11520,12570,13180,14230,14910,15640,13070,14920,17130,17830,17950,19140,20072.96658231009,21051.410000759544,22077.546993508608,23153.702352146232,24282.31418868265,25465.939459278005,26707.259757221487,28009.087388285374,29374.371742218147,30806.205974811844,32307.83401568232,33882.6579176391,35534.24556429541,37266.33875338048,39082.8616740676,40987.929797523866,42985.859200823856,45081.176345351305,47278.62833184247,49583.19365530475,52000.093484176694,54534.80348928315,57193.066249384974,59980.90426142904,62904.63358497419
Papua New Guinea,PNG,LM,0.01244,2890,2025,projected - raised from 0.5% to the 1.244% floor,810,940,950,880,920,970,1120,1160,1060,1030,930,770,670,600,530,490,480,540,650,780,1040,1360,1460,1660,1730,2150,2340,2790,2520,2410,2310,2310,2420,2410,2370,2690,2800,2860,2890,2925.9516,2962.350437904,2999.202077351526,3036.512151193779,3074.28636235463,3112.530484702321,3151.250363932018,3190.451918459332,3230.141140324966,3270.324096110609,3311.006927866225,3352.195854048881,3393.897170473249,3436.117251273936,3478.862549879784,3522.139600000289,3565.955016624293,3610.315497031099,3655.227821814166,3700.698855917534,3746.735549685148,3793.344939923231,3840.534150975876,3888.310395814016,3936.680977137943
Paraguay,PRY,UM,0.022573379831,6750,2025,projected,1050,1150,1190,1240,1320,1490,1690,1620,1750,1920,1920,1800,1670,1500,1470,1400,1300,1440,1620,1980,2500,3320,3740,4410,4840,5160,5970,6280,6100,5870,5810,6060,5950,5550,5720,5900,6200,6290,6750,6902.370313862249,7058.180140694346,7217.507121928996,7380.430651628453,7547.031916047296,7717.393934088264,7891.601598671323,8069.741719036563,8251.903064002028,8438.176406198005,8628.654567299844,8823.43246428183,9022.60715671516,9226.277895133599,9434.546170490907,9647.515764734695,9865.292802521897,10087.985804101638,10315.705739391842,10548.566083276544,10786.682872151436,11030.174761745844,11279.163086249942,11533.771918776667,11794.128133188458
Peru,PER,UM,0.055930710511,8430,2025,projected,1240,1010,910,840,1220,1420,1550,1760,1950,2150,2270,2150,2030,1960,1890,1940,2060,2270,2520,2790,3190,3770,3950,4400,4960,5780,6410,6520,6340,6130,6090,6500,6850,6080,6550,6930,7100,7530,8430,8901.495889606576,9399.3628793218,9925.0759235117,10480.19247178797,11066.35708302567,11685.306297446217,12338.873781199447,13028.99575868579,13757.716748712108,14527.195621474777,15339.71199431416,16197.67298518816,17103.620343872346,18060.23798201318,19070.35992434245,20136.978704608813,21263.2542310997,22452.523148018223,23708.308720448484,25034.331272194057,26434.519207412188,27913.02064869581,29474.21572608176,31122.729553391964,32863.445930350616
Philippines,PHL,UM,0.045484925594,4850,2025,projected,680,740,790,820,820,870,920,1040,1150,1310,1380,1300,1230,1150,1140,1110,1150,1260,1350,1470,1680,1970,2130,2310,2450,2780,3060,3220,3280,3350,3440,3610,3760,3350,3570,4010,4320,4470,4850,5070.601889132256,5301.23783877765,5542.36424743203,5794.458272842871,6058.018776242287,6333.567309528416,6621.649147348677,6922.834366127256,7237.718972172075,7566.926081093628,7911.107150869584,8270.94327099526,8647.146510270986,9040.461325893495,9451.666036639723,9881.57436305826,10331.037037716305,10800.943488688577,11292.223599619596,11805.84954984226,12342.837738194094,12904.250794338117,13491.199681568509,14104.84589526222,14746.403761327001
Poland,POL,H,0.071689,25520,2025,projected - cut from 8.5% to the H p90 cap of 7.17%,,,,,,2080,2480,2750,3300,3880,4270,4390,4460,4690,4720,4890,5510,6290,7340,8450,9940,11980,12520,12730,12900,13170,13290,13540,13320,12740,12780,14310,15510,15640,17470,19110,19890,21590,25520,27349.503280000004,29310.16182063993,31411.37801139979,33663.22828965903,36076.511462516406,38662.80049275275,41434.49799727771,44404.89572420455,47588.23829377705,50999.79150881964,54655.91556229541,58574.143493040814,62773.265265913426,67273.4178795615,72096.18193392939,77264.68512059086,82803.71313220091,88739.82852293526,95101.49808991599,101919.22938648399,109225.71702197165,117055.9994495598,125447.6269940993,134440.8419256793,144078.77144248935
Portugal,PRT,H,0.038839612384,29930,2025,projected,4160,5630,6320,7130,8180,9860,10100,10450,11210,12100,12370,12190,12260,12180,11850,11780,13290,16190,18600,19410,20860,22630,22970,23030,22750,21220,21380,21210,20450,19950,20030,22040,23250,21910,23980,25880,26340,26940,29930,31092.46959865889,32300.089065938097,33554.612005234034,34857.860129219305,36211.72590518059,37618.175303100434,39079.25065047347,40597.07359800257,42173.84820048154,43811.864117338024,45513.499937484354,47281.22663330423,49117.61114879094,51025.32012704748,53007.12378256136,55065.89992387697,57204.6381325071,59426.444104151684,61734.54415852783,64132.28992435988,66623.16320633268,69210.78104107546,71898.90094951807,74691.42639324682,77592.41244278298
Puerto Rico (U.S.),PRI,H,0.035129972041,27320,2025,projected,5350,5860,6050,5950,6300,6760,7100,7370,7820,8130,8510,8690,9590,10550,10950,11250,12170,14260,14750,15030,15860,16360,16580,16910,17600,18550,18960,19010,19080,19290,19500,20380,21310,21200,22580,24670,25290,25870,27320,28279.750836165593,29273.217692372204,30301.58501146121,31366.0788457179,32467.968318610056,33608.567137877406,34789.23516177585,36011.38002034378,37276.4587936235,38585.97974883845,39941.50413859747,41344.64806226989,42797.0843927507,44300.54477091293,45856.82167012505,47467.77053329485,49135.31198498762,50861.43412125589,52648.19487991096,54497.7244940619,56412.228031847335,58393.98802538795,60445.367192094025,62568.81125157238,64766.85184149126
Qatar,QAT,H,0.01244,74330,2025,projected - raised from 0.3% to the 1.244% floor,16780,16470,16690,17040,16270,17900,16400,15860,16060,17000,21470,19860,19050,19620,23090,25590,28090,35220,40110,53410,58500,66030,63010,71900,82960,92750,96070,91410,80090,69170,60920,63410,65700,57730,66970,71050,79430,76570,74330,75254.6652,76190.83323508801,77138.6472005325,78098.25197170713,79069.79422623516,80053.42246640952,81049.28704189166,82057.5401726928,83078.3359724411,84111.83047193827,85158.18164300919,86217.54942264823,87290.09573746598,88375.98452844005,89475.38177597384,90588.45552526697,91715.37591200128,92856.31518834658,94011.44774928961,95180.95015929078,96365.00117927235,97563.7817939425,98777.47523945915,100006.26703143802,101250.34499330912
Romania,ROU,H,0.071689,20190,2025,projected - cut from 8.2% to the H p90 cap of 7.17%,,,,,,1240,1190,1270,1490,1640,1590,1580,1610,1710,1760,1950,2250,2960,3880,4900,6510,8800,9220,8770,9080,9260,9390,9760,9610,9460,10030,11490,12660,12720,14180,15390,16590,17600,20190,21637.400910000004,23188.564543836997,24850.92954742013,26632.467835745138,28541.722822421874,30587.85038983848,32780.662796435616,35130.675731649295,37649.158744175504,40348.1892853867,43240.710627066794,46340.59393121059,49662.704769545155,53222.974411769086,57038.476224374404,61127.507546423585,65509.677434919155,70206.00070055109,75238.9986847729,80632.80726148559,86413.29258125424,92608.17511311178,99247.16257879566,106362.09241690695,113987.0844601826
Russian Federation,RUS,H,0.071689,15960,2025,projected - cut from 8.2% to the H p90 cap of 7.17%,,,,,3440,3090,2920,2650,2640,2600,2650,2130,1750,1710,1780,2100,2590,3410,4450,5810,7560,9580,9230,9980,11060,13470,15160,14590,11740,9680,9160,10180,11190,10660,11710,12890,14400,15330,15960,17104.156440000002,18330.336311027164,19644.419790828393,21052.708601213093,22561.956228125462,24179.40030816355,25912.79733685549,27770.459865137324,29761.296362409157,31894.85393733391,34181.36412124745,36631.791933735556,39257.88846567313,42072.247231888774,45088.36456369565,48320.70433090243,51784.7673036805,55497.165486914055,59475.70178350544,63739.45536866317,68308.87318458727,73205.86799431716,78453.92346496177,84078.20678424143,90105.68935039692
Rwanda,RWA,L,0.055948,1150,2025,projected - cut from 5.9% to the L p90 cap of 5.59%,320,360,350,340,300,300,250,130,220,200,220,230,250,270,260,260,250,270,310,350,390,470,530,580,630,680,700,710,720,720,720,760,820,780,850,970,1030,1070,1150,1214.3402,1282.2801055096,1354.021112852651,1429.775886074531,1509.768987348628,1594.237542652809,1683.431944689148,1777.616595130617,1877.070688394984,1982.089039269306,2092.982956838345,2210.081167307537,2333.730788456059,2464.298358608598,2602.170923176031,2747.757181985884,2901.488700803629,3063.821190636191,3235.235858609904,3416.24083442741,3607.372676631955,3809.197963144159,4022.314970786148,4247.35544877169,4484.986491419568
Samoa,WSM,UM,0.036435547307,5640,2025,projected,710,920,1040,1050,1000,1010,1060,820,990,1320,1330,1360,1380,1410,1410,1420,1570,1850,2240,2470,2660,2970,3160,3430,3570,3590,3750,3830,3970,4120,4100,4100,4270,4080,3990,4130,4800,5040,5640,5845.496486808963,6058.480350584384,6279.224398003927,6508.011375605864,6745.134331953341,6990.896992994286,7245.614151097773,7509.612068265131,7783.228894032271,8066.815098598519,8360.733921736726,8665.361838059673,8981.089039238701,9308.319933792252,9647.473665084477,9998.984648197393,10363.303126364292,10740.895747677092,11132.246162806341,11537.855644499472,11958.24372965082,12393.94888476581,12845.529195671703,13313.563082358314,13798.650039864366
San Marino,SMR,H,,,,frozen - only 6 of 10 annual rates,,,,,,,,,,,,,,,,,,,,,,,,,,,,,,,40010,41800,43770,40570,48190,53950,53910,,,,,,,,,,,,,,,,,,,,,,,,,,,
Saudi Arabia,SAU,H,0.018485387369,36070,2025,projected,11990,11640,10820,11230,12160,12720,11970,11180,11020,11280,11440,10780,10250,10450,10540,10310,11140,12880,14620,16250,17870,20540,19810,21820,24110,27610,28620,29080,26580,23940,23130,26570,29140,26940,30480,35110,36330,35990,36070,36736.7679224165,37415.8613081644,38107.50799820789,38811.94004523964,39529.39379153623,40260.10994825279,41004.333676183385,41762.31466801432,42534.30723209793,43320.57037777498,44121.3679022742,44936.96847921829,45767.64574876595,46613.67840942021,47475.350311533875,48352.950552543494,49246.77357396371,50157.119260174615,51084.293039035256,52028.60598435694,52990.37492027089,53969.92252752513,54967.57745174629,55983.674413702734,57018.55432160588
Senegal,SEN,LM,0.023822451473,1780,2025,projected,800,920,920,900,910,960,910,760,720,690,700,680,670,650,640,610,710,850,980,1020,1090,1240,1330,1340,1310,1320,1350,1370,1320,1270,1270,1390,1430,1430,1540,1590,1620,1630,1780,1822.403963621556,1865.818093608739,1910.266454600776,1955.77368451559,2002.365008206711,2050.066251445516,2098.903855236569,2148.904890473982,2200.097072946926,2252.508778702619,2306.169059775282,2361.107660289814,2417.355032949087,2474.942355914007,2533.901550085707,2594.265296799436,2656.067055939968,2719.341084488558,2784.122455511735,2850.447077602452,2918.351714784375,2987.874006890342,3059.05249042628,3131.92661993216,3206.536789851814
Serbia,SRB,UM,0.090712,13480,2025,projected - cut from 10.0% to the UM p90 cap of 9.07%,,,,,,,,,,,3210,3250,2800,1720,1630,1610,2510,3340,3940,4280,5000,6250,6680,6500,6380,6310,6630,6450,6210,5920,5810,6700,7380,7790,8890,9790,10750,11610,13480,14702.79776,16036.517950405118,17491.222566722266,19077.886348194774,20808.479574612214,22696.058373784435,24754.86322098717,27000.426373489354,29449.689050681318,32121.129243846717,35034.90111981454,38212.98707019515,41679.36355330669,45460.18197995424,49583.96600771985,54081.826732212125,58987.697398744545,64338.58940517945,70174.87152730208,76540.5744732867,83483.72306490748,91056.69855157136,99316.63379058149,108325.8442749927,118152.29826086583
Seychelles,SYC,H,0.060477500529,19200,2025,projected,3440,4250,4820,5370,5550,6400,6850,6900,6910,7430,7940,7520,7630,7920,7860,7330,8000,9870,11850,13380,12890,11520,10310,10160,11150,12540,12350,13340,14750,15630,16180,17620,18700,15400,14890,14390,16340,17700,19200,20361.168010157944,21592.560559264544,22898.424651911217,24283.26414091181,25751.8552608411,27309.263101002885,28960.859074642016,30712.3394446507,32569.744969663225,34539.48173829737,36628.343263398696,38843.53391248947,41192.6937552326,43683.92491360807,46325.8195056822,49127.48927934622,52098.59703822925,55249.38996817203,58590.734979202374,62134.15618490508,65891.87464845035,69876.85053236273,74102.82779740272,78584.38160472496,83336.96858480053
Sierra Leone,SLE,L,0.01244,830,2025,projected - raised from -1.2% to the 1.244% floor,180,180,210,190,180,140,160,170,190,210,200,170,160,150,170,260,420,410,440,440,480,580,650,690,710,830,970,970,950,930,840,830,850,840,890,920,870,820,830,840.3252,850.778845488,861.362534325871,872.077884252884,882.92653313299,893.910139205165,905.030381336877,916.288959280708,927.68759393416,939.228027602701,950.912024266078,962.741369847948,974.717872488857,986.843362822618,999.119694256132,1011.548743252678,1024.132409618741,1036.872616794398,1049.771312147321,1062.830467270433,1076.052078283278,1089.438166137122,1102.990776923868,1116.7119821888,1130.603879247229
Singapore,SGP,H,0.034755968563,81760,2025,projected,8080,9320,10320,11450,12970,15270,17710,20780,23630,25610,27730,24010,23360,23680,22130,22000,23440,26170,28830,32550,36010,37230,37320,44930,48250,51710,54470,56380,53160,53600,55360,56440,58510,56290,65540,68100,69530,75820,81760,84601.647989676,87542.06020754708,90584.6693000235,93733.02721846622,96990.80936574606,100361.81888692048,103849.99110903696,107459.39813524617,111194.25359858783,115058.91758099916,119057.90170328808,123195.8743920135,127477.66632942106,131908.27609279664,136492.87598982113,141236.81809673857,146145.6405063867,151225.0737933838,156481.0477040195,161919.69807865893,167547.37401474218,173370.64527874027,179396.30997572123,185631.40248547908,192083.2016744908
Sint Maarten (Dutch part),SXM,H,0.035173160173,38950,2024,projected,,,,,,,,,,,,,,,,,,,,,,,,,26550,26910,27400,29620,31890,35260,32950,31140,34060,29440,31430,36960,38260,38950,,40319.99458874459,41738.17621659545,43206.239773997346,44725.93976604812,46299.092409334444,47927.57780251991,49613.34217327954,51358.4002042661,53164.83744088802,55034.8127837764,56970.56106892005,58974.395738551975,61048.7116059794,63195.98771766158,65418.79031595595,67719.77590607345,70101.69443090829,72567.39255753656,75119.81707931138,77762.0184376205,80497.15436751516,83328.49367156737,86259.42012646557,89293.43652701766,92434.16887239437
Slovak Republic,SVK,H,0.039585918364,26410,2025,projected,,,,,,2320,2480,2890,3430,3960,4250,4230,4010,3960,3960,4220,4890,6520,8490,10090,12280,15130,16220,17370,17560,17830,18280,18380,17800,16900,16710,18460,19230,19420,21010,21890,22710,23560,26410,27455.46410398293,28542.31386463821,29672.187571192302,30846.788366055232,32067.88681209344,33337.323561530444,34657.01213049843,36028.94178342297,37455.18053158879,38937.878250406524,40479.269920079285,42081.67899455406,43747.5209038361,45479.306694945655,47279.646817005334,49151.2550561636,51096.95262628585,53119.67242157923,55222.46343756155,57408.495367038275,59681.06337801551,62043.593080751045,64499.64569143067,67052.92340025339,69707.2749520172
Slovenia,SVN,H,0.046585885157,35520,2025,projected,,,,,,7120,6900,7610,9410,10510,11230,10970,11270,11200,10840,10780,12510,15490,18180,19710,21710,24530,24260,24370,24340,23010,23040,23400,22080,21610,22040,24510,25900,25380,28320,29590,31020,31790,35520,37174.73064079138,38906.548373181125,40719.044367565555,42615.977092192654,44601.28010688057,46679.07021981341,48853.65602432855,51129.54683339778,53511.462030329116,56004.340855079405,58613.35264647086,61343.90756155042,64201.66779431989,67192.55931710059,70322.78416887984,73598.83331612096,77027.5001127055,80615.89438691876,84371.45718469007,88301.9761996598,92415.60192206994,96720.86453996487,101226.69162774956,105942.42665878497,110877.84838040899
Solomon Islands,SLB,LM,0.01244,2020,2025,projected - raised from -1.0% to the 1.244% floor,570,570,560,600,620,750,800,940,1120,1230,1220,1150,1080,920,870,790,870,980,1130,1190,1260,1380,1460,1600,1690,1820,2090,2090,2010,2000,2020,2150,2210,2170,2120,2010,1980,1910,2020,2045.1288,2070.570202272,2096.328095588264,2122.406417097382,2148.809152926073,2175.540338788473,2202.604060603001,2230.004455116903,2257.745710538557,2285.832067177657,2314.267818093347,2343.057309750428,2372.204942683724,2401.71517217071,2431.592508912513,2461.841519723385,2492.466828228744,2523.47311557191,2554.865121129624,2586.647643236477,2618.825539918339,2651.403729634923,2684.387192031581,2717.780968700454,2751.590163951088
"Somalia, Fed. Rep.",SOM,L,0.032795698925,640,2025,projected,150,160,160,160,140,120,130,130,190,230,240,270,320,370,320,270,260,310,390,450,480,510,380,290,250,280,340,410,440,450,500,510,520,500,540,570,600,620,640,660.989247311828,682.666851659151,705.055388192059,728.178172428465,752.05928453499,776.723594404148,802.196787553962,828.505391876968,855.676805266481,883.739324148876,912.722172951608,942.655534537656,973.570581638084,1005.499509315462,1038.475568491937,1072.533100576887,1107.707573230215,1144.035617298518,1181.555064962609,1220.304989136114,1260.325744156169,1301.659007808603,1344.347824731358,1388.436651241365,1433.971401631538
South Africa,ZAF,UM,0.01244,6270,2025,projected - raised from 1.1% to the 1.244% floor,2220,2660,2810,2830,2960,3230,3380,3550,3730,3790,3750,3390,3300,3260,3060,2870,3160,4040,5430,6120,6440,6490,6350,6730,7620,8220,7930,7230,6450,5880,5850,6250,6570,5930,6320,6530,6490,6110,6270,6347.9988,6426.967905072001,6506.919385811097,6587.865462970587,6669.818509329941,6752.791051586005,6836.795772267735,6921.845511674745,7007.953269839979,7095.132208516789,7183.395653190737,7272.75709511643,7363.230193379678,7454.828776985321,7547.566846971019,7641.458578547338,7736.518323264467,7832.760611205877,7930.200153209278,8028.851843115202,8128.730760043554,8229.852170698496,8332.231531701986,8435.884491956358,8540.826895036294
South Sudan,SSD,L,,,,frozen - only 0 of 10 annual rates,,,,,,,,,,,,,,,,,,,,,,,,,770,800,1080,1170,1050,,,,,,,,,,,,,,,,,,,,,,,,,,,,,,,,,,,
Spain,ESP,H,0.026081492606,37120,2025,projected,7100,9400,10690,12190,13680,15590,15000,14460,14810,15540,15790,15410,15450,15770,15530,15630,18080,22140,25910,27860,29780,32270,32630,32060,31170,29710,29400,29350,28700,27760,27290,29530,30560,27410,30380,32690,32980,33550,37120,38088.145005531376,39081.54067786597,40100.84559208329,41146.735499883944,42219.903777581494,43321.06188577871,44450.939841032814,45610.286699822456,46799.87105513731,48020.48154601941,49272.92738039415,50558.03887153743,51876.66798853473,53229.688921096946,54617.99865910742,56042.51758728452,57504.19009535386,59003.98520413466,60542.89720795552,62121.946333825166,63742.17941779556,65404.67059896537,67110.52203158426,68860.86461572978,70656.8587470415
Sri Lanka,LKA,UM,0.028157945643,4670,2025,projected,450,480,470,490,530,580,630,670,720,760,810,810,830,860,810,820,910,1030,1170,1320,1500,1740,1950,2360,2830,3340,3630,3810,3920,4020,4220,4350,4220,3880,4010,3620,3550,3870,4670,4801.497606151464,4936.697914749088,5075.705186287082,5218.626617020985,5365.572421632671,5516.655918223038,5671.993615697907,5831.705303614537,5995.91414455803,6164.746769118862,6338.333373544795,6516.807820142456,6700.307740506027,6888.974641652637,7082.954015146312,7282.39544929463,7487.452744504601,7698.284031886736,7915.05189519876,8137.92349622301,8367.070703674206,8602.67022573699,8844.903746335469,9093.958065239802,9350.025242117925
St. Kitts and Nevis,KNA,H,0.045834937826,24530,2025,projected,3660,4350,4610,5200,5260,5710,6180,6680,7260,7620,7980,7690,8100,8890,9200,9190,9190,10390,11750,12650,13350,15980,15840,15970,16760,17010,18460,18850,18670,19640,20420,21930,23670,19340,19070,21420,21870,21960,24530,25654.331024864267,26830.195692348687,28059.956043758684,29346.082384416062,30691.158245933457,32097.885575934342,33569.09016564352,35107.7273262509,36716.88782545101,38399.80409608353,40159.856729346335,42000.58126562469,43925.675296577596,45939.00589274784,48044.617371616114,50246.73942170338,52549.79559904099,54958.41221307595,57477.42761986113,60111.90194119828,62867.1272292573,65748.63809709028,68762.22283639445,71913.93504485708,75210.10578643908
St. Lucia,LCA,UM,0.060855564804,13410,2025,projected,2780,3290,3550,3740,3870,4410,4410,4480,4610,4800,4710,4870,5100,5500,5270,5280,5650,6300,6550,7210,7500,8150,8130,8240,8890,9000,8710,9040,9020,9710,10260,11060,11060,8700,10030,11680,12440,12840,13410,14226.073124021272,15091.808838926201,16010.22938973264,16984.54094188598,18018.14477384065,19114.649150772468,20277.8819208725,21511.90387819546,22821.022938711812,24209.809179051535,25683.110790439117,27246.07100351429,28904.146043122295,30663.12417575301,32529.14591612281,34508.7254634393,36608.77344218213,38836.621026786794,41200.04553444974,43707.297575398065,46367.129855404215,49188.82773109398,52182.24162471502,55357.82141152442,58726.652899840185
St. Martin (French part),MAF,H,,,,frozen - only 0 of 10 annual rates,,,,,,,,,,,,,,,,,,,,,,,,,,,,,,,,,,,,,,,,,,,,,,,,,,,,,,,,,,,,,,,,
St. Vincent and the Grenadines,VCT,UM,0.061256086652,12000,2025,projected,1600,1880,1960,2030,2140,2440,2570,2530,2760,2860,2930,3040,3140,3390,3660,4010,4430,4800,5060,5580,6030,6380,6530,6310,6390,6720,6980,6860,7110,7480,7730,8370,8700,8360,8720,9520,10210,11210,12000,12735.073039819028,13515.173777460455,14343.060433483812,15221.660186246227,16154.079521595917,17143.6152165474,18193.765995773672,19308.244902129456,20490.992424944336,21746.19043250371,23078.27695797904,24491.961891086296,25992.24363095401,27584.426759080856,29274.140794869432,31067.36010005067,32970.42500237539,34990.064213260506,37133.41861865254,39408.06652722632,41822.050465189546,44383.90561243219,47102.68998056313,49988.016439535284,53050.08670609634
Sudan,SDN,L,0.01244,900,2025,projected - raised from -5.9% to the 1.244% floor,460,530,640,750,1030,510,360,310,390,390,400,340,330,330,370,420,510,620,750,920,1160,1350,1310,1230,1250,1120,1060,1130,1180,1140,1010,810,720,600,620,720,660,710,900,911.196,922.53127824,934.007567341306,945.626621479031,957.390216650231,969.30015094536,981.35824482312,993.566341388719,1005.926306675595,1018.440029930639,1031.109423902976,1043.936425136329,1056.922994265025,1070.071116313682,1083.382801000625,1096.860083045072,1110.505022478153,1124.319704957781,1138.306242087456,1152.466771739024,1166.803458379457,1181.318493401698,1196.014095459615,1210.892510807133,1225.956013641573
Suriname,SUR,UM,0.019496658312,6140,2025,projected,2420,2890,2170,1400,1130,1050,990,1130,1360,1660,1860,2070,1950,1950,1640,1870,2120,2710,3190,3880,4860,6090,6700,7330,7620,8220,8610,8900,8550,6660,5700,5730,6000,4710,4490,5040,5210,5690,6140,6259.70948203843,6381.752898944923,6506.175754650126,6633.024440259272,6762.346251349122,6894.189405602138,7028.603060784461,7165.637333074401,7305.343315748272,7447.773098230541,7592.979785515383,7741.0175179669,7891.941491505373,8045.807978187083,8202.674347185362,8362.599086180717,8525.64182316797,8691.863348688592,8861.325638496462,9034.091876665561,9210.22647914817,9389.795117792382,9572.864744827872,9759.50361782906,9949.781325164971
Sweden,SWE,H,0.01244,63010,2025,projected - raised from -0.1% to the 1.244% floor,19360,24190,26090,27760,29110,31340,28200,27700,28090,30400,31400,31100,31310,31600,29710,29130,32690,39690,45690,49090,52180,55370,52390,54380,56450,58840,61530,61350,57900,53850,52240,54930,56100,54590,59840,61930,60540,58510,63010,63793.8444,64587.439824336005,65390.907575750745,66204.37046599308,67027.95283459003,67861.78056785233,68705.98111811641,69560.68352322579,70426.01842625471,71302.11809547732,72189.11644458506,73087.14905315569,73996.35318737695,74916.86782102792,75848.8336567215,76792.39314741112,77747.6905181649,78714.87178821088,79694.08479325622,80685.47920808432,81689.20656943289,82705.42029915664,83734.27572767815,84775.93011773046,85830.54268839503
Switzerland,CHE,H,0.01244,110330,2025,projected - raised from 1.0% to the 1.244% floor,27180,35140,36320,37570,38680,42330,41880,44200,49030,51070,49970,46650,44710,45030,42520,41320,47270,55630,63630,66250,65160,65820,73030,80400,82540,88060,92160,90030,88150,84250,81790,84760,84160,83150,91900,97920,98160,99920,110330,111702.5052,113092.084364688,114498.94989418471,115923.31683086837,117365.40289224437,118825.42850422389,120303.61683481644,121800.19382824155,123315.38823946488,124849.43166916382,126402.55859912823,127975.00642810138,129567.01550806696,131178.82918098732,132810.6938159988,134462.85884706982,136135.57681112736,137829.10338665778,139543.6974327878,141279.6210288517,143037.1395144506,144816.52153001036,146618.03905784368,148441.96746372327,150288.585538972
Syrian Arab Republic,SYR,L,,,,frozen - only 7 of 10 annual rates,1170,1130,800,810,900,1010,990,890,830,810,820,860,820,890,1000,1100,1120,1260,1390,1520,1670,1950,2250,2480,2600,1980,1270,1070,900,750,720,810,970,820,730,720,,,,,,,,,,,,,,,,,,,,,,,,,,,,
São Tomé and Príncipe,STP,LM,0.074681,3800,2025,projected - cut from 9.2% to the LM p90 cap of 7.47%,900,980,890,820,800,780,780,820,830,840,710,590,510,480,510,520,600,690,800,910,940,1000,1070,1090,1140,1170,1330,1440,1400,1420,1440,1660,1810,2030,2220,2820,2810,2910,3800,4083.7878,4388.7691566918,4716.526826082701,5068.761765981383,5447.301963426638,5854.111921357303,6291.302853756188,6761.143642177553,7266.072610519015,7808.710179145186,8391.872464033928,9018.585891520446,9692.102904485084,10415.918841494935,11193.790076496618,12029.753513199463,12928.147535318712,13893.634521403848,14931.22504109681,16046.30385839096,17244.657876839454,18532.5061717397,19916.532265151392,21403.918811245163,23002.384871987764
"Taiwan, China",TWN,H,,,,frozen - only 0 of 10 annual rates,,,,,,,,,,,,,,,,,,,,,,,,,,,,,,,,,,,,,,,,,,,,,,,,,,,,,,,,,,,,,,,,
Tajikistan,TJK,LM,0.039705882353,2080,2025,projected,,,,,,340,290,210,210,170,160,170,170,170,160,170,210,260,370,460,570,730,790,910,1000,1130,1300,1320,1230,1090,1000,1000,1050,1030,1130,1360,1400,1650,2080,2162.588235294118,2248.45570934256,2337.732627213514,2430.554363882286,2527.061669507023,2627.400882855095,2731.724153203753,2840.189671051549,2952.96190799036,3070.211866101742,3192.117337255781,3318.863172705642,3450.641563386601,3587.652331344598,3730.103232736221,3878.210272859571,4032.1980336937,4192.300014443302,4358.758985605021,4531.827357092278,4711.767560976824,4898.852449427373,5093.365708448754,5295.602288048924,5505.868849486161
Tanzania,TZA,LM,0.02456388496,1270,2025,projected,500,400,320,280,270,260,250,230,240,280,310,350,380,400,400,410,430,460,490,510,530,590,660,720,760,810,880,970,970,960,960,1010,1050,1060,1130,1210,1220,1210,1270,1301.196133899104,1333.1585660425,1365.906119692106,1399.45808048228,1433.834207777484,1469.054746308934,1505.140438097098,1542.112534667046,1579.992809563865,1618.803571175499,1658.567675870569,1699.308541458904,1741.050160982717,1783.817116846555,1827.634595294318,1872.528401241906,1918.524973474204,1965.651400215366,2013.935435081571,2063.40551342563,2114.090769083092,2166.021051529687,2219.226943460237,2273.73977879936,2329.591661154591
Thailand,THA,UM,0.022198895253,7690,2025,projected,990,1200,1370,1540,1710,1930,2170,2420,2750,2960,2680,2080,1980,1980,1960,1980,2170,2520,2770,3070,3480,3900,4060,4490,4840,5400,5580,5620,5560,5550,5800,6430,7070,6910,7100,7220,7210,7130,7690,7860.709504494404,8035.208571397746,8213.581324808994,8395.913756289181,8582.293766316994,8772.811206664639,8967.557923714403,9166.62780273679,9370.116813151591,9578.123054793698,9790.746805205956,10008.090567981884,10230.259122181535,10457.35957284434,10689.501402623284,10926.796524565294,11169.359336063308,11417.306774006001,11670.758371151798,11929.836313754302,12194.665500466961,12465.373602555352,12742.0911254461,13024.951471642129,13314.091005034546
Timor-Leste,TLS,LM,0.01244,1510,2025,projected - raised from -3.0% to the 1.244% floor,,,,,,450,510,570,620,670,690,660,500,660,710,790,690,820,970,1360,1900,3040,2370,2870,3740,3570,3190,2700,2180,1730,1780,1790,2180,2040,2050,1820,1900,1650,1510,1528.7844,1547.802477936,1567.057140761524,1586.551331592597,1606.288030157609,1626.27025325277,1646.501055203234,1666.983528329963,1687.720803422387,1708.716050216962,1729.972477881661,1751.493335506509,1773.28191260021,1795.341539592956,1817.675588345493,1840.287472664511,1863.180648824457,1886.358616095833,1909.824917280066,1933.58313925103,1957.636913503313,1981.989916707294,2006.645871271133,2031.608545909746,2056.881756220863
Togo,TGO,LM,0.042853020392,1350,2025,projected,450,570,580,580,570,590,500,460,450,450,510,470,460,450,430,440,510,570,590,600,610,680,760,790,850,840,890,910,910,870,850,920,950,970,1040,1130,1190,1220,1350,1407.851577529819,1468.18226989126,1531.098314642756,1596.710501943001,1665.134369643617,1736.490406742139,1810.904265553569,1888.506982974126,1969.435211226817,2053.831458495146,2141.844339868711,2233.628839042578,2329.346581231253,2429.16611777786,2533.263222959664,2641.82120351262,2755.031221419976,2873.092630533346,2996.213327619014,3124.610118447628,3258.509099571947,3398.146056464916,3543.76687871916,3695.627993039031,3853.996814787674
Tonga,TON,UM,0.04556427959,6840,2025,projected,830,1020,1100,1170,1280,1380,1460,1740,1980,2240,2200,2130,2050,2010,1920,1890,1870,2050,2290,2560,2720,3130,3090,3270,3660,4130,4330,4360,4220,4280,4450,4650,4980,5210,5240,5390,5910,6270,6840,7151.659672397454,7477.519893245038,7818.227700302669,8174.459613139662,8546.922976452137,8936.357364587715,9343.536050066368,9769.26753901337,10214.397176553135,10679.808825351678,11166.426620640646,11675.216805207763,12207.189647997282,12763.401450130094,13344.956642326693,13953.009977897713,14588.768825656487,15253.49556730653,15948.510104064246,16675.192477494093,17434.98560976022,18229.39816873569,19060.00756365834,19928.46307728155,20836.489140739202
Trinidad and Tobago,TTO,H,0.01244,18550,2025,projected - raised from -2.1% to the 1.244% floor,4200,3840,3540,3610,3790,4290,3960,3760,3850,4090,4340,4450,4700,5180,5830,6480,7740,9300,11200,13320,15060,17420,16330,16590,15060,17960,20110,20620,20650,17870,16930,16800,17240,15040,16310,16100,19880,19290,18550,18780.762,19014.394679279998,19250.93374909024,19490.415364928922,19732.87613206864,19978.353111151573,20226.8838238543,20478.50625862305,20733.25887648032,20991.180616903734,21252.310903778016,21516.689651421013,21784.35727068469,22055.354675132006,22329.72328729065,22607.505044984544,22888.74240774415,23173.478363296486,23461.756434135896,23753.620684176545,24049.1157254877,24348.28672511277,24651.17941197317,24957.84008385812,25268.315614501313
Tunisia,TUN,LM,0.01244,4300,2025,projected - raised from -0.5% to the 1.244% floor,1260,1320,1280,1400,1450,1660,1640,1700,1780,1960,2110,2140,2250,2260,2220,2150,2420,2860,3120,3290,3490,3820,4020,4140,4060,4250,4300,4310,4130,3930,3700,3700,3590,3270,3640,3890,3850,3880,4300,4353.492,4407.649440480001,4462.480599519572,4517.993858177596,4574.197701773325,4631.100721183386,4688.711614154907,4747.039186634994,4806.092354116733,4865.880143001945,4926.411691980889,4987.696253429132,5049.74319482179,5112.562000165373,5176.162271447431,5240.553730104237,5305.746218506733,5371.749701464957,5438.574267751181,5506.230131642005,5574.727634479632,5644.077246252558,5714.28956719594,5785.375329411858,5857.345398509741
Turkmenistan,TKM,UM,0.01244,6340,2025,projected - raised from -2.2% to the 1.244% floor,,,,1040,900,750,800,680,610,610,550,560,620,590,630,720,940,1240,1500,1770,2160,2800,3260,3720,4300,5040,5880,6480,6300,5890,5250,4690,4350,4180,4160,4490,4830,5640,6340,6418.8696,6498.720337824,6579.564418826531,6661.414200196733,6744.28219284718,6828.181063326199,6913.123635753977,6999.122893782757,7086.191982581415,7174.344210844728,7263.593052827637,7353.952150404813,7445.435315155848,7538.056530476387,7631.829953715514,7726.769918339734,7822.890936123881,7920.207699369263,8018.735083149416,8118.488147583795,8219.482140139737,8321.732497963076,8425.254850237736,8530.065020574693,8636.179029430643
Turks and Caicos Islands,TCA,H,0.069413511507,36760,2024,projected,,,,,,,,,,,,,,,,,,,,,,,,,,,,25350,26940,28810,41130,36690,31510,20840,27480,31590,36060,36760,,39311.640682999256,42040.399705909746,44958.57147465701,48079.30379305376,51416.65710014398,54985.667819419,58802.41610532522,62884.09829229471,67249.10437271754,71917.10085293216,76909.11936054102,82247.65140227122,87956.74969931084,94062.1365566869,100591.31975494245,107573.71648626176,115040.78589343732,123026.17080883181,131565.84933193927,140698.296928477,150464.65978134456,160908.9401744817,172078.1947448707,184022.74649590664,196796.41152735968
Tuvalu,TUV,UM,0.034293390609,9780,2025,projected,1320,1660,1720,2130,2300,2410,2220,2520,2450,2350,2860,2940,2710,2350,2780,3420,2610,3380,3800,3900,4650,4790,4890,4460,4740,4460,5580,4790,5650,5390,5320,6230,6860,6920,7460,7460,7520,7970,9780,10115.389360151357,10462.280358636328,10821.067425630923,11192.15851765925,11575.97558145785,11972.95503374751,12383.548257458098,12808.222114970606,13247.459478960018,13701.759781442577,14171.639581651742,14657.633153388533,15160.293092514126,15680.19094527541,16217.917858177969,16774.08525014541,17349.325507729314,17944.292704160292,18559.663343057735,19196.137127643902,19854.43775633697,20535.313745627645,21239.53928117503,21967.91509808944,22721.269391403097
Türkiye,TUR,UM,0.022029446088,16300,2025,projected,1680,1800,1850,2220,2490,2830,3030,2570,3030,3410,4250,4150,3930,4180,3480,3500,3860,5170,6710,7780,8930,9830,9610,10460,11260,11950,12640,12670,12080,11350,11140,10760,9970,9330,10230,10870,11980,13430,16300,16659.0799712343,17026.07027533618,17401.14517255709,17784.48276200529,18176.26506621374,18576.678117570977,18985.91204665602,19404.16117251922,19831.624094951974,20268.503788789076,20715.0077002885,21171.34784563438,21637.740911609944,22114.408358488232,22601.576525189426,23099.47673675475,23608.345414187956,24128.424186716544,24659.96000652606,25203.20526602191,25758.41791767438,26325.861596503797,26905.805745263962,27498.525742383288,28104.303032724427
Uganda,UGA,L,0.042123933045,1120,2025,projected,310,390,400,320,240,190,180,180,230,270,300,290,280,270,240,250,250,280,310,350,380,430,550,680,860,830,810,830,850,810,760,770,810,820,860,930,970,1010,1120,1167.178805010531,1216.344966844474,1267.582200787595,1320.977748542754,1376.622526776458,1434.611281922789,1495.042751508274,1558.019832272396,1623.649755370003,1692.044268953929,1763.319828448718,1837.597794839419,1915.004641313089,1995.672168604849,2079.737729415163,2167.34446228045,2258.641535295257,2353.784400100954,2452.935056573447,2556.262328660567,2663.942151838819,2776.157872678943,2893.100561030345,3014.969335355977,3141.971701771593
Ukraine,UKR,UM,0.066523994129,5510,2025,projected,,,1620,1600,1510,1410,1220,1000,920,860,880,840,760,680,710,780,970,1250,1530,1930,2560,3170,2810,2990,3100,3600,3900,3500,2760,2330,2330,2720,3270,3530,4060,3930,4980,5230,5510,5876.54720765286,6267.478599595759,6684.416309161256,7129.090380470204,7603.345947088394,8109.150888236115,8648.603994319357,9223.943675664754,9837.55725059437,10491.990851380308,11189.959989182997,11934.360821811357,12728.282171059389,13575.018339483982,14478.082779805984,15441.222673654414,16468.434480146985,17563.980518824294,18732.406655747032,19978.561166143027,21307.614851872902,22725.082497189895,24236.845751822537,25849.177536331368,27568.76807100747
United Arab Emirates,ARE,H,0.046477850399,51550,2024,projected,24940,24020,25390,29240,27120,27190,26150,26670,28240,28320,28830,26620,24390,28170,28360,27200,29030,33220,36880,41670,43420,44890,41310,42380,45610,51180,53780,53360,49990,46180,42230,44570,46690,41310,43230,46990,51100,51550,,53945.93318809005,56453.22420046315,59077.04870941713,61822.82294137261,64696.21485731149,67703.15585285828,70849.85300215597,74142.801870811,77588.79992435632,81194.96055991101,84968.72779000127,88917.8916088539,93050.60407288196,97375.39612855694,101901.19522240417,106637.34372947307,111593.61823832293,116780.24973233358,122207.94470899977,127887.90728080513,133831.86230329715,140052.07957810545,146561.39918086416,153373.2579663219,160501.7173053521
United Kingdom,GBR,H,0.01244,54550,2025,projected - raised from 1.0% to the 1.244% floor,12730,16120,17390,18640,19450,21690,21650,22210,21360,22970,25630,27040,28210,29550,29190,29260,32370,37910,42840,44960,47640,48720,44370,42010,41240,41940,42960,44780,44630,43310,42140,42540,43640,39350,45880,49690,48800,49320,54550,55228.602,55915.64580888,56611.23644274247,57315.480224090184,58028.484798077865,58750.35914896595,59481.21361677909,60221.15991417182,60970.311143504114,61728.7818141293,62496.68785989707,63274.14665687419,64061.277041285706,64858.1993276793,65665.03532731564,66481.90836678744,67308.94330687028,68146.26656160774,68994.00611763414,69852.29155373751,70721.254060666,71601.02646118069,72491.74323035778,73393.54051614343,74306.55616016425
United States,USA,H,0.040719691558,88810,2025,projected,21390,23490,23770,24060,24270,25680,26390,27660,29040,30270,31280,32040,33680,35960,36710,37320,39770,43520,46190,47850,48530,49110,47910,49180,50620,52610,53750,55520,56320,56830,58860,63040,65840,64630,71510,77230,79950,82910,88810,92426.31580730977,96189.8868788713,100106.70940362528,104183.0237334766,108425.32432553494,112840.3700892003,117435.19515457875,122217.12007938464,127193.7635121845,132373.05433056457,137763.24427356082,143372.92108847757,149211.02221304053,155286.84901468302,161610.08160965118,168190.79428553907,175039.4715518242,182167.0248439761,189584.80990775116,197304.64489137032,205338.82917440493,213700.1629633688,222401.9676852369,231458.1072113817,240883.00994574177
Uruguay,URY,H,0.048797745519,24020,2025,projected,2210,2600,2730,2850,3190,3850,4380,5080,5590,6240,7080,7360,7400,7180,6610,5210,4300,4180,4770,5470,6510,7930,9140,10930,12730,14230,16480,17140,17070,16490,16720,17700,18390,16130,16220,18050,20070,22000,24020,25192.121847376533,26421.4405983791,27710.747332955343,29062.969329461917,30481.176710839783,31968.589415107894,33528.584506001236,35164.70384035154,36880.662109618876,38680.35527383187,40567.86940708517,42547.489974677286,44623.71156295177,46801.24808393281,49085.04347792393,51480.282938369455,53992.40468446388,56627.11230823803,59390.387724155196,62288.50475061836,65328.043354224385,68515.90458910563,71859.32626527785,75365.89938156804,79043.58536043222
Uzbekistan,UZB,LM,0.059082043008,3670,2025,projected,,,,630,650,600,590,570,580,590,610,610,650,620,550,450,420,460,520,600,760,970,1150,1460,1880,2460,2780,3000,3170,3230,2890,2490,2240,2090,2360,2620,2880,3170,3670,3886.83109783996,4116.473019928007,4359.682655933337,4617.261614113134,4890.058863378108,5178.973531456664,5484.957868380327,5809.020385057936,6152.229177283227,6515.715446131551,6900.67722634885,7308.383335021446,7740.177553541327,8197.483056650477,8681.807103162191,9194.746003819797,9737.990382666616,10313.330749268405,10922.663400154095,11567.99666892569,12251.457545637448,12975.298687261487,13741.905842346036,14553.805714337655,15413.674289484607
Vanuatu,VUT,LM,0.050453040008,4410,2025,projected,890,980,1100,1220,1110,1140,1160,1210,1250,1340,1400,1450,1430,1420,1360,1210,1350,1580,1770,1980,2080,2430,2500,2580,2790,2840,3160,3330,3400,3390,3550,3910,4120,3740,3990,4340,4210,4130,4410,4632.497906434601,4866.221508644208,5111.737177106876,5369.639857413043,5640.554511966828,5925.137634425527,6224.078840547192,6538.102539301308,6867.969688292076,7214.47963774815,7578.472067547247,7960.829021969552,8362.477047110604,8784.38943613317,9227.588587798897,9693.148483995057,10182.197292260053,10695.92009961423,11235.561784320791,11802.430032535754,12397.898507157084,13023.410176551895,13680.480811228057,14370.702656923515,15095.748293014136
"Venezuela, RB",VEN,LM,0.01244,3860,2025,projected - raised from -2.3% to the 1.244% floor,3350,3390,2450,2600,2670,2840,2820,2710,3010,3060,3420,3380,3530,4060,4540,3940,3450,4050,4910,6040,7520,9260,10240,11650,11850,12480,10330,8380,5280,3680,2950,2800,2370,1670,1790,2260,3040,3840,3860,3908.0184,3956.634148896,4005.854677708267,4055.687509898958,4106.140262522101,4157.220647387876,4208.936472241381,4261.295641956064,4314.306159741997,4367.976128369188,4422.313751406101,4477.327334473593,4533.025286514444,4589.416121078683,4646.508457624902,4704.311022837755,4762.832651961857,4822.082290152262,4882.068993841756,4942.801932125148,5004.290388160784,5066.543760589505,5129.571564971238,5193.383435239481,5257.98912517386
Viet Nam,VNM,UM,0.065708031401,4970,2025,projected,,,220,130,110,140,170,200,260,310,350,360,370,390,410,430,480,550,650,740,860,1000,1120,1370,1630,1980,2200,2390,2460,2560,2680,3020,3290,3400,3540,3980,4140,4490,4970,5296.568916062802,5644.596032716838,6015.491326080365,6410.757419026693,6831.995668820075,7280.91265475817,7759.327092104711,8269.177200323094,8812.528555462077,9391.58245850629,10008.684853594583,10666.33583223695,11367.199762034825,12114.116080939664,12910.110800780996,13758.408766668666,14662.44672193626,15625.88723155624,16652.633520435294,17746.84528670484,18912.95555407173,20155.688631503752,21480.079253010696,22891.492975062763,24395.647914283185
Virgin Islands (U.S.),VIR,H,,,,frozen - only 0 of 10 annual rates,,,,,,,,,,,,,,,,,,,,,,,,,,,,,,,,,,,,,,,,,,,,,,,,,,,,,,,,,,,,,,,,
West Bank and Gaza,PSE,LM,0.03518130371,3250,2025,projected,,,,,,,,,,1470,1630,1780,1800,1550,1370,1190,1370,1640,1780,1710,1790,2040,2250,2510,2880,3210,3470,3560,3670,3900,3930,4190,4200,3700,4270,4720,4450,2980,3250,3364.339237057221,3482.701077539311,3605.227041879066,3732.063629382609,3863.362493392642,3999.280622614179,4139.980528819543,4285.630441157074,4436.404507295873,4592.483001647081,4754.052540910644,4921.30630720531,5094.444279048615,5273.673470463059,5459.208178494336,5651.270239437591,5850.089294078043,6055.903062263119,6268.957627134396,6489.507729359193,6717.817071713614,6954.158634381215,7198.815001344302,7452.078698258081,7714.25254221168
"Yemen, Rep.",YEM,L,,,,frozen - only 3 of 10 annual rates,,,,,,1100,1240,1470,1160,620,420,350,340,380,430,460,480,540,620,710,780,880,960,1040,930,1080,1230,1250,1030,970,880,740,,,,,,,,,,,,,,,,,,,,,,,,,,,,,,,,
Zambia,ZMB,LM,0.01244,1200,2025,projected - raised from -2.6% to the 1.244% floor,270,340,420,450,410,380,390,370,390,420,420,370,370,350,360,370,420,470,570,720,900,1170,1260,1310,1380,1640,1710,1740,1530,1320,1260,1390,1380,1110,1050,1170,1270,1190,1200,1214.928,1230.04170432,1245.343423121741,1260.835495305375,1276.520288866974,1292.400201260479,1308.47765976416,1324.755121851626,1341.23507556746,1357.920039907519,1374.812565203969,1391.915233515106,1409.230659020034,1426.761488418244,1444.510401334167,1462.480110726764,1480.673363304205,1499.092939943709,1517.741656116609,1536.622362318699,1555.737944505944,1575.091324535598,1594.685460612821,1614.523347742844,1634.608018188765
Zimbabwe,ZWE,LM,0.074681,2660,2025,projected - cut from 10.8% to the LM p90 cap of 7.47%,590,690,740,730,700,550,510,490,470,560,520,410,400,350,390,370,340,320,320,280,240,120,450,640,960,1150,1220,1270,1330,1240,1680,2140,2430,1980,2330,2580,2550,2400,2660,2858.65146,3072.13840968426,3301.56877825789,3548.133236186968,3813.111374398647,4097.878344950112,4403.91199762933,4732.800549524287,5086.25082736331,5466.097125401629,5874.310724823748,6313.010124064311,6784.472033139557,7291.143189046453,7835.653053547631,8420.827459239623,9049.703274723097,9725.544164982692,10451.857528767763,11232.412700873669,12071.260513787614,12972.754320217788,13941.572585605973,14982.743167871613,16101.669410391432
