economy,code,year,gni_per_capita_atlas_usd,income_group,series,class_2025,status
Afghanistan,AFG,1987,,L,actual,L,projected - raised from -2.6% to the 1.244% floor
Afghanistan,AFG,1988,,L,actual,L,projected - raised from -2.6% to the 1.244% floor
Afghanistan,AFG,1989,,L,actual,L,projected - raised from -2.6% to the 1.244% floor
Afghanistan,AFG,1990,,L,actual,L,projected - raised from -2.6% to the 1.244% floor
Afghanistan,AFG,1991,,L,actual,L,projected - raised from -2.6% to the 1.244% floor
Afghanistan,AFG,1992,,L,actual,L,projected - raised from -2.6% to the 1.244% floor
Afghanistan,AFG,1993,,L,actual,L,projected - raised from -2.6% to the 1.244% floor
Afghanistan,AFG,1994,,L,actual,L,projected - raised from -2.6% to the 1.244% floor
Afghanistan,AFG,1995,,L,actual,L,projected - raised from -2.6% to the 1.244% floor
Afghanistan,AFG,1996,,L,actual,L,projected - raised from -2.6% to the 1.244% floor
Afghanistan,AFG,1997,,L,actual,L,projected - raised from -2.6% to the 1.244% floor
Afghanistan,AFG,1998,,L,actual,L,projected - raised from -2.6% to the 1.244% floor
Afghanistan,AFG,1999,,L,actual,L,projected - raised from -2.6% to the 1.244% floor
Afghanistan,AFG,2000,,L,actual,L,projected - raised from -2.6% to the 1.244% floor
Afghanistan,AFG,2001,,L,actual,L,projected - raised from -2.6% to the 1.244% floor
Afghanistan,AFG,2002,180.0,L,actual,L,projected - raised from -2.6% to the 1.244% floor
Afghanistan,AFG,2003,190.0,L,actual,L,projected - raised from -2.6% to the 1.244% floor
Afghanistan,AFG,2004,210.0,L,actual,L,projected - raised from -2.6% to the 1.244% floor
Afghanistan,AFG,2005,250.0,L,actual,L,projected - raised from -2.6% to the 1.244% floor
Afghanistan,AFG,2006,270.0,L,actual,L,projected - raised from -2.6% to the 1.244% floor
Afghanistan,AFG,2007,330.0,L,actual,L,projected - raised from -2.6% to the 1.244% floor
Afghanistan,AFG,2008,370.0,L,actual,L,projected - raised from -2.6% to the 1.244% floor
Afghanistan,AFG,2009,460.0,L,actual,L,projected - raised from -2.6% to the 1.244% floor
Afghanistan,AFG,2010,530.0,L,actual,L,projected - raised from -2.6% to the 1.244% floor
Afghanistan,AFG,2011,550.0,L,actual,L,projected - raised from -2.6% to the 1.244% floor
Afghanistan,AFG,2012,640.0,L,actual,L,projected - raised from -2.6% to the 1.244% floor
Afghanistan,AFG,2013,670.0,L,actual,L,projected - raised from -2.6% to the 1.244% floor
Afghanistan,AFG,2014,640.0,L,actual,L,projected - raised from -2.6% to the 1.244% floor
Afghanistan,AFG,2015,590.0,L,actual,L,projected - raised from -2.6% to the 1.244% floor
Afghanistan,AFG,2016,560.0,L,actual,L,projected - raised from -2.6% to the 1.244% floor
Afghanistan,AFG,2017,530.0,L,actual,L,projected - raised from -2.6% to the 1.244% floor
Afghanistan,AFG,2018,520.0,L,actual,L,projected - raised from -2.6% to the 1.244% floor
Afghanistan,AFG,2019,520.0,L,actual,L,projected - raised from -2.6% to the 1.244% floor
Afghanistan,AFG,2020,490.0,L,actual,L,projected - raised from -2.6% to the 1.244% floor
Afghanistan,AFG,2021,380.0,L,actual,L,projected - raised from -2.6% to the 1.244% floor
Afghanistan,AFG,2022,370.0,L,actual,L,projected - raised from -2.6% to the 1.244% floor
Afghanistan,AFG,2023,370.0,L,actual,L,projected - raised from -2.6% to the 1.244% floor
Afghanistan,AFG,2024,390.0,L,actual,L,projected - raised from -2.6% to the 1.244% floor
Afghanistan,AFG,2025,,L,actual,L,projected - raised from -2.6% to the 1.244% floor
Afghanistan,AFG,2026,394.8516,L,projected,L,projected - raised from -2.6% to the 1.244% floor
Afghanistan,AFG,2027,399.763554,L,projected,L,projected - raised from -2.6% to the 1.244% floor
Afghanistan,AFG,2028,404.736613,L,projected,L,projected - raised from -2.6% to the 1.244% floor
Afghanistan,AFG,2029,409.771536,L,projected,L,projected - raised from -2.6% to the 1.244% floor
Afghanistan,AFG,2030,414.869094,L,projected,L,projected - raised from -2.6% to the 1.244% floor
Afghanistan,AFG,2031,420.030065,L,projected,L,projected - raised from -2.6% to the 1.244% floor
Afghanistan,AFG,2032,425.255239,L,projected,L,projected - raised from -2.6% to the 1.244% floor
Afghanistan,AFG,2033,430.545415,L,projected,L,projected - raised from -2.6% to the 1.244% floor
Afghanistan,AFG,2034,435.9014,L,projected,L,projected - raised from -2.6% to the 1.244% floor
Afghanistan,AFG,2035,441.324013,L,projected,L,projected - raised from -2.6% to the 1.244% floor
Afghanistan,AFG,2036,446.814084,L,projected,L,projected - raised from -2.6% to the 1.244% floor
Afghanistan,AFG,2037,452.372451,L,projected,L,projected - raised from -2.6% to the 1.244% floor
Afghanistan,AFG,2038,457.999964,L,projected,L,projected - raised from -2.6% to the 1.244% floor
Afghanistan,AFG,2039,463.697484,L,projected,L,projected - raised from -2.6% to the 1.244% floor
Afghanistan,AFG,2040,469.46588,L,projected,L,projected - raised from -2.6% to the 1.244% floor
Afghanistan,AFG,2041,475.306036,L,projected,L,projected - raised from -2.6% to the 1.244% floor
Afghanistan,AFG,2042,481.218843,L,projected,L,projected - raised from -2.6% to the 1.244% floor
Afghanistan,AFG,2043,487.205205,L,projected,L,projected - raised from -2.6% to the 1.244% floor
Afghanistan,AFG,2044,493.266038,L,projected,L,projected - raised from -2.6% to the 1.244% floor
Afghanistan,AFG,2045,499.402268,L,projected,L,projected - raised from -2.6% to the 1.244% floor
Afghanistan,AFG,2046,505.614832,L,projected,L,projected - raised from -2.6% to the 1.244% floor
Afghanistan,AFG,2047,511.90468,L,projected,L,projected - raised from -2.6% to the 1.244% floor
Afghanistan,AFG,2048,518.272775,L,projected,L,projected - raised from -2.6% to the 1.244% floor
Afghanistan,AFG,2049,524.720088,L,projected,L,projected - raised from -2.6% to the 1.244% floor
Afghanistan,AFG,2050,531.247606,L,projected,L,projected - raised from -2.6% to the 1.244% floor
Albania,ALB,1987,730.0,,actual,UM,projected - cut from 12.2% to the UM p90 cap of 9.07%
Albania,ALB,1988,730.0,,actual,UM,projected - cut from 12.2% to the UM p90 cap of 9.07%
Albania,ALB,1989,760.0,,actual,UM,projected - cut from 12.2% to the UM p90 cap of 9.07%
Albania,ALB,1990,650.0,LM,actual,UM,projected - cut from 12.2% to the UM p90 cap of 9.07%
Albania,ALB,1991,410.0,LM,actual,UM,projected - cut from 12.2% to the UM p90 cap of 9.07%
Albania,ALB,1992,280.0,LM,actual,UM,projected - cut from 12.2% to the UM p90 cap of 9.07%
Albania,ALB,1993,320.0,L,actual,UM,projected - cut from 12.2% to the UM p90 cap of 9.07%
Albania,ALB,1994,380.0,L,actual,UM,projected - cut from 12.2% to the UM p90 cap of 9.07%
Albania,ALB,1995,670.0,L,actual,UM,projected - cut from 12.2% to the UM p90 cap of 9.07%
Albania,ALB,1996,940.0,LM,actual,UM,projected - cut from 12.2% to the UM p90 cap of 9.07%
Albania,ALB,1997,860.0,L,actual,UM,projected - cut from 12.2% to the UM p90 cap of 9.07%
Albania,ALB,1998,870.0,LM,actual,UM,projected - cut from 12.2% to the UM p90 cap of 9.07%
Albania,ALB,1999,960.0,LM,actual,UM,projected - cut from 12.2% to the UM p90 cap of 9.07%
Albania,ALB,2000,1130.0,LM,actual,UM,projected - cut from 12.2% to the UM p90 cap of 9.07%
Albania,ALB,2001,1320.0,LM,actual,UM,projected - cut from 12.2% to the UM p90 cap of 9.07%
Albania,ALB,2002,1420.0,LM,actual,UM,projected - cut from 12.2% to the UM p90 cap of 9.07%
Albania,ALB,2003,1700.0,LM,actual,UM,projected - cut from 12.2% to the UM p90 cap of 9.07%
Albania,ALB,2004,2170.0,LM,actual,UM,projected - cut from 12.2% to the UM p90 cap of 9.07%
Albania,ALB,2005,2690.0,LM,actual,UM,projected - cut from 12.2% to the UM p90 cap of 9.07%
Albania,ALB,2006,3130.0,LM,actual,UM,projected - cut from 12.2% to the UM p90 cap of 9.07%
Albania,ALB,2007,3580.0,LM,actual,UM,projected - cut from 12.2% to the UM p90 cap of 9.07%
Albania,ALB,2008,4160.0,LM,actual,UM,projected - cut from 12.2% to the UM p90 cap of 9.07%
Albania,ALB,2009,4390.0,UM,actual,UM,projected - cut from 12.2% to the UM p90 cap of 9.07%
Albania,ALB,2010,4430.0,UM,actual,UM,projected - cut from 12.2% to the UM p90 cap of 9.07%
Albania,ALB,2011,4460.0,LM,actual,UM,projected - cut from 12.2% to the UM p90 cap of 9.07%
Albania,ALB,2012,4430.0,UM,actual,UM,projected - cut from 12.2% to the UM p90 cap of 9.07%
Albania,ALB,2013,4690.0,UM,actual,UM,projected - cut from 12.2% to the UM p90 cap of 9.07%
Albania,ALB,2014,4750.0,UM,actual,UM,projected - cut from 12.2% to the UM p90 cap of 9.07%
Albania,ALB,2015,4660.0,UM,actual,UM,projected - cut from 12.2% to the UM p90 cap of 9.07%
Albania,ALB,2016,4670.0,UM,actual,UM,projected - cut from 12.2% to the UM p90 cap of 9.07%
Albania,ALB,2017,4700.0,UM,actual,UM,projected - cut from 12.2% to the UM p90 cap of 9.07%
Albania,ALB,2018,5400.0,UM,actual,UM,projected - cut from 12.2% to the UM p90 cap of 9.07%
Albania,ALB,2019,5900.0,UM,actual,UM,projected - cut from 12.2% to the UM p90 cap of 9.07%
Albania,ALB,2020,5970.0,UM,actual,UM,projected - cut from 12.2% to the UM p90 cap of 9.07%
Albania,ALB,2021,6940.0,UM,actual,UM,projected - cut from 12.2% to the UM p90 cap of 9.07%
Albania,ALB,2022,7720.0,UM,actual,UM,projected - cut from 12.2% to the UM p90 cap of 9.07%
Albania,ALB,2023,8740.0,UM,actual,UM,projected - cut from 12.2% to the UM p90 cap of 9.07%
Albania,ALB,2024,9910.0,UM,actual,UM,projected - cut from 12.2% to the UM p90 cap of 9.07%
Albania,ALB,2025,12060.0,UM,actual,UM,projected - cut from 12.2% to the UM p90 cap of 9.07%
Albania,ALB,2026,13153.98672,UM,projected,UM,projected - cut from 12.2% to the UM p90 cap of 9.07%
Albania,ALB,2027,14347.211163,UM,projected,UM,projected - cut from 12.2% to the UM p90 cap of 9.07%
Albania,ALB,2028,15648.675382,H,projected,UM,projected - cut from 12.2% to the UM p90 cap of 9.07%
Albania,ALB,2029,17068.198024,H,projected,UM,projected - cut from 12.2% to the UM p90 cap of 9.07%
Albania,ALB,2030,18616.488403,H,projected,UM,projected - cut from 12.2% to the UM p90 cap of 9.07%
Albania,ALB,2031,20305.227299,H,projected,UM,projected - cut from 12.2% to the UM p90 cap of 9.07%
Albania,ALB,2032,22147.155078,H,projected,UM,projected - cut from 12.2% to the UM p90 cap of 9.07%
Albania,ALB,2033,24156.167809,H,projected,UM,projected - cut from 12.2% to the UM p90 cap of 9.07%
Albania,ALB,2034,26347.422103,H,projected,UM,projected - cut from 12.2% to the UM p90 cap of 9.07%
Albania,ALB,2035,28737.449457,H,projected,UM,projected - cut from 12.2% to the UM p90 cap of 9.07%
Albania,ALB,2036,31344.280972,H,projected,UM,projected - cut from 12.2% to the UM p90 cap of 9.07%
Albania,ALB,2037,34187.583388,H,projected,UM,projected - cut from 12.2% to the UM p90 cap of 9.07%
Albania,ALB,2038,37288.807452,H,projected,UM,projected - cut from 12.2% to the UM p90 cap of 9.07%
Albania,ALB,2039,40671.349754,H,projected,UM,projected - cut from 12.2% to the UM p90 cap of 9.07%
Albania,ALB,2040,44360.729232,H,projected,UM,projected - cut from 12.2% to the UM p90 cap of 9.07%
Albania,ALB,2041,48384.779703,H,projected,UM,projected - cut from 12.2% to the UM p90 cap of 9.07%
Albania,ALB,2042,52773.859839,H,projected,UM,projected - cut from 12.2% to the UM p90 cap of 9.07%
Albania,ALB,2043,57561.082213,H,projected,UM,projected - cut from 12.2% to the UM p90 cap of 9.07%
Albania,ALB,2044,62782.563102,H,projected,UM,projected - cut from 12.2% to the UM p90 cap of 9.07%
Albania,ALB,2045,68477.694966,H,projected,UM,projected - cut from 12.2% to the UM p90 cap of 9.07%
Albania,ALB,2046,74689.443632,H,projected,UM,projected - cut from 12.2% to the UM p90 cap of 9.07%
Albania,ALB,2047,81464.672443,H,projected,UM,projected - cut from 12.2% to the UM p90 cap of 9.07%
Albania,ALB,2048,88854.49581,H,projected,UM,projected - cut from 12.2% to the UM p90 cap of 9.07%
Albania,ALB,2049,96914.664834,H,projected,UM,projected - cut from 12.2% to the UM p90 cap of 9.07%
Albania,ALB,2050,105705.98791,H,projected,UM,projected - cut from 12.2% to the UM p90 cap of 9.07%
Algeria,DZA,1987,2850.0,UM,actual,UM,projected
Algeria,DZA,1988,2780.0,UM,actual,UM,projected
Algeria,DZA,1989,2590.0,LM,actual,UM,projected
Algeria,DZA,1990,2400.0,LM,actual,UM,projected
Algeria,DZA,1991,2010.0,LM,actual,UM,projected
Algeria,DZA,1992,1930.0,LM,actual,UM,projected
Algeria,DZA,1993,1750.0,LM,actual,UM,projected
Algeria,DZA,1994,1640.0,LM,actual,UM,projected
Algeria,DZA,1995,1570.0,LM,actual,UM,projected
Algeria,DZA,1996,1530.0,LM,actual,UM,projected
Algeria,DZA,1997,1510.0,LM,actual,UM,projected
Algeria,DZA,1998,1550.0,LM,actual,UM,projected
Algeria,DZA,1999,1540.0,LM,actual,UM,projected
Algeria,DZA,2000,1600.0,LM,actual,UM,projected
Algeria,DZA,2001,1720.0,LM,actual,UM,projected
Algeria,DZA,2002,1840.0,LM,actual,UM,projected
Algeria,DZA,2003,2090.0,LM,actual,UM,projected
Algeria,DZA,2004,2440.0,LM,actual,UM,projected
Algeria,DZA,2005,2910.0,LM,actual,UM,projected
Algeria,DZA,2006,3310.0,LM,actual,UM,projected
Algeria,DZA,2007,3780.0,LM,actual,UM,projected
Algeria,DZA,2008,4430.0,UM,actual,UM,projected
Algeria,DZA,2009,4570.0,UM,actual,UM,projected
Algeria,DZA,2010,4870.0,UM,actual,UM,projected
Algeria,DZA,2011,5050.0,UM,actual,UM,projected
Algeria,DZA,2012,5630.0,UM,actual,UM,projected
Algeria,DZA,2013,5970.0,UM,actual,UM,projected
Algeria,DZA,2014,6030.0,UM,actual,UM,projected
Algeria,DZA,2015,5390.0,UM,actual,UM,projected
Algeria,DZA,2016,4920.0,UM,actual,UM,projected
Algeria,DZA,2017,4440.0,UM,actual,UM,projected
Algeria,DZA,2018,4450.0,UM,actual,UM,projected
Algeria,DZA,2019,4480.0,LM,actual,UM,projected
Algeria,DZA,2020,4020.0,LM,actual,UM,projected
Algeria,DZA,2021,4120.0,LM,actual,UM,projected
Algeria,DZA,2022,4430.0,LM,actual,UM,projected
Algeria,DZA,2023,4950.0,UM,actual,UM,projected
Algeria,DZA,2024,5370.0,UM,actual,UM,projected
Algeria,DZA,2025,5850.0,UM,actual,UM,projected
Algeria,DZA,2026,5942.480295,UM,projected,UM,projected
Algeria,DZA,2027,6036.422574,UM,projected,UM,projected
Algeria,DZA,2028,6131.849949,UM,projected,UM,projected
Algeria,DZA,2029,6228.785896,UM,projected,UM,projected
Algeria,DZA,2030,6327.254265,UM,projected,UM,projected
Algeria,DZA,2031,6427.279281,UM,projected,UM,projected
Algeria,DZA,2032,6528.885552,UM,projected,UM,projected
Algeria,DZA,2033,6632.098075,UM,projected,UM,projected
Algeria,DZA,2034,6736.942244,UM,projected,UM,projected
Algeria,DZA,2035,6843.443852,UM,projected,UM,projected
Algeria,DZA,2036,6951.629101,UM,projected,UM,projected
Algeria,DZA,2037,7061.524607,UM,projected,UM,projected
Algeria,DZA,2038,7173.157407,UM,projected,UM,projected
Algeria,DZA,2039,7286.554965,UM,projected,UM,projected
Algeria,DZA,2040,7401.74518,UM,projected,UM,projected
Algeria,DZA,2041,7518.75639,UM,projected,UM,projected
Algeria,DZA,2042,7637.617383,UM,projected,UM,projected
Algeria,DZA,2043,7758.357402,UM,projected,UM,projected
Algeria,DZA,2044,7881.006151,UM,projected,UM,projected
Algeria,DZA,2045,8005.593805,UM,projected,UM,projected
Algeria,DZA,2046,8132.151015,UM,projected,UM,projected
Algeria,DZA,2047,8260.708917,UM,projected,UM,projected
Algeria,DZA,2048,8391.299139,UM,projected,UM,projected
Algeria,DZA,2049,8523.953809,UM,projected,UM,projected
Algeria,DZA,2050,8658.705563,UM,projected,UM,projected
American Samoa,ASM,1987,,H,actual,H,frozen - only 0 of 10 annual rates
American Samoa,ASM,1988,,H,actual,H,frozen - only 0 of 10 annual rates
American Samoa,ASM,1989,,H,actual,H,frozen - only 0 of 10 annual rates
American Samoa,ASM,1990,,UM,actual,H,frozen - only 0 of 10 annual rates
American Samoa,ASM,1991,,UM,actual,H,frozen - only 0 of 10 annual rates
American Samoa,ASM,1992,,UM,actual,H,frozen - only 0 of 10 annual rates
American Samoa,ASM,1993,,UM,actual,H,frozen - only 0 of 10 annual rates
American Samoa,ASM,1994,,UM,actual,H,frozen - only 0 of 10 annual rates
American Samoa,ASM,1995,,UM,actual,H,frozen - only 0 of 10 annual rates
American Samoa,ASM,1996,,UM,actual,H,frozen - only 0 of 10 annual rates
American Samoa,ASM,1997,,UM,actual,H,frozen - only 0 of 10 annual rates
American Samoa,ASM,1998,,UM,actual,H,frozen - only 0 of 10 annual rates
American Samoa,ASM,1999,,UM,actual,H,frozen - only 0 of 10 annual rates
American Samoa,ASM,2000,,UM,actual,H,frozen - only 0 of 10 annual rates
American Samoa,ASM,2001,,UM,actual,H,frozen - only 0 of 10 annual rates
American Samoa,ASM,2002,,UM,actual,H,frozen - only 0 of 10 annual rates
American Samoa,ASM,2003,,UM,actual,H,frozen - only 0 of 10 annual rates
American Samoa,ASM,2004,,UM,actual,H,frozen - only 0 of 10 annual rates
American Samoa,ASM,2005,,UM,actual,H,frozen - only 0 of 10 annual rates
American Samoa,ASM,2006,,UM,actual,H,frozen - only 0 of 10 annual rates
American Samoa,ASM,2007,,UM,actual,H,frozen - only 0 of 10 annual rates
American Samoa,ASM,2008,,UM,actual,H,frozen - only 0 of 10 annual rates
American Samoa,ASM,2009,,UM,actual,H,frozen - only 0 of 10 annual rates
American Samoa,ASM,2010,,UM,actual,H,frozen - only 0 of 10 annual rates
American Samoa,ASM,2011,,UM,actual,H,frozen - only 0 of 10 annual rates
American Samoa,ASM,2012,,UM,actual,H,frozen - only 0 of 10 annual rates
American Samoa,ASM,2013,,UM,actual,H,frozen - only 0 of 10 annual rates
American Samoa,ASM,2014,,UM,actual,H,frozen - only 0 of 10 annual rates
American Samoa,ASM,2015,,UM,actual,H,frozen - only 0 of 10 annual rates
American Samoa,ASM,2016,,UM,actual,H,frozen - only 0 of 10 annual rates
American Samoa,ASM,2017,,UM,actual,H,frozen - only 0 of 10 annual rates
American Samoa,ASM,2018,,UM,actual,H,frozen - only 0 of 10 annual rates
American Samoa,ASM,2019,,UM,actual,H,frozen - only 0 of 10 annual rates
American Samoa,ASM,2020,,UM,actual,H,frozen - only 0 of 10 annual rates
American Samoa,ASM,2021,,UM,actual,H,frozen - only 0 of 10 annual rates
American Samoa,ASM,2022,,H,actual,H,frozen - only 0 of 10 annual rates
American Samoa,ASM,2023,,H,actual,H,frozen - only 0 of 10 annual rates
American Samoa,ASM,2024,,H,actual,H,frozen - only 0 of 10 annual rates
American Samoa,ASM,2025,,H,actual,H,frozen - only 0 of 10 annual rates
American Samoa,ASM,2026,,H,projected,H,frozen - only 0 of 10 annual rates
American Samoa,ASM,2027,,H,projected,H,frozen - only 0 of 10 annual rates
American Samoa,ASM,2028,,H,projected,H,frozen - only 0 of 10 annual rates
American Samoa,ASM,2029,,H,projected,H,frozen - only 0 of 10 annual rates
American Samoa,ASM,2030,,H,projected,H,frozen - only 0 of 10 annual rates
American Samoa,ASM,2031,,H,projected,H,frozen - only 0 of 10 annual rates
American Samoa,ASM,2032,,H,projected,H,frozen - only 0 of 10 annual rates
American Samoa,ASM,2033,,H,projected,H,frozen - only 0 of 10 annual rates
American Samoa,ASM,2034,,H,projected,H,frozen - only 0 of 10 annual rates
American Samoa,ASM,2035,,H,projected,H,frozen - only 0 of 10 annual rates
American Samoa,ASM,2036,,H,projected,H,frozen - only 0 of 10 annual rates
American Samoa,ASM,2037,,H,projected,H,frozen - only 0 of 10 annual rates
American Samoa,ASM,2038,,H,projected,H,frozen - only 0 of 10 annual rates
American Samoa,ASM,2039,,H,projected,H,frozen - only 0 of 10 annual rates
American Samoa,ASM,2040,,H,projected,H,frozen - only 0 of 10 annual rates
American Samoa,ASM,2041,,H,projected,H,frozen - only 0 of 10 annual rates
American Samoa,ASM,2042,,H,projected,H,frozen - only 0 of 10 annual rates
American Samoa,ASM,2043,,H,projected,H,frozen - only 0 of 10 annual rates
American Samoa,ASM,2044,,H,projected,H,frozen - only 0 of 10 annual rates
American Samoa,ASM,2045,,H,projected,H,frozen - only 0 of 10 annual rates
American Samoa,ASM,2046,,H,projected,H,frozen - only 0 of 10 annual rates
American Samoa,ASM,2047,,H,projected,H,frozen - only 0 of 10 annual rates
American Samoa,ASM,2048,,H,projected,H,frozen - only 0 of 10 annual rates
American Samoa,ASM,2049,,H,projected,H,frozen - only 0 of 10 annual rates
American Samoa,ASM,2050,,H,projected,H,frozen - only 0 of 10 annual rates
Andorra,AND,1990,,H,actual,H,frozen - only 6 of 10 annual rates
Andorra,AND,1991,,H,actual,H,frozen - only 6 of 10 annual rates
Andorra,AND,1992,,H,actual,H,frozen - only 6 of 10 annual rates
Andorra,AND,1993,,H,actual,H,frozen - only 6 of 10 annual rates
Andorra,AND,1994,,H,actual,H,frozen - only 6 of 10 annual rates
Andorra,AND,1995,,H,actual,H,frozen - only 6 of 10 annual rates
Andorra,AND,1996,,H,actual,H,frozen - only 6 of 10 annual rates
Andorra,AND,1997,,H,actual,H,frozen - only 6 of 10 annual rates
Andorra,AND,1998,,H,actual,H,frozen - only 6 of 10 annual rates
Andorra,AND,1999,,H,actual,H,frozen - only 6 of 10 annual rates
Andorra,AND,2000,,H,actual,H,frozen - only 6 of 10 annual rates
Andorra,AND,2001,,H,actual,H,frozen - only 6 of 10 annual rates
Andorra,AND,2002,,H,actual,H,frozen - only 6 of 10 annual rates
Andorra,AND,2003,,H,actual,H,frozen - only 6 of 10 annual rates
Andorra,AND,2004,,H,actual,H,frozen - only 6 of 10 annual rates
Andorra,AND,2005,,H,actual,H,frozen - only 6 of 10 annual rates
Andorra,AND,2006,,H,actual,H,frozen - only 6 of 10 annual rates
Andorra,AND,2007,,H,actual,H,frozen - only 6 of 10 annual rates
Andorra,AND,2008,,H,actual,H,frozen - only 6 of 10 annual rates
Andorra,AND,2009,,H,actual,H,frozen - only 6 of 10 annual rates
Andorra,AND,2010,,H,actual,H,frozen - only 6 of 10 annual rates
Andorra,AND,2011,,H,actual,H,frozen - only 6 of 10 annual rates
Andorra,AND,2012,,H,actual,H,frozen - only 6 of 10 annual rates
Andorra,AND,2013,,H,actual,H,frozen - only 6 of 10 annual rates
Andorra,AND,2014,,H,actual,H,frozen - only 6 of 10 annual rates
Andorra,AND,2015,,H,actual,H,frozen - only 6 of 10 annual rates
Andorra,AND,2016,,H,actual,H,frozen - only 6 of 10 annual rates
Andorra,AND,2017,,H,actual,H,frozen - only 6 of 10 annual rates
Andorra,AND,2018,,H,actual,H,frozen - only 6 of 10 annual rates
Andorra,AND,2019,46450.0,H,actual,H,frozen - only 6 of 10 annual rates
Andorra,AND,2020,42450.0,H,actual,H,frozen - only 6 of 10 annual rates
Andorra,AND,2021,44720.0,H,actual,H,frozen - only 6 of 10 annual rates
Andorra,AND,2022,47600.0,H,actual,H,frozen - only 6 of 10 annual rates
Andorra,AND,2023,47920.0,H,actual,H,frozen - only 6 of 10 annual rates
Andorra,AND,2024,47740.0,H,actual,H,frozen - only 6 of 10 annual rates
Andorra,AND,2025,53230.0,H,actual,H,frozen - only 6 of 10 annual rates
Andorra,AND,2026,,H,projected,H,frozen - only 6 of 10 annual rates
Andorra,AND,2027,,H,projected,H,frozen - only 6 of 10 annual rates
Andorra,AND,2028,,H,projected,H,frozen - only 6 of 10 annual rates
Andorra,AND,2029,,H,projected,H,frozen - only 6 of 10 annual rates
Andorra,AND,2030,,H,projected,H,frozen - only 6 of 10 annual rates
Andorra,AND,2031,,H,projected,H,frozen - only 6 of 10 annual rates
Andorra,AND,2032,,H,projected,H,frozen - only 6 of 10 annual rates
Andorra,AND,2033,,H,projected,H,frozen - only 6 of 10 annual rates
Andorra,AND,2034,,H,projected,H,frozen - only 6 of 10 annual rates
Andorra,AND,2035,,H,projected,H,frozen - only 6 of 10 annual rates
Andorra,AND,2036,,H,projected,H,frozen - only 6 of 10 annual rates
Andorra,AND,2037,,H,projected,H,frozen - only 6 of 10 annual rates
Andorra,AND,2038,,H,projected,H,frozen - only 6 of 10 annual rates
Andorra,AND,2039,,H,projected,H,frozen - only 6 of 10 annual rates
Andorra,AND,2040,,H,projected,H,frozen - only 6 of 10 annual rates
Andorra,AND,2041,,H,projected,H,frozen - only 6 of 10 annual rates
Andorra,AND,2042,,H,projected,H,frozen - only 6 of 10 annual rates
Andorra,AND,2043,,H,projected,H,frozen - only 6 of 10 annual rates
Andorra,AND,2044,,H,projected,H,frozen - only 6 of 10 annual rates
Andorra,AND,2045,,H,projected,H,frozen - only 6 of 10 annual rates
Andorra,AND,2046,,H,projected,H,frozen - only 6 of 10 annual rates
Andorra,AND,2047,,H,projected,H,frozen - only 6 of 10 annual rates
Andorra,AND,2048,,H,projected,H,frozen - only 6 of 10 annual rates
Andorra,AND,2049,,H,projected,H,frozen - only 6 of 10 annual rates
Andorra,AND,2050,,H,projected,H,frozen - only 6 of 10 annual rates
Angola,AGO,1987,680.0,,actual,LM,projected - raised from -0.8% to the 1.244% floor
Angola,AGO,1988,660.0,LM,actual,LM,projected - raised from -0.8% to the 1.244% floor
Angola,AGO,1989,870.0,LM,actual,LM,projected - raised from -0.8% to the 1.244% floor
Angola,AGO,1990,790.0,LM,actual,LM,projected - raised from -0.8% to the 1.244% floor
Angola,AGO,1991,920.0,LM,actual,LM,projected - raised from -0.8% to the 1.244% floor
Angola,AGO,1992,340.0,LM,actual,LM,projected - raised from -0.8% to the 1.244% floor
Angola,AGO,1993,290.0,LM,actual,LM,projected - raised from -0.8% to the 1.244% floor
Angola,AGO,1994,190.0,LM,actual,LM,projected - raised from -0.8% to the 1.244% floor
Angola,AGO,1995,370.0,L,actual,LM,projected - raised from -0.8% to the 1.244% floor
Angola,AGO,1996,370.0,L,actual,LM,projected - raised from -0.8% to the 1.244% floor
Angola,AGO,1997,450.0,L,actual,LM,projected - raised from -0.8% to the 1.244% floor
Angola,AGO,1998,420.0,L,actual,LM,projected - raised from -0.8% to the 1.244% floor
Angola,AGO,1999,340.0,L,actual,LM,projected - raised from -0.8% to the 1.244% floor
Angola,AGO,2000,360.0,L,actual,LM,projected - raised from -0.8% to the 1.244% floor
Angola,AGO,2001,400.0,L,actual,LM,projected - raised from -0.8% to the 1.244% floor
Angola,AGO,2002,620.0,L,actual,LM,projected - raised from -0.8% to the 1.244% floor
Angola,AGO,2003,780.0,L,actual,LM,projected - raised from -0.8% to the 1.244% floor
Angola,AGO,2004,1190.0,LM,actual,LM,projected - raised from -0.8% to the 1.244% floor
Angola,AGO,2005,1590.0,LM,actual,LM,projected - raised from -0.8% to the 1.244% floor
Angola,AGO,2006,2090.0,LM,actual,LM,projected - raised from -0.8% to the 1.244% floor
Angola,AGO,2007,2800.0,LM,actual,LM,projected - raised from -0.8% to the 1.244% floor
Angola,AGO,2008,3450.0,LM,actual,LM,projected - raised from -0.8% to the 1.244% floor
Angola,AGO,2009,3680.0,LM,actual,LM,projected - raised from -0.8% to the 1.244% floor
Angola,AGO,2010,3780.0,LM,actual,LM,projected - raised from -0.8% to the 1.244% floor
Angola,AGO,2011,3960.0,UM,actual,LM,projected - raised from -0.8% to the 1.244% floor
Angola,AGO,2012,4750.0,UM,actual,LM,projected - raised from -0.8% to the 1.244% floor
Angola,AGO,2013,5330.0,UM,actual,LM,projected - raised from -0.8% to the 1.244% floor
Angola,AGO,2014,5430.0,UM,actual,LM,projected - raised from -0.8% to the 1.244% floor
Angola,AGO,2015,4450.0,UM,actual,LM,projected - raised from -0.8% to the 1.244% floor
Angola,AGO,2016,2960.0,LM,actual,LM,projected - raised from -0.8% to the 1.244% floor
Angola,AGO,2017,2440.0,LM,actual,LM,projected - raised from -0.8% to the 1.244% floor
Angola,AGO,2018,2300.0,LM,actual,LM,projected - raised from -0.8% to the 1.244% floor
Angola,AGO,2019,2460.0,LM,actual,LM,projected - raised from -0.8% to the 1.244% floor
Angola,AGO,2020,2000.0,LM,actual,LM,projected - raised from -0.8% to the 1.244% floor
Angola,AGO,2021,1960.0,LM,actual,LM,projected - raised from -0.8% to the 1.244% floor
Angola,AGO,2022,2290.0,LM,actual,LM,projected - raised from -0.8% to the 1.244% floor
Angola,AGO,2023,2650.0,LM,actual,LM,projected - raised from -0.8% to the 1.244% floor
Angola,AGO,2024,2850.0,LM,actual,LM,projected - raised from -0.8% to the 1.244% floor
Angola,AGO,2025,2860.0,LM,actual,LM,projected - raised from -0.8% to the 1.244% floor
Angola,AGO,2026,2895.5784,LM,projected,LM,projected - raised from -0.8% to the 1.244% floor
Angola,AGO,2027,2931.599395,LM,projected,LM,projected - raised from -0.8% to the 1.244% floor
Angola,AGO,2028,2968.068492,LM,projected,LM,projected - raised from -0.8% to the 1.244% floor
Angola,AGO,2029,3004.991264,LM,projected,LM,projected - raised from -0.8% to the 1.244% floor
Angola,AGO,2030,3042.373355,LM,projected,LM,projected - raised from -0.8% to the 1.244% floor
Angola,AGO,2031,3080.22048,LM,projected,LM,projected - raised from -0.8% to the 1.244% floor
Angola,AGO,2032,3118.538422,LM,projected,LM,projected - raised from -0.8% to the 1.244% floor
Angola,AGO,2033,3157.33304,LM,projected,LM,projected - raised from -0.8% to the 1.244% floor
Angola,AGO,2034,3196.610263,LM,projected,LM,projected - raised from -0.8% to the 1.244% floor
Angola,AGO,2035,3236.376095,LM,projected,LM,projected - raised from -0.8% to the 1.244% floor
Angola,AGO,2036,3276.636614,LM,projected,LM,projected - raised from -0.8% to the 1.244% floor
Angola,AGO,2037,3317.397973,LM,projected,LM,projected - raised from -0.8% to the 1.244% floor
Angola,AGO,2038,3358.666404,LM,projected,LM,projected - raised from -0.8% to the 1.244% floor
Angola,AGO,2039,3400.448214,LM,projected,LM,projected - raised from -0.8% to the 1.244% floor
Angola,AGO,2040,3442.74979,LM,projected,LM,projected - raised from -0.8% to the 1.244% floor
Angola,AGO,2041,3485.577597,LM,projected,LM,projected - raised from -0.8% to the 1.244% floor
Angola,AGO,2042,3528.938183,LM,projected,LM,projected - raised from -0.8% to the 1.244% floor
Angola,AGO,2043,3572.838174,LM,projected,LM,projected - raised from -0.8% to the 1.244% floor
Angola,AGO,2044,3617.28428,LM,projected,LM,projected - raised from -0.8% to the 1.244% floor
Angola,AGO,2045,3662.283297,LM,projected,LM,projected - raised from -0.8% to the 1.244% floor
Angola,AGO,2046,3707.842101,LM,projected,LM,projected - raised from -0.8% to the 1.244% floor
Angola,AGO,2047,3753.967657,LM,projected,LM,projected - raised from -0.8% to the 1.244% floor
Angola,AGO,2048,3800.667014,LM,projected,LM,projected - raised from -0.8% to the 1.244% floor
Angola,AGO,2049,3847.947312,LM,projected,LM,projected - raised from -0.8% to the 1.244% floor
Angola,AGO,2050,3895.815777,LM,projected,LM,projected - raised from -0.8% to the 1.244% floor
Antigua and Barbuda,ATG,1987,4840.0,UM,actual,H,projected
Antigua and Barbuda,ATG,1988,6050.0,UM,actual,H,projected
Antigua and Barbuda,ATG,1989,6550.0,UM,actual,H,projected
Antigua and Barbuda,ATG,1990,7040.0,UM,actual,H,projected
Antigua and Barbuda,ATG,1991,7550.0,UM,actual,H,projected
Antigua and Barbuda,ATG,1992,7850.0,UM,actual,H,projected
Antigua and Barbuda,ATG,1993,8410.0,UM,actual,H,projected
Antigua and Barbuda,ATG,1994,9000.0,UM,actual,H,projected
Antigua and Barbuda,ATG,1995,8730.0,UM,actual,H,projected
Antigua and Barbuda,ATG,1996,9380.0,UM,actual,H,projected
Antigua and Barbuda,ATG,1997,9850.0,UM,actual,H,projected
Antigua and Barbuda,ATG,1998,10130.0,UM,actual,H,projected
Antigua and Barbuda,ATG,1999,10590.0,UM,actual,H,projected
Antigua and Barbuda,ATG,2000,11200.0,UM,actual,H,projected
Antigua and Barbuda,ATG,2001,10610.0,UM,actual,H,projected
Antigua and Barbuda,ATG,2002,10710.0,H,actual,H,projected
Antigua and Barbuda,ATG,2003,11680.0,UM,actual,H,projected
Antigua and Barbuda,ATG,2004,12850.0,UM,actual,H,projected
Antigua and Barbuda,ATG,2005,14050.0,H,actual,H,projected
Antigua and Barbuda,ATG,2006,15740.0,H,actual,H,projected
Antigua and Barbuda,ATG,2007,17310.0,H,actual,H,projected
Antigua and Barbuda,ATG,2008,17750.0,H,actual,H,projected
Antigua and Barbuda,ATG,2009,15750.0,UM,actual,H,projected
Antigua and Barbuda,ATG,2010,14390.0,UM,actual,H,projected
Antigua and Barbuda,ATG,2011,14100.0,UM,actual,H,projected
Antigua and Barbuda,ATG,2012,14530.0,H,actual,H,projected
Antigua and Barbuda,ATG,2013,14500.0,H,actual,H,projected
Antigua and Barbuda,ATG,2014,14830.0,H,actual,H,projected
Antigua and Barbuda,ATG,2015,14550.0,H,actual,H,projected
Antigua and Barbuda,ATG,2016,15080.0,H,actual,H,projected
Antigua and Barbuda,ATG,2017,15860.0,H,actual,H,projected
Antigua and Barbuda,ATG,2018,17460.0,H,actual,H,projected
Antigua and Barbuda,ATG,2019,18250.0,H,actual,H,projected
Antigua and Barbuda,ATG,2020,15460.0,H,actual,H,projected
Antigua and Barbuda,ATG,2021,16690.0,H,actual,H,projected
Antigua and Barbuda,ATG,2022,18730.0,H,actual,H,projected
Antigua and Barbuda,ATG,2023,20250.0,H,actual,H,projected
Antigua and Barbuda,ATG,2024,21200.0,H,actual,H,projected
Antigua and Barbuda,ATG,2025,23790.0,H,actual,H,projected
Antigua and Barbuda,ATG,2026,25351.626667,H,projected,H,projected
Antigua and Barbuda,ATG,2027,27015.761861,H,projected,H,projected
Antigua and Barbuda,ATG,2028,28789.134461,H,projected,H,projected
Antigua and Barbuda,ATG,2029,30678.915046,H,projected,H,projected
Antigua and Barbuda,ATG,2030,32692.744884,H,projected,H,projected
Antigua and Barbuda,ATG,2031,34838.766836,H,projected,H,projected
Antigua and Barbuda,ATG,2032,37125.658276,H,projected,H,projected
Antigua and Barbuda,ATG,2033,39562.666178,H,projected,H,projected
Antigua and Barbuda,ATG,2034,42159.644511,H,projected,H,projected
Antigua and Barbuda,ATG,2035,44927.094076,H,projected,H,projected
Antigua and Barbuda,ATG,2036,47876.204971,H,projected,H,projected
Antigua and Barbuda,ATG,2037,51018.901835,H,projected,H,projected
Antigua and Barbuda,ATG,2038,54367.892068,H,projected,H,projected
Antigua and Barbuda,ATG,2039,57936.717209,H,projected,H,projected
Antigua and Barbuda,ATG,2040,61739.807693,H,projected,H,projected
Antigua and Barbuda,ATG,2041,65792.541199,H,projected,H,projected
Antigua and Barbuda,ATG,2042,70111.304833,H,projected,H,projected
Antigua and Barbuda,ATG,2043,74713.561382,H,projected,H,projected
Antigua and Barbuda,ATG,2044,79617.91993,H,projected,H,projected
Antigua and Barbuda,ATG,2045,84844.211101,H,projected,H,projected
Antigua and Barbuda,ATG,2046,90413.567243,H,projected,H,projected
Antigua and Barbuda,ATG,2047,96348.507877,H,projected,H,projected
Antigua and Barbuda,ATG,2048,102673.030755,H,projected,H,projected
Antigua and Barbuda,ATG,2049,109412.70889,H,projected,H,projected
Antigua and Barbuda,ATG,2050,116594.793965,H,projected,H,projected
Argentina,ARG,1987,3490.0,UM,actual,UM,projected
Argentina,ARG,1988,3860.0,UM,actual,UM,projected
Argentina,ARG,1989,2910.0,LM,actual,UM,projected
Argentina,ARG,1990,3180.0,LM,actual,UM,projected
Argentina,ARG,1991,3850.0,UM,actual,UM,projected
Argentina,ARG,1992,6040.0,UM,actual,UM,projected
Argentina,ARG,1993,7080.0,UM,actual,UM,projected
Argentina,ARG,1994,7570.0,UM,actual,UM,projected
Argentina,ARG,1995,7310.0,UM,actual,UM,projected
Argentina,ARG,1996,7680.0,UM,actual,UM,projected
Argentina,ARG,1997,8080.0,UM,actual,UM,projected
Argentina,ARG,1998,7960.0,UM,actual,UM,projected
Argentina,ARG,1999,7510.0,UM,actual,UM,projected
Argentina,ARG,2000,7400.0,UM,actual,UM,projected
Argentina,ARG,2001,6930.0,UM,actual,UM,projected
Argentina,ARG,2002,4010.0,UM,actual,UM,projected
Argentina,ARG,2003,3620.0,UM,actual,UM,projected
Argentina,ARG,2004,3340.0,UM,actual,UM,projected
Argentina,ARG,2005,4230.0,UM,actual,UM,projected
Argentina,ARG,2006,5440.0,UM,actual,UM,projected
Argentina,ARG,2007,6460.0,UM,actual,UM,projected
Argentina,ARG,2008,7600.0,UM,actual,UM,projected
Argentina,ARG,2009,7720.0,UM,actual,UM,projected
Argentina,ARG,2010,9160.0,UM,actual,UM,projected
Argentina,ARG,2011,10590.0,UM,actual,UM,projected
Argentina,ARG,2012,11770.0,UM,actual,UM,projected
Argentina,ARG,2013,12760.0,UM,actual,UM,projected
Argentina,ARG,2014,12240.0,H,actual,UM,projected
Argentina,ARG,2015,12500.0,UM,actual,UM,projected
Argentina,ARG,2016,12130.0,UM,actual,UM,projected
Argentina,ARG,2017,13070.0,H,actual,UM,projected
Argentina,ARG,2018,12390.0,UM,actual,UM,projected
Argentina,ARG,2019,11210.0,UM,actual,UM,projected
Argentina,ARG,2020,9040.0,UM,actual,UM,projected
Argentina,ARG,2021,10070.0,UM,actual,UM,projected
Argentina,ARG,2022,11890.0,UM,actual,UM,projected
Argentina,ARG,2023,12920.0,UM,actual,UM,projected
Argentina,ARG,2024,13530.0,UM,actual,UM,projected
Argentina,ARG,2025,14650.0,UM,actual,UM,projected
Argentina,ARG,2026,15563.481993,H,projected,UM,projected
Argentina,ARG,2027,16533.922985,H,projected,UM,projected
Argentina,ARG,2028,17564.874584,H,projected,UM,projected
Argentina,ARG,2029,18660.109849,H,projected,UM,projected
Argentina,ARG,2030,19823.637107,H,projected,UM,projected
Argentina,ARG,2031,21059.714617,H,projected,UM,projected
Argentina,ARG,2032,22372.866158,H,projected,UM,projected
Argentina,ARG,2033,23767.897582,H,projected,UM,projected
Argentina,ARG,2034,25249.914404,H,projected,UM,projected
Argentina,ARG,2035,26824.340488,H,projected,UM,projected
Argentina,ARG,2036,28496.937894,H,projected,UM,projected
Argentina,ARG,2037,30273.82797,H,projected,UM,projected
Argentina,ARG,2038,32161.513752,H,projected,UM,projected
Argentina,ARG,2039,34166.903763,H,projected,UM,projected
Argentina,ARG,2040,36297.337301,H,projected,UM,projected
Argentina,ARG,2041,38560.611295,H,projected,UM,projected
Argentina,ARG,2042,40965.008841,H,projected,UM,projected
Argentina,ARG,2043,43519.329517,H,projected,UM,projected
Argentina,ARG,2044,46232.921588,H,projected,UM,projected
Argentina,ARG,2045,49115.716219,H,projected,UM,projected
Argentina,ARG,2046,52178.263818,H,projected,UM,projected
Argentina,ARG,2047,55431.772651,H,projected,UM,projected
Argentina,ARG,2048,58888.149862,H,projected,UM,projected
Argentina,ARG,2049,62560.045048,H,projected,UM,projected
Argentina,ARG,2050,66460.896558,H,projected,UM,projected
Armenia,ARM,1991,,LM,actual,UM,projected - cut from 9.2% to the UM p90 cap of 9.07%
Armenia,ARM,1992,300.0,LM,actual,UM,projected - cut from 9.2% to the UM p90 cap of 9.07%
Armenia,ARM,1993,350.0,L,actual,UM,projected - cut from 9.2% to the UM p90 cap of 9.07%
Armenia,ARM,1994,390.0,L,actual,UM,projected - cut from 9.2% to the UM p90 cap of 9.07%
Armenia,ARM,1995,460.0,L,actual,UM,projected - cut from 9.2% to the UM p90 cap of 9.07%
Armenia,ARM,1996,500.0,L,actual,UM,projected - cut from 9.2% to the UM p90 cap of 9.07%
Armenia,ARM,1997,540.0,L,actual,UM,projected - cut from 9.2% to the UM p90 cap of 9.07%
Armenia,ARM,1998,570.0,L,actual,UM,projected - cut from 9.2% to the UM p90 cap of 9.07%
Armenia,ARM,1999,600.0,L,actual,UM,projected - cut from 9.2% to the UM p90 cap of 9.07%
Armenia,ARM,2000,630.0,L,actual,UM,projected - cut from 9.2% to the UM p90 cap of 9.07%
Armenia,ARM,2001,680.0,L,actual,UM,projected - cut from 9.2% to the UM p90 cap of 9.07%
Armenia,ARM,2002,760.0,LM,actual,UM,projected - cut from 9.2% to the UM p90 cap of 9.07%
Armenia,ARM,2003,910.0,LM,actual,UM,projected - cut from 9.2% to the UM p90 cap of 9.07%
Armenia,ARM,2004,1120.0,LM,actual,UM,projected - cut from 9.2% to the UM p90 cap of 9.07%
Armenia,ARM,2005,1460.0,LM,actual,UM,projected - cut from 9.2% to the UM p90 cap of 9.07%
Armenia,ARM,2006,1910.0,LM,actual,UM,projected - cut from 9.2% to the UM p90 cap of 9.07%
Armenia,ARM,2007,2600.0,LM,actual,UM,projected - cut from 9.2% to the UM p90 cap of 9.07%
Armenia,ARM,2008,3390.0,LM,actual,UM,projected - cut from 9.2% to the UM p90 cap of 9.07%
Armenia,ARM,2009,3140.0,LM,actual,UM,projected - cut from 9.2% to the UM p90 cap of 9.07%
Armenia,ARM,2010,3280.0,LM,actual,UM,projected - cut from 9.2% to the UM p90 cap of 9.07%
Armenia,ARM,2011,3360.0,LM,actual,UM,projected - cut from 9.2% to the UM p90 cap of 9.07%
Armenia,ARM,2012,3700.0,LM,actual,UM,projected - cut from 9.2% to the UM p90 cap of 9.07%
Armenia,ARM,2013,3940.0,LM,actual,UM,projected - cut from 9.2% to the UM p90 cap of 9.07%
Armenia,ARM,2014,4000.0,LM,actual,UM,projected - cut from 9.2% to the UM p90 cap of 9.07%
Armenia,ARM,2015,3910.0,LM,actual,UM,projected - cut from 9.2% to the UM p90 cap of 9.07%
Armenia,ARM,2016,3690.0,LM,actual,UM,projected - cut from 9.2% to the UM p90 cap of 9.07%
Armenia,ARM,2017,3900.0,UM,actual,UM,projected - cut from 9.2% to the UM p90 cap of 9.07%
Armenia,ARM,2018,4220.0,UM,actual,UM,projected - cut from 9.2% to the UM p90 cap of 9.07%
Armenia,ARM,2019,4650.0,UM,actual,UM,projected - cut from 9.2% to the UM p90 cap of 9.07%
Armenia,ARM,2020,4230.0,UM,actual,UM,projected - cut from 9.2% to the UM p90 cap of 9.07%
Armenia,ARM,2021,4580.0,UM,actual,UM,projected - cut from 9.2% to the UM p90 cap of 9.07%
Armenia,ARM,2022,5690.0,UM,actual,UM,projected - cut from 9.2% to the UM p90 cap of 9.07%
Armenia,ARM,2023,6850.0,UM,actual,UM,projected - cut from 9.2% to the UM p90 cap of 9.07%
Armenia,ARM,2024,7810.0,UM,actual,UM,projected - cut from 9.2% to the UM p90 cap of 9.07%
Armenia,ARM,2025,9020.0,UM,actual,UM,projected - cut from 9.2% to the UM p90 cap of 9.07%
Armenia,ARM,2026,9838.22224,UM,projected,UM,projected - cut from 9.2% to the UM p90 cap of 9.07%
Armenia,ARM,2027,10730.667056,UM,projected,UM,projected - cut from 9.2% to the UM p90 cap of 9.07%
Armenia,ARM,2028,11704.067326,UM,projected,UM,projected - cut from 9.2% to the UM p90 cap of 9.07%
Armenia,ARM,2029,12765.766681,UM,projected,UM,projected - cut from 9.2% to the UM p90 cap of 9.07%
Armenia,ARM,2030,13923.774908,UM,projected,UM,projected - cut from 9.2% to the UM p90 cap of 9.07%
Armenia,ARM,2031,15186.828378,UM,projected,UM,projected - cut from 9.2% to the UM p90 cap of 9.07%
Armenia,ARM,2032,16564.455954,H,projected,UM,projected - cut from 9.2% to the UM p90 cap of 9.07%
Armenia,ARM,2033,18067.050882,H,projected,UM,projected - cut from 9.2% to the UM p90 cap of 9.07%
Armenia,ARM,2034,19705.949202,H,projected,UM,projected - cut from 9.2% to the UM p90 cap of 9.07%
Armenia,ARM,2035,21493.515266,H,projected,UM,projected - cut from 9.2% to the UM p90 cap of 9.07%
Armenia,ARM,2036,23443.235022,H,projected,UM,projected - cut from 9.2% to the UM p90 cap of 9.07%
Armenia,ARM,2037,25569.817758,H,projected,UM,projected - cut from 9.2% to the UM p90 cap of 9.07%
Armenia,ARM,2038,27889.307066,H,projected,UM,projected - cut from 9.2% to the UM p90 cap of 9.07%
Armenia,ARM,2039,30419.201889,H,projected,UM,projected - cut from 9.2% to the UM p90 cap of 9.07%
Armenia,ARM,2040,33178.58853,H,projected,UM,projected - cut from 9.2% to the UM p90 cap of 9.07%
Armenia,ARM,2041,36188.284653,H,projected,UM,projected - cut from 9.2% to the UM p90 cap of 9.07%
Armenia,ARM,2042,39470.996331,H,projected,UM,projected - cut from 9.2% to the UM p90 cap of 9.07%
Armenia,ARM,2043,43051.48935,H,projected,UM,projected - cut from 9.2% to the UM p90 cap of 9.07%
Armenia,ARM,2044,46956.776052,H,projected,UM,projected - cut from 9.2% to the UM p90 cap of 9.07%
Armenia,ARM,2045,51216.319121,H,projected,UM,projected - cut from 9.2% to the UM p90 cap of 9.07%
Armenia,ARM,2046,55862.253861,H,projected,UM,projected - cut from 9.2% to the UM p90 cap of 9.07%
Armenia,ARM,2047,60929.630633,H,projected,UM,projected - cut from 9.2% to the UM p90 cap of 9.07%
Armenia,ARM,2048,66456.679287,H,projected,UM,projected - cut from 9.2% to the UM p90 cap of 9.07%
Armenia,ARM,2049,72485.097579,H,projected,UM,projected - cut from 9.2% to the UM p90 cap of 9.07%
Armenia,ARM,2050,79060.36575,H,projected,UM,projected - cut from 9.2% to the UM p90 cap of 9.07%
Aruba,ABW,1987,,H,actual,H,projected
Aruba,ABW,1988,10670.0,H,actual,H,projected
Aruba,ABW,1989,11870.0,H,actual,H,projected
Aruba,ABW,1990,12120.0,H,actual,H,projected
Aruba,ABW,1991,12940.0,UM,actual,H,projected
Aruba,ABW,1992,13840.0,UM,actual,H,projected
Aruba,ABW,1993,14380.0,UM,actual,H,projected
Aruba,ABW,1994,15460.0,H,actual,H,projected
Aruba,ABW,1995,16340.0,H,actual,H,projected
Aruba,ABW,1996,16410.0,H,actual,H,projected
Aruba,ABW,1997,17050.0,H,actual,H,projected
Aruba,ABW,1998,17390.0,H,actual,H,projected
Aruba,ABW,1999,17750.0,H,actual,H,projected
Aruba,ABW,2000,20060.0,H,actual,H,projected
Aruba,ABW,2001,20340.0,H,actual,H,projected
Aruba,ABW,2002,19220.0,H,actual,H,projected
Aruba,ABW,2003,21020.0,H,actual,H,projected
Aruba,ABW,2004,23610.0,H,actual,H,projected
Aruba,ABW,2005,19720.0,H,actual,H,projected
Aruba,ABW,2006,23920.0,H,actual,H,projected
Aruba,ABW,2007,22600.0,H,actual,H,projected
Aruba,ABW,2008,26780.0,H,actual,H,projected
Aruba,ABW,2009,24340.0,H,actual,H,projected
Aruba,ABW,2010,23050.0,H,actual,H,projected
Aruba,ABW,2011,23100.0,H,actual,H,projected
Aruba,ABW,2012,23970.0,H,actual,H,projected
Aruba,ABW,2013,24830.0,H,actual,H,projected
Aruba,ABW,2014,25260.0,H,actual,H,projected
Aruba,ABW,2015,25430.0,H,actual,H,projected
Aruba,ABW,2016,25560.0,H,actual,H,projected
Aruba,ABW,2017,26460.0,H,actual,H,projected
Aruba,ABW,2018,27970.0,H,actual,H,projected
Aruba,ABW,2019,29320.0,H,actual,H,projected
Aruba,ABW,2020,22750.0,H,actual,H,projected
Aruba,ABW,2021,26550.0,H,actual,H,projected
Aruba,ABW,2022,30160.0,H,actual,H,projected
Aruba,ABW,2023,31690.0,H,actual,H,projected
Aruba,ABW,2024,35200.0,H,actual,H,projected
Aruba,ABW,2025,,H,actual,H,projected
Aruba,ABW,2026,36985.676393,H,projected,H,projected
Aruba,ABW,2027,38861.939154,H,projected,H,projected
Aruba,ABW,2028,40833.38368,H,projected,H,projected
Aruba,ABW,2029,42904.838489,H,projected,H,projected
Aruba,ABW,2030,45081.377046,H,projected,H,projected
Aruba,ABW,2031,47368.330192,H,projected,H,projected
Aruba,ABW,2032,49771.299197,H,projected,H,projected
Aruba,ABW,2033,52296.169481,H,projected,H,projected
Aruba,ABW,2034,54949.125028,H,projected,H,projected
Aruba,ABW,2035,57736.663533,H,projected,H,projected
Aruba,ABW,2036,60665.612313,H,projected,H,projected
Aruba,ABW,2037,63743.145033,H,projected,H,projected
Aruba,ABW,2038,66976.799274,H,projected,H,projected
Aruba,ABW,2039,70374.494993,H,projected,H,projected
Aruba,ABW,2040,73944.553923,H,projected,H,projected
Aruba,ABW,2041,77695.719954,H,projected,H,projected
Aruba,ABW,2042,81637.180549,H,projected,H,projected
Aruba,ABW,2043,85778.589244,H,projected,H,projected
Aruba,ABW,2044,90130.089295,H,projected,H,projected
Aruba,ABW,2045,94702.33852,H,projected,H,projected
Aruba,ABW,2046,99506.535401,H,projected,H,projected
Aruba,ABW,2047,104554.446514,H,projected,H,projected
Aruba,ABW,2048,109858.435346,H,projected,H,projected
Aruba,ABW,2049,115431.492576,H,projected,H,projected
Aruba,ABW,2050,121287.267896,H,projected,H,projected
Australia,AUS,1987,12580.0,H,actual,H,projected
Australia,AUS,1988,14160.0,H,actual,H,projected
Australia,AUS,1989,15620.0,H,actual,H,projected
Australia,AUS,1990,17370.0,H,actual,H,projected
Australia,AUS,1991,18260.0,H,actual,H,projected
Australia,AUS,1992,18600.0,H,actual,H,projected
Australia,AUS,1993,18980.0,H,actual,H,projected
Australia,AUS,1994,18950.0,H,actual,H,projected
Australia,AUS,1995,19400.0,H,actual,H,projected
Australia,AUS,1996,20620.0,H,actual,H,projected
Australia,AUS,1997,22090.0,H,actual,H,projected
Australia,AUS,1998,21960.0,H,actual,H,projected
Australia,AUS,1999,21650.0,H,actual,H,projected
Australia,AUS,2000,21340.0,H,actual,H,projected
Australia,AUS,2001,20370.0,H,actual,H,projected
Australia,AUS,2002,20240.0,H,actual,H,projected
Australia,AUS,2003,21420.0,H,actual,H,projected
Australia,AUS,2004,25890.0,H,actual,H,projected
Australia,AUS,2005,30790.0,H,actual,H,projected
Australia,AUS,2006,34670.0,H,actual,H,projected
Australia,AUS,2007,37470.0,H,actual,H,projected
Australia,AUS,2008,42510.0,H,actual,H,projected
Australia,AUS,2009,44230.0,H,actual,H,projected
Australia,AUS,2010,46900.0,H,actual,H,projected
Australia,AUS,2011,50570.0,H,actual,H,projected
Australia,AUS,2012,60500.0,H,actual,H,projected
Australia,AUS,2013,66360.0,H,actual,H,projected
Australia,AUS,2014,65500.0,H,actual,H,projected
Australia,AUS,2015,60780.0,H,actual,H,projected
Australia,AUS,2016,54330.0,H,actual,H,projected
Australia,AUS,2017,51700.0,H,actual,H,projected
Australia,AUS,2018,53280.0,H,actual,H,projected
Australia,AUS,2019,55090.0,H,actual,H,projected
Australia,AUS,2020,53770.0,H,actual,H,projected
Australia,AUS,2021,57220.0,H,actual,H,projected
Australia,AUS,2022,60790.0,H,actual,H,projected
Australia,AUS,2023,63320.0,H,actual,H,projected
Australia,AUS,2024,62680.0,H,actual,H,projected
Australia,AUS,2025,64120.0,H,actual,H,projected
Australia,AUS,2026,65836.324527,H,projected,H,projected
Australia,AUS,2027,67598.590568,H,projected,H,projected
Australia,AUS,2028,69408.027857,H,projected,H,projected
Australia,AUS,2029,71265.899045,H,projected,H,projected
Australia,AUS,2030,73173.500581,H,projected,H,projected
Australia,AUS,2031,75132.163616,H,projected,H,projected
Australia,AUS,2032,77143.254932,H,projected,H,projected
Australia,AUS,2033,79208.177897,H,projected,H,projected
Australia,AUS,2034,81328.373444,H,projected,H,projected
Australia,AUS,2035,83505.321075,H,projected,H,projected
Australia,AUS,2036,85740.539894,H,projected,H,projected
Australia,AUS,2037,88035.589669,H,projected,H,projected
Australia,AUS,2038,90392.071918,H,projected,H,projected
Australia,AUS,2039,92811.631027,H,projected,H,projected
Australia,AUS,2040,95295.955399,H,projected,H,projected
Australia,AUS,2041,97846.77863,H,projected,H,projected
Australia,AUS,2042,100465.880721,H,projected,H,projected
Australia,AUS,2043,103155.089318,H,projected,H,projected
Australia,AUS,2044,105916.280988,H,projected,H,projected
Australia,AUS,2045,108751.38253,H,projected,H,projected
Australia,AUS,2046,111662.372317,H,projected,H,projected
Australia,AUS,2047,114651.28168,H,projected,H,projected
Australia,AUS,2048,117720.196321,H,projected,H,projected
Australia,AUS,2049,120871.257773,H,projected,H,projected
Australia,AUS,2050,124106.66489,H,projected,H,projected
Austria,AUT,1987,13760.0,H,actual,H,projected
Austria,AUT,1988,18000.0,H,actual,H,projected
Austria,AUT,1989,19220.0,H,actual,H,projected
Austria,AUT,1990,20550.0,H,actual,H,projected
Austria,AUT,1991,21720.0,H,actual,H,projected
Austria,AUT,1992,24430.0,H,actual,H,projected
Austria,AUT,1993,24770.0,H,actual,H,projected
Austria,AUT,1994,26040.0,H,actual,H,projected
Austria,AUT,1995,28080.0,H,actual,H,projected
Austria,AUT,1996,29930.0,H,actual,H,projected
Austria,AUT,1997,29410.0,H,actual,H,projected
Austria,AUT,1998,27810.0,H,actual,H,projected
Austria,AUT,1999,26980.0,H,actual,H,projected
Austria,AUT,2000,26660.0,H,actual,H,projected
Austria,AUT,2001,25190.0,H,actual,H,projected
Austria,AUT,2002,24860.0,H,actual,H,projected
Austria,AUT,2003,27950.0,H,actual,H,projected
Austria,AUT,2004,33610.0,H,actual,H,projected
Austria,AUT,2005,38510.0,H,actual,H,projected
Austria,AUT,2006,41170.0,H,actual,H,projected
Austria,AUT,2007,44230.0,H,actual,H,projected
Austria,AUT,2008,48890.0,H,actual,H,projected
Austria,AUT,2009,48900.0,H,actual,H,projected
Austria,AUT,2010,49460.0,H,actual,H,projected
Austria,AUT,2011,50380.0,H,actual,H,projected
Austria,AUT,2012,49760.0,H,actual,H,projected
Austria,AUT,2013,50260.0,H,actual,H,projected
Austria,AUT,2014,49960.0,H,actual,H,projected
Austria,AUT,2015,47190.0,H,actual,H,projected
Austria,AUT,2016,45980.0,H,actual,H,projected
Austria,AUT,2017,44800.0,H,actual,H,projected
Austria,AUT,2018,48710.0,H,actual,H,projected
Austria,AUT,2019,50900.0,H,actual,H,projected
Austria,AUT,2020,49000.0,H,actual,H,projected
Austria,AUT,2021,53440.0,H,actual,H,projected
Austria,AUT,2022,56310.0,H,actual,H,projected
Austria,AUT,2023,55890.0,H,actual,H,projected
Austria,AUT,2024,54760.0,H,actual,H,projected
Austria,AUT,2025,60360.0,H,actual,H,projected
Austria,AUT,2026,61491.787919,H,projected,H,projected
Austria,AUT,2027,62644.797573,H,projected,H,projected
Austria,AUT,2028,63819.426883,H,projected,H,projected
Austria,AUT,2029,65016.08123,H,projected,H,projected
Austria,AUT,2030,66235.173597,H,projected,H,projected
Austria,AUT,2031,67477.124713,H,projected,H,projected
Austria,AUT,2032,68742.363192,H,projected,H,projected
Austria,AUT,2033,70031.325687,H,projected,H,projected
Austria,AUT,2034,71344.457039,H,projected,H,projected
Austria,AUT,2035,72682.210428,H,projected,H,projected
Austria,AUT,2036,74045.047534,H,projected,H,projected
Austria,AUT,2037,75433.438692,H,projected,H,projected
Austria,AUT,2038,76847.863057,H,projected,H,projected
Austria,AUT,2039,78288.808767,H,projected,H,projected
Austria,AUT,2040,79756.773114,H,projected,H,projected
Austria,AUT,2041,81252.262715,H,projected,H,projected
Austria,AUT,2042,82775.793685,H,projected,H,projected
Austria,AUT,2043,84327.891818,H,projected,H,projected
Austria,AUT,2044,85909.092766,H,projected,H,projected
Austria,AUT,2045,87519.942226,H,projected,H,projected
Austria,AUT,2046,89160.996124,H,projected,H,projected
Austria,AUT,2047,90832.820815,H,projected,H,projected
Austria,AUT,2048,92535.993268,H,projected,H,projected
Austria,AUT,2049,94271.101275,H,projected,H,projected
Austria,AUT,2050,96038.743647,H,projected,H,projected
Azerbaijan,AZE,1991,,LM,actual,UM,projected
Azerbaijan,AZE,1992,160.0,LM,actual,UM,projected
Azerbaijan,AZE,1993,110.0,LM,actual,UM,projected
Azerbaijan,AZE,1994,80.0,L,actual,UM,projected
Azerbaijan,AZE,1995,180.0,L,actual,UM,projected
Azerbaijan,AZE,1996,240.0,L,actual,UM,projected
Azerbaijan,AZE,1997,410.0,L,actual,UM,projected
Azerbaijan,AZE,1998,510.0,L,actual,UM,projected
Azerbaijan,AZE,1999,600.0,L,actual,UM,projected
Azerbaijan,AZE,2000,630.0,L,actual,UM,projected
Azerbaijan,AZE,2001,680.0,L,actual,UM,projected
Azerbaijan,AZE,2002,740.0,L,actual,UM,projected
Azerbaijan,AZE,2003,840.0,LM,actual,UM,projected
Azerbaijan,AZE,2004,960.0,LM,actual,UM,projected
Azerbaijan,AZE,2005,1290.0,LM,actual,UM,projected
Azerbaijan,AZE,2006,1920.0,LM,actual,UM,projected
Azerbaijan,AZE,2007,2740.0,LM,actual,UM,projected
Azerbaijan,AZE,2008,3900.0,LM,actual,UM,projected
Azerbaijan,AZE,2009,4820.0,UM,actual,UM,projected
Azerbaijan,AZE,2010,5400.0,UM,actual,UM,projected
Azerbaijan,AZE,2011,5490.0,UM,actual,UM,projected
Azerbaijan,AZE,2012,6440.0,UM,actual,UM,projected
Azerbaijan,AZE,2013,7450.0,UM,actual,UM,projected
Azerbaijan,AZE,2014,7740.0,UM,actual,UM,projected
Azerbaijan,AZE,2015,6610.0,UM,actual,UM,projected
Azerbaijan,AZE,2016,4790.0,UM,actual,UM,projected
Azerbaijan,AZE,2017,4110.0,UM,actual,UM,projected
Azerbaijan,AZE,2018,4080.0,UM,actual,UM,projected
Azerbaijan,AZE,2019,4510.0,UM,actual,UM,projected
Azerbaijan,AZE,2020,4480.0,UM,actual,UM,projected
Azerbaijan,AZE,2021,4910.0,UM,actual,UM,projected
Azerbaijan,AZE,2022,5670.0,UM,actual,UM,projected
Azerbaijan,AZE,2023,6680.0,UM,actual,UM,projected
Azerbaijan,AZE,2024,7340.0,UM,actual,UM,projected
Azerbaijan,AZE,2025,7360.0,UM,actual,UM,projected
Azerbaijan,AZE,2026,7723.241534,UM,projected,UM,projected
Azerbaijan,AZE,2027,8104.410297,UM,projected,UM,projected
Azerbaijan,AZE,2028,8504.391062,UM,projected,UM,projected
Azerbaijan,AZE,2029,8924.112264,UM,projected,UM,projected
Azerbaijan,AZE,2030,9364.548165,UM,projected,UM,projected
Azerbaijan,AZE,2031,9826.721104,UM,projected,UM,projected
Azerbaijan,AZE,2032,10311.703882,UM,projected,UM,projected
Azerbaijan,AZE,2033,10820.622243,UM,projected,UM,projected
Azerbaijan,AZE,2034,11354.65749,UM,projected,UM,projected
Azerbaijan,AZE,2035,11915.049229,UM,projected,UM,projected
Azerbaijan,AZE,2036,12503.098245,UM,projected,UM,projected
Azerbaijan,AZE,2037,13120.16952,UM,projected,UM,projected
Azerbaijan,AZE,2038,13767.695402,UM,projected,UM,projected
Azerbaijan,AZE,2039,14447.178934,UM,projected,UM,projected
Azerbaijan,AZE,2040,15160.197335,UM,projected,UM,projected
Azerbaijan,AZE,2041,15908.405668,UM,projected,UM,projected
Azerbaijan,AZE,2042,16693.540678,UM,projected,UM,projected
Azerbaijan,AZE,2043,17517.424825,UM,projected,UM,projected
Azerbaijan,AZE,2044,18381.970512,H,projected,UM,projected
Azerbaijan,AZE,2045,19289.184529,H,projected,UM,projected
Azerbaijan,AZE,2046,20241.172704,H,projected,UM,projected
Azerbaijan,AZE,2047,21240.144799,H,projected,UM,projected
Azerbaijan,AZE,2048,22288.419632,H,projected,UM,projected
Azerbaijan,AZE,2049,23388.430465,H,projected,UM,projected
Azerbaijan,AZE,2050,24542.730649,H,projected,UM,projected
"Bahamas, The",BHS,1987,10030.0,H,actual,H,projected
"Bahamas, The",BHS,1988,10880.0,H,actual,H,projected
"Bahamas, The",BHS,1989,11540.0,H,actual,H,projected
"Bahamas, The",BHS,1990,11020.0,H,actual,H,projected
"Bahamas, The",BHS,1991,10530.0,H,actual,H,projected
"Bahamas, The",BHS,1992,10750.0,H,actual,H,projected
"Bahamas, The",BHS,1993,10530.0,H,actual,H,projected
"Bahamas, The",BHS,1994,10790.0,H,actual,H,projected
"Bahamas, The",BHS,1995,13250.0,H,actual,H,projected
"Bahamas, The",BHS,1996,14770.0,H,actual,H,projected
"Bahamas, The",BHS,1997,13460.0,H,actual,H,projected
"Bahamas, The",BHS,1998,16180.0,H,actual,H,projected
"Bahamas, The",BHS,1999,22250.0,H,actual,H,projected
"Bahamas, The",BHS,2000,23880.0,H,actual,H,projected
"Bahamas, The",BHS,2001,24520.0,H,actual,H,projected
"Bahamas, The",BHS,2002,25220.0,H,actual,H,projected
"Bahamas, The",BHS,2003,25900.0,H,actual,H,projected
"Bahamas, The",BHS,2004,27470.0,H,actual,H,projected
"Bahamas, The",BHS,2005,28880.0,H,actual,H,projected
"Bahamas, The",BHS,2006,29230.0,H,actual,H,projected
"Bahamas, The",BHS,2007,29690.0,H,actual,H,projected
"Bahamas, The",BHS,2008,29660.0,H,actual,H,projected
"Bahamas, The",BHS,2009,27920.0,H,actual,H,projected
"Bahamas, The",BHS,2010,27320.0,H,actual,H,projected
"Bahamas, The",BHS,2011,26990.0,H,actual,H,projected
"Bahamas, The",BHS,2012,27910.0,H,actual,H,projected
"Bahamas, The",BHS,2013,26870.0,H,actual,H,projected
"Bahamas, The",BHS,2014,27220.0,H,actual,H,projected
"Bahamas, The",BHS,2015,27620.0,H,actual,H,projected
"Bahamas, The",BHS,2016,27820.0,H,actual,H,projected
"Bahamas, The",BHS,2017,29570.0,H,actual,H,projected
"Bahamas, The",BHS,2018,30650.0,H,actual,H,projected
"Bahamas, The",BHS,2019,31630.0,H,actual,H,projected
"Bahamas, The",BHS,2020,25180.0,H,actual,H,projected
"Bahamas, The",BHS,2021,29910.0,H,actual,H,projected
"Bahamas, The",BHS,2022,33790.0,H,actual,H,projected
"Bahamas, The",BHS,2023,35180.0,H,actual,H,projected
"Bahamas, The",BHS,2024,37020.0,H,actual,H,projected
"Bahamas, The",BHS,2025,,H,actual,H,projected
"Bahamas, The",BHS,2026,38542.870672,H,projected,H,projected
"Bahamas, The",BHS,2027,40128.386808,H,projected,H,projected
"Bahamas, The",BHS,2028,41779.125419,H,projected,H,projected
"Bahamas, The",BHS,2029,43497.769524,H,projected,H,projected
"Bahamas, The",BHS,2030,45287.112515,H,projected,H,projected
"Bahamas, The",BHS,2031,47150.062689,H,projected,H,projected
"Bahamas, The",BHS,2032,49089.647985,H,projected,H,projected
"Bahamas, The",BHS,2033,51109.020897,H,projected,H,projected
"Bahamas, The",BHS,2034,53211.463603,H,projected,H,projected
"Bahamas, The",BHS,2035,55400.393298,H,projected,H,projected
"Bahamas, The",BHS,2036,57679.367749,H,projected,H,projected
"Bahamas, The",BHS,2037,60052.091075,H,projected,H,projected
"Bahamas, The",BHS,2038,62522.419769,H,projected,H,projected
"Bahamas, The",BHS,2039,65094.36897,H,projected,H,projected
"Bahamas, The",BHS,2040,67772.11898,H,projected,H,projected
"Bahamas, The",BHS,2041,70560.02207,H,projected,H,projected
"Bahamas, The",BHS,2042,73462.609542,H,projected,H,projected
"Bahamas, The",BHS,2043,76484.599102,H,projected,H,projected
"Bahamas, The",BHS,2044,79630.902528,H,projected,H,projected
"Bahamas, The",BHS,2045,82906.633647,H,projected,H,projected
"Bahamas, The",BHS,2046,86317.116653,H,projected,H,projected
"Bahamas, The",BHS,2047,89867.894758,H,projected,H,projected
"Bahamas, The",BHS,2048,93564.7392,H,projected,H,projected
"Bahamas, The",BHS,2049,97413.658629,H,projected,H,projected
"Bahamas, The",BHS,2050,101420.908865,H,projected,H,projected
Bahrain,BHR,1987,8630.0,H,actual,H,projected
Bahrain,BHR,1988,8730.0,H,actual,H,projected
Bahrain,BHR,1989,8530.0,H,actual,H,projected
Bahrain,BHR,1990,9880.0,UM,actual,H,projected
Bahrain,BHR,1991,11240.0,UM,actual,H,projected
Bahrain,BHR,1992,11380.0,UM,actual,H,projected
Bahrain,BHR,1993,11590.0,UM,actual,H,projected
Bahrain,BHR,1994,11180.0,UM,actual,H,projected
Bahrain,BHR,1995,11920.0,UM,actual,H,projected
Bahrain,BHR,1996,12380.0,UM,actual,H,projected
Bahrain,BHR,1997,11890.0,UM,actual,H,projected
Bahrain,BHR,1998,11650.0,UM,actual,H,projected
Bahrain,BHR,1999,11570.0,UM,actual,H,projected
Bahrain,BHR,2000,12500.0,UM,actual,H,projected
Bahrain,BHR,2001,12730.0,H,actual,H,projected
Bahrain,BHR,2002,12480.0,H,actual,H,projected
Bahrain,BHR,2003,13180.0,H,actual,H,projected
Bahrain,BHR,2004,14680.0,H,actual,H,projected
Bahrain,BHR,2005,16550.0,H,actual,H,projected
Bahrain,BHR,2006,17850.0,H,actual,H,projected
Bahrain,BHR,2007,19600.0,H,actual,H,projected
Bahrain,BHR,2008,21070.0,H,actual,H,projected
Bahrain,BHR,2009,18940.0,H,actual,H,projected
Bahrain,BHR,2010,19510.0,H,actual,H,projected
Bahrain,BHR,2011,20040.0,H,actual,H,projected
Bahrain,BHR,2012,24670.0,H,actual,H,projected
Bahrain,BHR,2013,25970.0,H,actual,H,projected
Bahrain,BHR,2014,25480.0,H,actual,H,projected
Bahrain,BHR,2015,23640.0,H,actual,H,projected
Bahrain,BHR,2016,22720.0,H,actual,H,projected
Bahrain,BHR,2017,22360.0,H,actual,H,projected
Bahrain,BHR,2018,24200.0,H,actual,H,projected
Bahrain,BHR,2019,25800.0,H,actual,H,projected
Bahrain,BHR,2020,23870.0,H,actual,H,projected
Bahrain,BHR,2021,25240.0,H,actual,H,projected
Bahrain,BHR,2022,28300.0,H,actual,H,projected
Bahrain,BHR,2023,28460.0,H,actual,H,projected
Bahrain,BHR,2024,28170.0,H,actual,H,projected
Bahrain,BHR,2025,28790.0,H,actual,H,projected
Bahrain,BHR,2026,29188.20802,H,projected,H,projected
Bahrain,BHR,2027,29591.923843,H,projected,H,projected
Bahrain,BHR,2028,30001.223648,H,projected,H,projected
Bahrain,BHR,2029,30416.184672,H,projected,H,projected
Bahrain,BHR,2030,30836.885217,H,projected,H,projected
Bahrain,BHR,2031,31263.404668,H,projected,H,projected
Bahrain,BHR,2032,31695.823511,H,projected,H,projected
Bahrain,BHR,2033,32134.223342,H,projected,H,projected
Bahrain,BHR,2034,32578.686887,H,projected,H,projected
Bahrain,BHR,2035,33029.298016,H,projected,H,projected
Bahrain,BHR,2036,33486.141759,H,projected,H,projected
Bahrain,BHR,2037,33949.304323,H,projected,H,projected
Bahrain,BHR,2038,34418.873106,H,projected,H,projected
Bahrain,BHR,2039,34894.936716,H,projected,H,projected
Bahrain,BHR,2040,35377.584985,H,projected,H,projected
Bahrain,BHR,2041,35866.908989,H,projected,H,projected
Bahrain,BHR,2042,36363.001063,H,projected,H,projected
Bahrain,BHR,2043,36865.95482,H,projected,H,projected
Bahrain,BHR,2044,37375.865167,H,projected,H,projected
Bahrain,BHR,2045,37892.828323,H,projected,H,projected
Bahrain,BHR,2046,38416.94184,H,projected,H,projected
Bahrain,BHR,2047,38948.304617,H,projected,H,projected
Bahrain,BHR,2048,39487.016922,H,projected,H,projected
Bahrain,BHR,2049,40033.180411,H,projected,H,projected
Bahrain,BHR,2050,40586.898143,H,projected,H,projected
Bangladesh,BGD,1987,250.0,L,actual,LM,projected - cut from 9.8% to the LM p90 cap of 7.47%
Bangladesh,BGD,1988,270.0,L,actual,LM,projected - cut from 9.8% to the LM p90 cap of 7.47%
Bangladesh,BGD,1989,280.0,L,actual,LM,projected - cut from 9.8% to the LM p90 cap of 7.47%
Bangladesh,BGD,1990,290.0,L,actual,LM,projected - cut from 9.8% to the LM p90 cap of 7.47%
Bangladesh,BGD,1991,300.0,L,actual,LM,projected - cut from 9.8% to the LM p90 cap of 7.47%
Bangladesh,BGD,1992,300.0,L,actual,LM,projected - cut from 9.8% to the LM p90 cap of 7.47%
Bangladesh,BGD,1993,300.0,L,actual,LM,projected - cut from 9.8% to the LM p90 cap of 7.47%
Bangladesh,BGD,1994,300.0,L,actual,LM,projected - cut from 9.8% to the LM p90 cap of 7.47%
Bangladesh,BGD,1995,320.0,L,actual,LM,projected - cut from 9.8% to the LM p90 cap of 7.47%
Bangladesh,BGD,1996,350.0,L,actual,LM,projected - cut from 9.8% to the LM p90 cap of 7.47%
Bangladesh,BGD,1997,370.0,L,actual,LM,projected - cut from 9.8% to the LM p90 cap of 7.47%
Bangladesh,BGD,1998,390.0,L,actual,LM,projected - cut from 9.8% to the LM p90 cap of 7.47%
Bangladesh,BGD,1999,400.0,L,actual,LM,projected - cut from 9.8% to the LM p90 cap of 7.47%
Bangladesh,BGD,2000,410.0,L,actual,LM,projected - cut from 9.8% to the LM p90 cap of 7.47%
Bangladesh,BGD,2001,420.0,L,actual,LM,projected - cut from 9.8% to the LM p90 cap of 7.47%
Bangladesh,BGD,2002,420.0,L,actual,LM,projected - cut from 9.8% to the LM p90 cap of 7.47%
Bangladesh,BGD,2003,440.0,L,actual,LM,projected - cut from 9.8% to the LM p90 cap of 7.47%
Bangladesh,BGD,2004,490.0,L,actual,LM,projected - cut from 9.8% to the LM p90 cap of 7.47%
Bangladesh,BGD,2005,530.0,L,actual,LM,projected - cut from 9.8% to the LM p90 cap of 7.47%
Bangladesh,BGD,2006,550.0,L,actual,LM,projected - cut from 9.8% to the LM p90 cap of 7.47%
Bangladesh,BGD,2007,580.0,L,actual,LM,projected - cut from 9.8% to the LM p90 cap of 7.47%
Bangladesh,BGD,2008,640.0,L,actual,LM,projected - cut from 9.8% to the LM p90 cap of 7.47%
Bangladesh,BGD,2009,700.0,L,actual,LM,projected - cut from 9.8% to the LM p90 cap of 7.47%
Bangladesh,BGD,2010,780.0,L,actual,LM,projected - cut from 9.8% to the LM p90 cap of 7.47%
Bangladesh,BGD,2011,870.0,L,actual,LM,projected - cut from 9.8% to the LM p90 cap of 7.47%
Bangladesh,BGD,2012,950.0,L,actual,LM,projected - cut from 9.8% to the LM p90 cap of 7.47%
Bangladesh,BGD,2013,1010.0,L,actual,LM,projected - cut from 9.8% to the LM p90 cap of 7.47%
Bangladesh,BGD,2014,1080.0,LM,actual,LM,projected - cut from 9.8% to the LM p90 cap of 7.47%
Bangladesh,BGD,2015,1200.0,LM,actual,LM,projected - cut from 9.8% to the LM p90 cap of 7.47%
Bangladesh,BGD,2016,1400.0,LM,actual,LM,projected - cut from 9.8% to the LM p90 cap of 7.47%
Bangladesh,BGD,2017,1640.0,LM,actual,LM,projected - cut from 9.8% to the LM p90 cap of 7.47%
Bangladesh,BGD,2018,2020.0,LM,actual,LM,projected - cut from 9.8% to the LM p90 cap of 7.47%
Bangladesh,BGD,2019,2220.0,LM,actual,LM,projected - cut from 9.8% to the LM p90 cap of 7.47%
Bangladesh,BGD,2020,2320.0,LM,actual,LM,projected - cut from 9.8% to the LM p90 cap of 7.47%
Bangladesh,BGD,2021,2600.0,LM,actual,LM,projected - cut from 9.8% to the LM p90 cap of 7.47%
Bangladesh,BGD,2022,2850.0,LM,actual,LM,projected - cut from 9.8% to the LM p90 cap of 7.47%
Bangladesh,BGD,2023,2880.0,LM,actual,LM,projected - cut from 9.8% to the LM p90 cap of 7.47%
Bangladesh,BGD,2024,2820.0,LM,actual,LM,projected - cut from 9.8% to the LM p90 cap of 7.47%
Bangladesh,BGD,2025,2840.0,LM,actual,LM,projected - cut from 9.8% to the LM p90 cap of 7.47%
Bangladesh,BGD,2026,3052.09404,LM,projected,LM,projected - cut from 9.8% to the LM p90 cap of 7.47%
Bangladesh,BGD,2027,3280.027475,LM,projected,LM,projected - cut from 9.8% to the LM p90 cap of 7.47%
Bangladesh,BGD,2028,3524.983207,LM,projected,LM,projected - cut from 9.8% to the LM p90 cap of 7.47%
Bangladesh,BGD,2029,3788.232478,LM,projected,LM,projected - cut from 9.8% to the LM p90 cap of 7.47%
Bangladesh,BGD,2030,4071.141467,LM,projected,LM,projected - cut from 9.8% to the LM p90 cap of 7.47%
Bangladesh,BGD,2031,4375.178383,LM,projected,LM,projected - cut from 9.8% to the LM p90 cap of 7.47%
Bangladesh,BGD,2032,4701.92108,LM,projected,LM,projected - cut from 9.8% to the LM p90 cap of 7.47%
Bangladesh,BGD,2033,5053.065248,LM,projected,LM,projected - cut from 9.8% to the LM p90 cap of 7.47%
Bangladesh,BGD,2034,5430.433214,UM,projected,LM,projected - cut from 9.8% to the LM p90 cap of 7.47%
Bangladesh,BGD,2035,5835.983397,UM,projected,LM,projected - cut from 9.8% to the LM p90 cap of 7.47%
Bangladesh,BGD,2036,6271.820473,UM,projected,LM,projected - cut from 9.8% to the LM p90 cap of 7.47%
Bangladesh,BGD,2037,6740.206298,UM,projected,LM,projected - cut from 9.8% to the LM p90 cap of 7.47%
Bangladesh,BGD,2038,7243.571644,UM,projected,LM,projected - cut from 9.8% to the LM p90 cap of 7.47%
Bangladesh,BGD,2039,7784.528818,UM,projected,LM,projected - cut from 9.8% to the LM p90 cap of 7.47%
Bangladesh,BGD,2040,8365.885215,UM,projected,LM,projected - cut from 9.8% to the LM p90 cap of 7.47%
Bangladesh,BGD,2041,8990.657889,UM,projected,LM,projected - cut from 9.8% to the LM p90 cap of 7.47%
Bangladesh,BGD,2042,9662.089211,UM,projected,LM,projected - cut from 9.8% to the LM p90 cap of 7.47%
Bangladesh,BGD,2043,10383.663695,UM,projected,LM,projected - cut from 9.8% to the LM p90 cap of 7.47%
Bangladesh,BGD,2044,11159.126083,UM,projected,LM,projected - cut from 9.8% to the LM p90 cap of 7.47%
Bangladesh,BGD,2045,11992.500778,UM,projected,LM,projected - cut from 9.8% to the LM p90 cap of 7.47%
Bangladesh,BGD,2046,12888.112729,UM,projected,LM,projected - cut from 9.8% to the LM p90 cap of 7.47%
Bangladesh,BGD,2047,13850.609876,UM,projected,LM,projected - cut from 9.8% to the LM p90 cap of 7.47%
Bangladesh,BGD,2048,14884.987272,UM,projected,LM,projected - cut from 9.8% to the LM p90 cap of 7.47%
Bangladesh,BGD,2049,15996.613006,UM,projected,LM,projected - cut from 9.8% to the LM p90 cap of 7.47%
Bangladesh,BGD,2050,17191.256062,UM,projected,LM,projected - cut from 9.8% to the LM p90 cap of 7.47%
Barbados,BRB,1987,6710.0,UM,actual,H,projected
Barbados,BRB,1988,7460.0,UM,actual,H,projected
Barbados,BRB,1989,7920.0,H,actual,H,projected
Barbados,BRB,1990,7670.0,UM,actual,H,projected
Barbados,BRB,1991,7640.0,UM,actual,H,projected
Barbados,BRB,1992,7540.0,UM,actual,H,projected
Barbados,BRB,1993,7770.0,UM,actual,H,projected
Barbados,BRB,1994,8110.0,UM,actual,H,projected
Barbados,BRB,1995,8470.0,UM,actual,H,projected
Barbados,BRB,1996,8850.0,UM,actual,H,projected
Barbados,BRB,1997,9250.0,UM,actual,H,projected
Barbados,BRB,1998,9670.0,UM,actual,H,projected
Barbados,BRB,1999,10110.0,UM,actual,H,projected
Barbados,BRB,2000,11170.0,H,actual,H,projected
Barbados,BRB,2001,11030.0,UM,actual,H,projected
Barbados,BRB,2002,11030.0,H,actual,H,projected
Barbados,BRB,2003,11660.0,UM,actual,H,projected
Barbados,BRB,2004,12660.0,UM,actual,H,projected
Barbados,BRB,2005,13610.0,UM,actual,H,projected
Barbados,BRB,2006,14630.0,H,actual,H,projected
Barbados,BRB,2007,15950.0,H,actual,H,projected
Barbados,BRB,2008,16600.0,H,actual,H,projected
Barbados,BRB,2009,16150.0,H,actual,H,projected
Barbados,BRB,2010,16220.0,H,actual,H,projected
Barbados,BRB,2011,17150.0,H,actual,H,projected
Barbados,BRB,2012,19080.0,H,actual,H,projected
Barbados,BRB,2013,19410.0,H,actual,H,projected
Barbados,BRB,2014,19620.0,H,actual,H,projected
Barbados,BRB,2015,19280.0,H,actual,H,projected
Barbados,BRB,2016,19300.0,H,actual,H,projected
Barbados,BRB,2017,19570.0,H,actual,H,projected
Barbados,BRB,2018,20240.0,H,actual,H,projected
Barbados,BRB,2019,20800.0,H,actual,H,projected
Barbados,BRB,2020,18290.0,H,actual,H,projected
Barbados,BRB,2021,20700.0,H,actual,H,projected
Barbados,BRB,2022,24760.0,H,actual,H,projected
Barbados,BRB,2023,24710.0,H,actual,H,projected
Barbados,BRB,2024,25360.0,H,actual,H,projected
Barbados,BRB,2025,27080.0,H,actual,H,projected
Barbados,BRB,2026,27810.796096,H,projected,H,projected
Barbados,BRB,2027,28561.313867,H,projected,H,projected
Barbados,BRB,2028,29332.085532,H,projected,H,projected
Barbados,BRB,2029,30123.657674,H,projected,H,projected
Barbados,BRB,2030,30936.591626,H,projected,H,projected
Barbados,BRB,2031,31771.463871,H,projected,H,projected
Barbados,BRB,2032,32628.866448,H,projected,H,projected
Barbados,BRB,2033,33509.407372,H,projected,H,projected
Barbados,BRB,2034,34413.711068,H,projected,H,projected
Barbados,BRB,2035,35342.418813,H,projected,H,projected
Barbados,BRB,2036,36296.189186,H,projected,H,projected
Barbados,BRB,2037,37275.698542,H,projected,H,projected
Barbados,BRB,2038,38281.641488,H,projected,H,projected
Barbados,BRB,2039,39314.731376,H,projected,H,projected
Barbados,BRB,2040,40375.700808,H,projected,H,projected
Barbados,BRB,2041,41465.302158,H,projected,H,projected
Barbados,BRB,2042,42584.308101,H,projected,H,projected
Barbados,BRB,2043,43733.512168,H,projected,H,projected
Barbados,BRB,2044,44913.729301,H,projected,H,projected
Barbados,BRB,2045,46125.796437,H,projected,H,projected
Barbados,BRB,2046,47370.573098,H,projected,H,projected
Barbados,BRB,2047,48648.942002,H,projected,H,projected
Barbados,BRB,2048,49961.809687,H,projected,H,projected
Barbados,BRB,2049,51310.107157,H,projected,H,projected
Barbados,BRB,2050,52694.79054,H,projected,H,projected
Belarus,BLR,1991,,UM,actual,UM,projected
Belarus,BLR,1992,1680.0,UM,actual,UM,projected
Belarus,BLR,1993,1610.0,UM,actual,UM,projected
Belarus,BLR,1994,1450.0,LM,actual,UM,projected
Belarus,BLR,1995,1360.0,LM,actual,UM,projected
Belarus,BLR,1996,1440.0,LM,actual,UM,projected
Belarus,BLR,1997,1520.0,LM,actual,UM,projected
Belarus,BLR,1998,1540.0,LM,actual,UM,projected
Belarus,BLR,1999,1410.0,LM,actual,UM,projected
Belarus,BLR,2000,1380.0,LM,actual,UM,projected
Belarus,BLR,2001,1300.0,LM,actual,UM,projected
Belarus,BLR,2002,1380.0,LM,actual,UM,projected
Belarus,BLR,2003,1630.0,LM,actual,UM,projected
Belarus,BLR,2004,2170.0,LM,actual,UM,projected
Belarus,BLR,2005,2820.0,LM,actual,UM,projected
Belarus,BLR,2006,3510.0,LM,actual,UM,projected
Belarus,BLR,2007,4310.0,UM,actual,UM,projected
Belarus,BLR,2008,5470.0,UM,actual,UM,projected
Belarus,BLR,2009,5660.0,UM,actual,UM,projected
Belarus,BLR,2010,6150.0,UM,actual,UM,projected
Belarus,BLR,2011,6350.0,UM,actual,UM,projected
Belarus,BLR,2012,6630.0,UM,actual,UM,projected
Belarus,BLR,2013,7030.0,UM,actual,UM,projected
Belarus,BLR,2014,7620.0,UM,actual,UM,projected
Belarus,BLR,2015,6740.0,UM,actual,UM,projected
Belarus,BLR,2016,5640.0,UM,actual,UM,projected
Belarus,BLR,2017,5320.0,UM,actual,UM,projected
Belarus,BLR,2018,5730.0,UM,actual,UM,projected
Belarus,BLR,2019,6370.0,UM,actual,UM,projected
Belarus,BLR,2020,6410.0,UM,actual,UM,projected
Belarus,BLR,2021,7040.0,UM,actual,UM,projected
Belarus,BLR,2022,7210.0,UM,actual,UM,projected
Belarus,BLR,2023,7850.0,UM,actual,UM,projected
Belarus,BLR,2024,8380.0,UM,actual,UM,projected
Belarus,BLR,2025,9160.0,UM,actual,UM,projected
Belarus,BLR,2026,9822.192855,UM,projected,UM,projected
Belarus,BLR,2027,10532.256821,UM,projected,UM,projected
Belarus,BLR,2028,11293.652586,UM,projected,UM,projected
Belarus,BLR,2029,12110.091019,UM,projected,UM,projected
Belarus,BLR,2030,12985.551253,UM,projected,UM,projected
Belarus,BLR,2031,13924.30008,UM,projected,UM,projected
Belarus,BLR,2032,14930.912746,UM,projected,UM,projected
Belarus,BLR,2033,16010.29525,H,projected,UM,projected
Belarus,BLR,2034,17167.708254,H,projected,UM,projected
Belarus,BLR,2035,18408.792723,H,projected,UM,projected
Belarus,BLR,2036,19739.597418,H,projected,UM,projected
Belarus,BLR,2037,21166.608375,H,projected,UM,projected
Belarus,BLR,2038,22696.780517,H,projected,UM,projected
Belarus,BLR,2039,24337.571553,H,projected,UM,projected
Belarus,BLR,2040,26096.978319,H,projected,UM,projected
Belarus,BLR,2041,27983.575762,H,projected,UM,projected
Belarus,BLR,2042,30006.558723,H,projected,UM,projected
Belarus,BLR,2043,32175.786755,H,projected,UM,projected
Belarus,BLR,2044,34501.83218,H,projected,UM,projected
Belarus,BLR,2045,36996.031606,H,projected,UM,projected
Belarus,BLR,2046,39670.541189,H,projected,UM,projected
Belarus,BLR,2047,42538.395875,H,projected,UM,projected
Belarus,BLR,2048,45613.572927,H,projected,UM,projected
Belarus,BLR,2049,48911.060053,H,projected,UM,projected
Belarus,BLR,2050,52446.928447,H,projected,UM,projected
Belgium,BEL,1987,13090.0,H,actual,H,projected
Belgium,BEL,1988,17010.0,H,actual,H,projected
Belgium,BEL,1989,18030.0,H,actual,H,projected
Belgium,BEL,1990,19310.0,H,actual,H,projected
Belgium,BEL,1991,20580.0,H,actual,H,projected
Belgium,BEL,1992,23170.0,H,actual,H,projected
Belgium,BEL,1993,23410.0,H,actual,H,projected
Belgium,BEL,1994,25090.0,H,actual,H,projected
Belgium,BEL,1995,27070.0,H,actual,H,projected
Belgium,BEL,1996,28550.0,H,actual,H,projected
Belgium,BEL,1997,28450.0,H,actual,H,projected
Belgium,BEL,1998,26530.0,H,actual,H,projected
Belgium,BEL,1999,25980.0,H,actual,H,projected
Belgium,BEL,2000,25890.0,H,actual,H,projected
Belgium,BEL,2001,24460.0,H,actual,H,projected
Belgium,BEL,2002,24060.0,H,actual,H,projected
Belgium,BEL,2003,27100.0,H,actual,H,projected
Belgium,BEL,2004,32910.0,H,actual,H,projected
Belgium,BEL,2005,37780.0,H,actual,H,projected
Belgium,BEL,2006,39940.0,H,actual,H,projected
Belgium,BEL,2007,42740.0,H,actual,H,projected
Belgium,BEL,2008,46570.0,H,actual,H,projected
Belgium,BEL,2009,47120.0,H,actual,H,projected
Belgium,BEL,2010,47110.0,H,actual,H,projected
Belgium,BEL,2011,46720.0,H,actual,H,projected
Belgium,BEL,2012,47170.0,H,actual,H,projected
Belgium,BEL,2013,47950.0,H,actual,H,projected
Belgium,BEL,2014,48050.0,H,actual,H,projected
Belgium,BEL,2015,45520.0,H,actual,H,projected
Belgium,BEL,2016,43240.0,H,actual,H,projected
Belgium,BEL,2017,42310.0,H,actual,H,projected
Belgium,BEL,2018,45980.0,H,actual,H,projected
Belgium,BEL,2019,48070.0,H,actual,H,projected
Belgium,BEL,2020,46330.0,H,actual,H,projected
Belgium,BEL,2021,51140.0,H,actual,H,projected
Belgium,BEL,2022,54330.0,H,actual,H,projected
Belgium,BEL,2023,55520.0,H,actual,H,projected
Belgium,BEL,2024,55290.0,H,actual,H,projected
Belgium,BEL,2025,59500.0,H,actual,H,projected
Belgium,BEL,2026,61503.892459,H,projected,H,projected
Belgium,BEL,2027,63575.27374,H,projected,H,projected
Belgium,BEL,2028,65716.416792,H,projected,H,projected
Belgium,BEL,2029,67929.671112,H,projected,H,projected
Belgium,BEL,2030,70217.465325,H,projected,H,projected
Belgium,BEL,2031,72582.309849,H,projected,H,projected
Belgium,BEL,2032,75026.799653,H,projected,H,projected
Belgium,BEL,2033,77553.617099,H,projected,H,projected
Belgium,BEL,2034,80165.534888,H,projected,H,projected
Belgium,BEL,2035,82865.419103,H,projected,H,projected
Belgium,BEL,2036,85656.232353,H,projected,H,projected
Belgium,BEL,2037,88541.037026,H,projected,H,projected
Belgium,BEL,2038,91522.998646,H,projected,H,projected
Belgium,BEL,2039,94605.389348,H,projected,H,projected
Belgium,BEL,2040,97791.59147,H,projected,H,projected
Belgium,BEL,2041,101085.101263,H,projected,H,projected
Belgium,BEL,2042,104489.532726,H,projected,H,projected
Belgium,BEL,2043,108008.621577,H,projected,H,projected
Belgium,BEL,2044,111646.229346,H,projected,H,projected
Belgium,BEL,2045,115406.347615,H,projected,H,projected
Belgium,BEL,2046,119293.102399,H,projected,H,projected
Belgium,BEL,2047,123310.758672,H,projected,H,projected
Belgium,BEL,2048,127463.725048,H,projected,H,projected
Belgium,BEL,2049,131756.558617,H,projected,H,projected
Belgium,BEL,2050,136193.969948,H,projected,H,projected
Belize,BLZ,1987,2200.0,LM,actual,UM,projected
Belize,BLZ,1988,2550.0,LM,actual,UM,projected
Belize,BLZ,1989,2830.0,LM,actual,UM,projected
Belize,BLZ,1990,3080.0,LM,actual,UM,projected
Belize,BLZ,1991,3320.0,LM,actual,UM,projected
Belize,BLZ,1992,3690.0,LM,actual,UM,projected
Belize,BLZ,1993,3830.0,LM,actual,UM,projected
Belize,BLZ,1994,3800.0,LM,actual,UM,projected
Belize,BLZ,1995,3890.0,LM,actual,UM,projected
Belize,BLZ,1996,3910.0,LM,actual,UM,projected
Belize,BLZ,1997,3950.0,LM,actual,UM,projected
Belize,BLZ,1998,3860.0,LM,actual,UM,projected
Belize,BLZ,1999,4060.0,LM,actual,UM,projected
Belize,BLZ,2000,4470.0,LM,actual,UM,projected
Belize,BLZ,2001,4470.0,LM,actual,UM,projected
Belize,BLZ,2002,4550.0,UM,actual,UM,projected
Belize,BLZ,2003,4820.0,UM,actual,UM,projected
Belize,BLZ,2004,5000.0,UM,actual,UM,projected
Belize,BLZ,2005,5050.0,UM,actual,UM,projected
Belize,BLZ,2006,5160.0,UM,actual,UM,projected
Belize,BLZ,2007,5210.0,UM,actual,UM,projected
Belize,BLZ,2008,5170.0,LM,actual,UM,projected
Belize,BLZ,2009,5280.0,LM,actual,UM,projected
Belize,BLZ,2010,5060.0,LM,actual,UM,projected
Belize,BLZ,2011,5160.0,LM,actual,UM,projected
Belize,BLZ,2012,5330.0,UM,actual,UM,projected
Belize,BLZ,2013,5580.0,UM,actual,UM,projected
Belize,BLZ,2014,5670.0,UM,actual,UM,projected
Belize,BLZ,2015,5790.0,UM,actual,UM,projected
Belize,BLZ,2016,5640.0,UM,actual,UM,projected
Belize,BLZ,2017,5490.0,UM,actual,UM,projected
Belize,BLZ,2018,5610.0,UM,actual,UM,projected
Belize,BLZ,2019,5850.0,UM,actual,UM,projected
Belize,BLZ,2020,5170.0,LM,actual,UM,projected
Belize,BLZ,2021,6120.0,UM,actual,UM,projected
Belize,BLZ,2022,6710.0,UM,actual,UM,projected
Belize,BLZ,2023,6850.0,UM,actual,UM,projected
Belize,BLZ,2024,7150.0,UM,actual,UM,projected
Belize,BLZ,2025,7530.0,UM,actual,UM,projected
Belize,BLZ,2026,7773.364601,UM,projected,UM,projected
Belize,BLZ,2027,8024.594584,UM,projected,UM,projected
Belize,BLZ,2028,8283.944153,UM,projected,UM,projected
Belize,BLZ,2029,8551.675728,UM,projected,UM,projected
Belize,BLZ,2030,8828.06021,UM,projected,UM,projected
Belize,BLZ,2031,9113.377255,UM,projected,UM,projected
Belize,BLZ,2032,9407.915557,UM,projected,UM,projected
Belize,BLZ,2033,9711.973142,UM,projected,UM,projected
Belize,BLZ,2034,10025.857666,UM,projected,UM,projected
Belize,BLZ,2035,10349.886729,UM,projected,UM,projected
Belize,BLZ,2036,10684.388197,UM,projected,UM,projected
Belize,BLZ,2037,11029.70053,UM,projected,UM,projected
Belize,BLZ,2038,11386.173128,UM,projected,UM,projected
Belize,BLZ,2039,11754.166684,UM,projected,UM,projected
Belize,BLZ,2040,12134.053547,UM,projected,UM,projected
Belize,BLZ,2041,12526.218102,UM,projected,UM,projected
Belize,BLZ,2042,12931.057155,UM,projected,UM,projected
Belize,BLZ,2043,13348.980337,UM,projected,UM,projected
Belize,BLZ,2044,13780.410519,UM,projected,UM,projected
Belize,BLZ,2045,14225.784238,UM,projected,UM,projected
Belize,BLZ,2046,14685.552139,UM,projected,UM,projected
Belize,BLZ,2047,15160.179434,UM,projected,UM,projected
Belize,BLZ,2048,15650.146369,UM,projected,UM,projected
Belize,BLZ,2049,16155.948709,UM,projected,UM,projected
Belize,BLZ,2050,16678.098245,UM,projected,UM,projected
Benin,BEN,1987,290.0,L,actual,LM,projected
Benin,BEN,1988,340.0,L,actual,LM,projected
Benin,BEN,1989,320.0,L,actual,LM,projected
Benin,BEN,1990,350.0,L,actual,LM,projected
Benin,BEN,1991,360.0,L,actual,LM,projected
Benin,BEN,1992,350.0,L,actual,LM,projected
Benin,BEN,1993,360.0,L,actual,LM,projected
Benin,BEN,1994,310.0,L,actual,LM,projected
Benin,BEN,1995,340.0,L,actual,LM,projected
Benin,BEN,1996,330.0,L,actual,LM,projected
Benin,BEN,1997,360.0,L,actual,LM,projected
Benin,BEN,1998,350.0,L,actual,LM,projected
Benin,BEN,1999,390.0,L,actual,LM,projected
Benin,BEN,2000,450.0,L,actual,LM,projected
Benin,BEN,2001,510.0,L,actual,LM,projected
Benin,BEN,2002,510.0,L,actual,LM,projected
Benin,BEN,2003,570.0,L,actual,LM,projected
Benin,BEN,2004,690.0,L,actual,LM,projected
Benin,BEN,2005,780.0,L,actual,LM,projected
Benin,BEN,2006,810.0,L,actual,LM,projected
Benin,BEN,2007,870.0,L,actual,LM,projected
Benin,BEN,2008,970.0,L,actual,LM,projected
Benin,BEN,2009,1020.0,L,actual,LM,projected
Benin,BEN,2010,1020.0,L,actual,LM,projected
Benin,BEN,2011,1030.0,L,actual,LM,projected
Benin,BEN,2012,1050.0,L,actual,LM,projected
Benin,BEN,2013,1140.0,L,actual,LM,projected
Benin,BEN,2014,1180.0,L,actual,LM,projected
Benin,BEN,2015,1100.0,L,actual,LM,projected
Benin,BEN,2016,1040.0,L,actual,LM,projected
Benin,BEN,2017,1020.0,L,actual,LM,projected
Benin,BEN,2018,1120.0,L,actual,LM,projected
Benin,BEN,2019,1170.0,LM,actual,LM,projected
Benin,BEN,2020,1190.0,LM,actual,LM,projected
Benin,BEN,2021,1280.0,LM,actual,LM,projected
Benin,BEN,2022,1360.0,LM,actual,LM,projected
Benin,BEN,2023,1390.0,LM,actual,LM,projected
Benin,BEN,2024,1430.0,LM,actual,LM,projected
Benin,BEN,2025,1600.0,LM,actual,LM,projected
Benin,BEN,2026,1658.735868,LM,projected,LM,projected
Benin,BEN,2027,1719.627926,LM,projected,LM,projected
Benin,BEN,2028,1782.755326,LM,projected,LM,projected
Benin,BEN,2029,1848.200127,LM,projected,LM,projected
Benin,BEN,2030,1916.047402,LM,projected,LM,projected
Benin,BEN,2031,1986.385344,LM,projected,LM,projected
Benin,BEN,2032,2059.305387,LM,projected,LM,projected
Benin,BEN,2033,2134.902318,LM,projected,LM,projected
Benin,BEN,2034,2213.274407,LM,projected,LM,projected
Benin,BEN,2035,2294.523528,LM,projected,LM,projected
Benin,BEN,2036,2378.755299,LM,projected,LM,projected
Benin,BEN,2037,2466.07921,LM,projected,LM,projected
Benin,BEN,2038,2556.608775,LM,projected,LM,projected
Benin,BEN,2039,2650.461673,LM,projected,LM,projected
Benin,BEN,2040,2747.759903,LM,projected,LM,projected
Benin,BEN,2041,2848.629943,LM,projected,LM,projected
Benin,BEN,2042,2953.202914,LM,projected,LM,projected
Benin,BEN,2043,3061.61475,LM,projected,LM,projected
Benin,BEN,2044,3174.006376,LM,projected,LM,projected
Benin,BEN,2045,3290.523889,LM,projected,LM,projected
Benin,BEN,2046,3411.318751,LM,projected,LM,projected
Benin,BEN,2047,3536.547981,LM,projected,LM,projected
Benin,BEN,2048,3666.374367,LM,projected,LM,projected
Benin,BEN,2049,3800.966669,LM,projected,LM,projected
Benin,BEN,2050,3940.499843,LM,projected,LM,projected
Bermuda,BMU,1987,,H,actual,H,projected
Bermuda,BMU,1988,,H,actual,H,projected
Bermuda,BMU,1989,,H,actual,H,projected
Bermuda,BMU,1990,,H,actual,H,projected
Bermuda,BMU,1991,,H,actual,H,projected
Bermuda,BMU,1992,,H,actual,H,projected
Bermuda,BMU,1993,,H,actual,H,projected
Bermuda,BMU,1994,,H,actual,H,projected
Bermuda,BMU,1995,,H,actual,H,projected
Bermuda,BMU,1996,,H,actual,H,projected
Bermuda,BMU,1997,,H,actual,H,projected
Bermuda,BMU,1998,,H,actual,H,projected
Bermuda,BMU,1999,,H,actual,H,projected
Bermuda,BMU,2000,,H,actual,H,projected
Bermuda,BMU,2001,,H,actual,H,projected
Bermuda,BMU,2002,,H,actual,H,projected
Bermuda,BMU,2003,,H,actual,H,projected
Bermuda,BMU,2004,,H,actual,H,projected
Bermuda,BMU,2005,,H,actual,H,projected
Bermuda,BMU,2006,,H,actual,H,projected
Bermuda,BMU,2007,,H,actual,H,projected
Bermuda,BMU,2008,,H,actual,H,projected
Bermuda,BMU,2009,,H,actual,H,projected
Bermuda,BMU,2010,105750.0,H,actual,H,projected
Bermuda,BMU,2011,102930.0,H,actual,H,projected
Bermuda,BMU,2012,101910.0,H,actual,H,projected
Bermuda,BMU,2013,104040.0,H,actual,H,projected
Bermuda,BMU,2014,102450.0,H,actual,H,projected
Bermuda,BMU,2015,103940.0,H,actual,H,projected
Bermuda,BMU,2016,105430.0,H,actual,H,projected
Bermuda,BMU,2017,113460.0,H,actual,H,projected
Bermuda,BMU,2018,117160.0,H,actual,H,projected
Bermuda,BMU,2019,116920.0,H,actual,H,projected
Bermuda,BMU,2020,110850.0,H,actual,H,projected
Bermuda,BMU,2021,120460.0,H,actual,H,projected
Bermuda,BMU,2022,131560.0,H,actual,H,projected
Bermuda,BMU,2023,133460.0,H,actual,H,projected
Bermuda,BMU,2024,139370.0,H,actual,H,projected
Bermuda,BMU,2025,,H,actual,H,projected
Bermuda,BMU,2026,143914.940948,H,projected,H,projected
Bermuda,BMU,2027,148608.095201,H,projected,H,projected
Bermuda,BMU,2028,153454.296085,H,projected,H,projected
Bermuda,BMU,2029,158458.534543,H,projected,H,projected
Bermuda,BMU,2030,163625.964279,H,projected,H,projected
Bermuda,BMU,2031,168961.907059,H,projected,H,projected
Bermuda,BMU,2032,174471.858197,H,projected,H,projected
Bermuda,BMU,2033,180161.492212,H,projected,H,projected
Bermuda,BMU,2034,186036.668672,H,projected,H,projected
Bermuda,BMU,2035,192103.43823,H,projected,H,projected
Bermuda,BMU,2036,198368.048855,H,projected,H,projected
Bermuda,BMU,2037,204836.952264,H,projected,H,projected
Bermuda,BMU,2038,211516.81057,H,projected,H,projected
Bermuda,BMU,2039,218414.503141,H,projected,H,projected
Bermuda,BMU,2040,225537.133685,H,projected,H,projected
Bermuda,BMU,2041,232892.037569,H,projected,H,projected
Bermuda,BMU,2042,240486.789367,H,projected,H,projected
Bermuda,BMU,2043,248329.210667,H,projected,H,projected
Bermuda,BMU,2044,256427.378122,H,projected,H,projected
Bermuda,BMU,2045,264789.631771,H,projected,H,projected
Bermuda,BMU,2046,273424.583627,H,projected,H,projected
Bermuda,BMU,2047,282341.126544,H,projected,H,projected
Bermuda,BMU,2048,291548.44338,H,projected,H,projected
Bermuda,BMU,2049,301056.01645,H,projected,H,projected
Bermuda,BMU,2050,310873.637294,H,projected,H,projected
Bhutan,BTN,1987,430.0,L,actual,LM,projected
Bhutan,BTN,1988,480.0,L,actual,LM,projected
Bhutan,BTN,1989,500.0,L,actual,LM,projected
Bhutan,BTN,1990,500.0,L,actual,LM,projected
Bhutan,BTN,1991,430.0,L,actual,LM,projected
Bhutan,BTN,1992,420.0,L,actual,LM,projected
Bhutan,BTN,1993,400.0,L,actual,LM,projected
Bhutan,BTN,1994,430.0,L,actual,LM,projected
Bhutan,BTN,1995,450.0,L,actual,LM,projected
Bhutan,BTN,1996,500.0,L,actual,LM,projected
Bhutan,BTN,1997,550.0,L,actual,LM,projected
Bhutan,BTN,1998,520.0,L,actual,LM,projected
Bhutan,BTN,1999,550.0,L,actual,LM,projected
Bhutan,BTN,2000,710.0,L,actual,LM,projected
Bhutan,BTN,2001,780.0,L,actual,LM,projected
Bhutan,BTN,2002,860.0,L,actual,LM,projected
Bhutan,BTN,2003,960.0,L,actual,LM,projected
Bhutan,BTN,2004,1090.0,L,actual,LM,projected
Bhutan,BTN,2005,1260.0,L,actual,LM,projected
Bhutan,BTN,2006,1390.0,LM,actual,LM,projected
Bhutan,BTN,2007,1700.0,LM,actual,LM,projected
Bhutan,BTN,2008,1850.0,LM,actual,LM,projected
Bhutan,BTN,2009,1980.0,LM,actual,LM,projected
Bhutan,BTN,2010,2180.0,LM,actual,LM,projected
Bhutan,BTN,2011,2430.0,LM,actual,LM,projected
Bhutan,BTN,2012,2620.0,LM,actual,LM,projected
Bhutan,BTN,2013,2630.0,LM,actual,LM,projected
Bhutan,BTN,2014,2670.0,LM,actual,LM,projected
Bhutan,BTN,2015,2740.0,LM,actual,LM,projected
Bhutan,BTN,2016,2880.0,LM,actual,LM,projected
Bhutan,BTN,2017,2960.0,LM,actual,LM,projected
Bhutan,BTN,2018,3150.0,LM,actual,LM,projected
Bhutan,BTN,2019,3370.0,LM,actual,LM,projected
Bhutan,BTN,2020,3040.0,LM,actual,LM,projected
Bhutan,BTN,2021,3300.0,LM,actual,LM,projected
Bhutan,BTN,2022,3600.0,LM,actual,LM,projected
Bhutan,BTN,2023,3730.0,LM,actual,LM,projected
Bhutan,BTN,2024,3910.0,LM,actual,LM,projected
Bhutan,BTN,2025,4310.0,LM,actual,LM,projected
Bhutan,BTN,2026,4558.437192,LM,projected,LM,projected
Bhutan,BTN,2027,4821.19481,UM,projected,LM,projected
Bhutan,BTN,2028,5099.098313,UM,projected,LM,projected
Bhutan,BTN,2029,5393.020742,UM,projected,LM,projected
Bhutan,BTN,2030,5703.885458,UM,projected,LM,projected
Bhutan,BTN,2031,6032.669051,UM,projected,LM,projected
Bhutan,BTN,2032,6380.404401,UM,projected,LM,projected
Bhutan,BTN,2033,6748.183925,UM,projected,LM,projected
Bhutan,BTN,2034,7137.163012,UM,projected,LM,projected
Bhutan,BTN,2035,7548.563647,UM,projected,LM,projected
Bhutan,BTN,2036,7983.678254,UM,projected,LM,projected
Bhutan,BTN,2037,8443.873754,UM,projected,LM,projected
Bhutan,BTN,2038,8930.595861,UM,projected,LM,projected
Bhutan,BTN,2039,9445.373624,UM,projected,LM,projected
Bhutan,BTN,2040,9989.824226,UM,projected,LM,projected
Bhutan,BTN,2041,10565.658072,UM,projected,LM,projected
Bhutan,BTN,2042,11174.684156,UM,projected,LM,projected
Bhutan,BTN,2043,11818.815746,UM,projected,LM,projected
Bhutan,BTN,2044,12500.076394,UM,projected,LM,projected
Bhutan,BTN,2045,13220.606295,UM,projected,LM,projected
Bhutan,BTN,2046,13982.66901,UM,projected,LM,projected
Bhutan,BTN,2047,14788.658575,UM,projected,LM,projected
Bhutan,BTN,2048,15641.107021,UM,projected,LM,projected
Bhutan,BTN,2049,16542.692336,UM,projected,LM,projected
Bhutan,BTN,2050,17496.246867,UM,projected,LM,projected
Bolivia,BOL,1987,690.0,LM,actual,LM,projected
Bolivia,BOL,1988,690.0,LM,actual,LM,projected
Bolivia,BOL,1989,690.0,LM,actual,LM,projected
Bolivia,BOL,1990,690.0,LM,actual,LM,projected
Bolivia,BOL,1991,710.0,LM,actual,LM,projected
Bolivia,BOL,1992,740.0,LM,actual,LM,projected
Bolivia,BOL,1993,760.0,LM,actual,LM,projected
Bolivia,BOL,1994,790.0,LM,actual,LM,projected
Bolivia,BOL,1995,820.0,LM,actual,LM,projected
Bolivia,BOL,1996,870.0,LM,actual,LM,projected
Bolivia,BOL,1997,930.0,LM,actual,LM,projected
Bolivia,BOL,1998,960.0,LM,actual,LM,projected
Bolivia,BOL,1999,950.0,LM,actual,LM,projected
Bolivia,BOL,2000,960.0,LM,actual,LM,projected
Bolivia,BOL,2001,930.0,LM,actual,LM,projected
Bolivia,BOL,2002,900.0,LM,actual,LM,projected
Bolivia,BOL,2003,890.0,LM,actual,LM,projected
Bolivia,BOL,2004,940.0,LM,actual,LM,projected
Bolivia,BOL,2005,1000.0,LM,actual,LM,projected
Bolivia,BOL,2006,1090.0,LM,actual,LM,projected
Bolivia,BOL,2007,1210.0,LM,actual,LM,projected
Bolivia,BOL,2008,1460.0,LM,actual,LM,projected
Bolivia,BOL,2009,1600.0,LM,actual,LM,projected
Bolivia,BOL,2010,1760.0,LM,actual,LM,projected
Bolivia,BOL,2011,1970.0,LM,actual,LM,projected
Bolivia,BOL,2012,2220.0,LM,actual,LM,projected
Bolivia,BOL,2013,2550.0,LM,actual,LM,projected
Bolivia,BOL,2014,2800.0,LM,actual,LM,projected
Bolivia,BOL,2015,2920.0,LM,actual,LM,projected
Bolivia,BOL,2016,3000.0,LM,actual,LM,projected
Bolivia,BOL,2017,3250.0,LM,actual,LM,projected
Bolivia,BOL,2018,3730.0,LM,actual,LM,projected
Bolivia,BOL,2019,4170.0,LM,actual,LM,projected
Bolivia,BOL,2020,3620.0,LM,actual,LM,projected
Bolivia,BOL,2021,3990.0,LM,actual,LM,projected
Bolivia,BOL,2022,4190.0,LM,actual,LM,projected
Bolivia,BOL,2023,4230.0,LM,actual,LM,projected
Bolivia,BOL,2024,4160.0,LM,actual,LM,projected
Bolivia,BOL,2025,4420.0,LM,actual,LM,projected
Bolivia,BOL,2026,4668.901942,LM,projected,LM,projected
Bolivia,BOL,2027,4931.820214,UM,projected,LM,projected
Bolivia,BOL,2028,5209.544113,UM,projected,LM,projected
Bolivia,BOL,2029,5502.907382,UM,projected,LM,projected
Bolivia,BOL,2030,5812.790715,UM,projected,LM,projected
Bolivia,BOL,2031,6140.124403,UM,projected,LM,projected
Bolivia,BOL,2032,6485.89112,UM,projected,LM,projected
Bolivia,BOL,2033,6851.12888,UM,projected,LM,projected
Bolivia,BOL,2034,7236.934148,UM,projected,LM,projected
Bolivia,BOL,2035,7644.465136,UM,projected,LM,projected
Bolivia,BOL,2036,8074.945277,UM,projected,LM,projected
Bolivia,BOL,2037,8529.666897,UM,projected,LM,projected
Bolivia,BOL,2038,9009.995101,UM,projected,LM,projected
Bolivia,BOL,2039,9517.371861,UM,projected,LM,projected
Bolivia,BOL,2040,10053.320355,UM,projected,LM,projected
Bolivia,BOL,2041,10619.449532,UM,projected,LM,projected
Bolivia,BOL,2042,11217.458947,UM,projected,LM,projected
Bolivia,BOL,2043,11849.143861,UM,projected,LM,projected
Bolivia,BOL,2044,12516.400631,UM,projected,LM,projected
Bolivia,BOL,2045,13221.232402,UM,projected,LM,projected
Bolivia,BOL,2046,13965.755123,UM,projected,LM,projected
Bolivia,BOL,2047,14752.203896,UM,projected,LM,projected
Bolivia,BOL,2048,15582.939689,UM,projected,LM,projected
Bolivia,BOL,2049,16460.456421,UM,projected,LM,projected
Bolivia,BOL,2050,17387.388451,UM,projected,LM,projected
Bosnia and Herzegovina,BIH,1992,1140.0,LM,actual,UM,projected
Bosnia and Herzegovina,BIH,1993,980.0,L,actual,UM,projected
Bosnia and Herzegovina,BIH,1994,580.0,L,actual,UM,projected
Bosnia and Herzegovina,BIH,1995,510.0,L,actual,UM,projected
Bosnia and Herzegovina,BIH,1996,640.0,L,actual,UM,projected
Bosnia and Herzegovina,BIH,1997,900.0,L,actual,UM,projected
Bosnia and Herzegovina,BIH,1998,1230.0,LM,actual,UM,projected
Bosnia and Herzegovina,BIH,1999,1270.0,LM,actual,UM,projected
Bosnia and Herzegovina,BIH,2000,1340.0,LM,actual,UM,projected
Bosnia and Herzegovina,BIH,2001,1430.0,LM,actual,UM,projected
Bosnia and Herzegovina,BIH,2002,1590.0,LM,actual,UM,projected
Bosnia and Herzegovina,BIH,2003,1860.0,LM,actual,UM,projected
Bosnia and Herzegovina,BIH,2004,2360.0,LM,actual,UM,projected
Bosnia and Herzegovina,BIH,2005,2810.0,LM,actual,UM,projected
Bosnia and Herzegovina,BIH,2006,3160.0,LM,actual,UM,projected
Bosnia and Herzegovina,BIH,2007,3680.0,LM,actual,UM,projected
Bosnia and Herzegovina,BIH,2008,4500.0,UM,actual,UM,projected
Bosnia and Herzegovina,BIH,2009,4790.0,UM,actual,UM,projected
Bosnia and Herzegovina,BIH,2010,4820.0,UM,actual,UM,projected
Bosnia and Herzegovina,BIH,2011,4900.0,UM,actual,UM,projected
Bosnia and Herzegovina,BIH,2012,4900.0,UM,actual,UM,projected
Bosnia and Herzegovina,BIH,2013,5170.0,UM,actual,UM,projected
Bosnia and Herzegovina,BIH,2014,5180.0,UM,actual,UM,projected
Bosnia and Herzegovina,BIH,2015,5140.0,UM,actual,UM,projected
Bosnia and Herzegovina,BIH,2016,5070.0,UM,actual,UM,projected
Bosnia and Herzegovina,BIH,2017,5070.0,UM,actual,UM,projected
Bosnia and Herzegovina,BIH,2018,5720.0,UM,actual,UM,projected
Bosnia and Herzegovina,BIH,2019,6180.0,UM,actual,UM,projected
Bosnia and Herzegovina,BIH,2020,6160.0,UM,actual,UM,projected
Bosnia and Herzegovina,BIH,2021,6970.0,UM,actual,UM,projected
Bosnia and Herzegovina,BIH,2022,7710.0,UM,actual,UM,projected
Bosnia and Herzegovina,BIH,2023,8280.0,UM,actual,UM,projected
Bosnia and Herzegovina,BIH,2024,8810.0,UM,actual,UM,projected
Bosnia and Herzegovina,BIH,2025,9940.0,UM,actual,UM,projected
Bosnia and Herzegovina,BIH,2026,10707.117221,UM,projected,UM,projected
Bosnia and Herzegovina,BIH,2027,11533.436538,UM,projected,UM,projected
Bosnia and Herzegovina,BIH,2028,12423.526859,UM,projected,UM,projected
Bosnia and Herzegovina,BIH,2029,13382.309696,UM,projected,UM,projected
Bosnia and Herzegovina,BIH,2030,14415.086379,UM,projected,UM,projected
Bosnia and Herzegovina,BIH,2031,15527.567366,H,projected,UM,projected
Bosnia and Herzegovina,BIH,2032,16725.903818,H,projected,UM,projected
Bosnia and Herzegovina,BIH,2033,18016.721611,H,projected,UM,projected
Bosnia and Herzegovina,BIH,2034,19407.157971,H,projected,UM,projected
Bosnia and Herzegovina,BIH,2035,20904.900938,H,projected,UM,projected
Bosnia and Herzegovina,BIH,2036,22518.231876,H,projected,UM,projected
Bosnia and Herzegovina,BIH,2037,24256.071259,H,projected,UM,projected
Bosnia and Herzegovina,BIH,2038,26128.027998,H,projected,UM,projected
Bosnia and Herzegovina,BIH,2039,28144.452569,H,projected,UM,projected
Bosnia and Herzegovina,BIH,2040,30316.494244,H,projected,UM,projected
Bosnia and Herzegovina,BIH,2041,32656.162737,H,projected,UM,projected
Bosnia and Herzegovina,BIH,2042,35176.39461,H,projected,UM,projected
Bosnia and Herzegovina,BIH,2043,37891.1248,H,projected,UM,projected
Bosnia and Herzegovina,BIH,2044,40815.36367,H,projected,UM,projected
Bosnia and Herzegovina,BIH,2045,43965.280004,H,projected,UM,projected
Bosnia and Herzegovina,BIH,2046,47358.29041,H,projected,UM,projected
Bosnia and Herzegovina,BIH,2047,51013.155615,H,projected,UM,projected
Bosnia and Herzegovina,BIH,2048,54950.084206,H,projected,UM,projected
Bosnia and Herzegovina,BIH,2049,59190.844357,H,projected,UM,projected
Bosnia and Herzegovina,BIH,2050,63758.884201,H,projected,UM,projected
Botswana,BWA,1987,1290.0,LM,actual,UM,projected
Botswana,BWA,1988,1930.0,LM,actual,UM,projected
Botswana,BWA,1989,2270.0,LM,actual,UM,projected
Botswana,BWA,1990,2680.0,LM,actual,UM,projected
Botswana,BWA,1991,3030.0,UM,actual,UM,projected
Botswana,BWA,1992,3230.0,UM,actual,UM,projected
Botswana,BWA,1993,3280.0,LM,actual,UM,projected
Botswana,BWA,1994,2900.0,LM,actual,UM,projected
Botswana,BWA,1995,3200.0,LM,actual,UM,projected
Botswana,BWA,1996,3120.0,LM,actual,UM,projected
Botswana,BWA,1997,3260.0,UM,actual,UM,projected
Botswana,BWA,1998,3150.0,UM,actual,UM,projected
Botswana,BWA,1999,3090.0,UM,actual,UM,projected
Botswana,BWA,2000,3110.0,UM,actual,UM,projected
Botswana,BWA,2001,3190.0,UM,actual,UM,projected
Botswana,BWA,2002,2860.0,UM,actual,UM,projected
Botswana,BWA,2003,3300.0,UM,actual,UM,projected
Botswana,BWA,2004,3830.0,UM,actual,UM,projected
Botswana,BWA,2005,4830.0,UM,actual,UM,projected
Botswana,BWA,2006,5400.0,UM,actual,UM,projected
Botswana,BWA,2007,5620.0,UM,actual,UM,projected
Botswana,BWA,2008,5470.0,UM,actual,UM,projected
Botswana,BWA,2009,4890.0,UM,actual,UM,projected
Botswana,BWA,2010,5370.0,UM,actual,UM,projected
Botswana,BWA,2011,6500.0,UM,actual,UM,projected
Botswana,BWA,2012,6680.0,UM,actual,UM,projected
Botswana,BWA,2013,6950.0,UM,actual,UM,projected
Botswana,BWA,2014,6990.0,UM,actual,UM,projected
Botswana,BWA,2015,6140.0,UM,actual,UM,projected
Botswana,BWA,2016,6060.0,UM,actual,UM,projected
Botswana,BWA,2017,6210.0,UM,actual,UM,projected
Botswana,BWA,2018,6680.0,UM,actual,UM,projected
Botswana,BWA,2019,7100.0,UM,actual,UM,projected
Botswana,BWA,2020,6600.0,UM,actual,UM,projected
Botswana,BWA,2021,7440.0,UM,actual,UM,projected
Botswana,BWA,2022,7690.0,UM,actual,UM,projected
Botswana,BWA,2023,8150.0,UM,actual,UM,projected
Botswana,BWA,2024,7610.0,UM,actual,UM,projected
Botswana,BWA,2025,7390.0,UM,actual,UM,projected
Botswana,BWA,2026,7605.620342,UM,projected,UM,projected
Botswana,BWA,2027,7827.531907,UM,projected,UM,projected
Botswana,BWA,2028,8055.918254,UM,projected,UM,projected
Botswana,BWA,2029,8290.968302,UM,projected,UM,projected
Botswana,BWA,2030,8532.876478,UM,projected,UM,projected
Botswana,BWA,2031,8781.842885,UM,projected,UM,projected
Botswana,BWA,2032,9038.073463,UM,projected,UM,projected
Botswana,BWA,2033,9301.78016,UM,projected,UM,projected
Botswana,BWA,2034,9573.18111,UM,projected,UM,projected
Botswana,BWA,2035,9852.500811,UM,projected,UM,projected
Botswana,BWA,2036,10139.97031,UM,projected,UM,projected
Botswana,BWA,2037,10435.827396,UM,projected,UM,projected
Botswana,BWA,2038,10740.316798,UM,projected,UM,projected
Botswana,BWA,2039,11053.690381,UM,projected,UM,projected
Botswana,BWA,2040,11376.207364,UM,projected,UM,projected
Botswana,BWA,2041,11708.134526,UM,projected,UM,projected
Botswana,BWA,2042,12049.74643,UM,projected,UM,projected
Botswana,BWA,2043,12401.325652,UM,projected,UM,projected
Botswana,BWA,2044,12763.163011,UM,projected,UM,projected
Botswana,BWA,2045,13135.557812,UM,projected,UM,projected
Botswana,BWA,2046,13518.818092,UM,projected,UM,projected
Botswana,BWA,2047,13913.260878,UM,projected,UM,projected
Botswana,BWA,2048,14319.212444,UM,projected,UM,projected
Botswana,BWA,2049,14737.008585,UM,projected,UM,projected
Botswana,BWA,2050,15166.994896,UM,projected,UM,projected
Brazil,BRA,1987,2030.0,UM,actual,UM,projected
Brazil,BRA,1988,2300.0,LM,actual,UM,projected
Brazil,BRA,1989,2630.0,UM,actual,UM,projected
Brazil,BRA,1990,2470.0,UM,actual,UM,projected
Brazil,BRA,1991,2510.0,UM,actual,UM,projected
Brazil,BRA,1992,2330.0,UM,actual,UM,projected
Brazil,BRA,1993,2310.0,UM,actual,UM,projected
Brazil,BRA,1994,2620.0,UM,actual,UM,projected
Brazil,BRA,1995,3440.0,UM,actual,UM,projected
Brazil,BRA,1996,4420.0,UM,actual,UM,projected
Brazil,BRA,1997,5110.0,UM,actual,UM,projected
Brazil,BRA,1998,4980.0,UM,actual,UM,projected
Brazil,BRA,1999,4230.0,UM,actual,UM,projected
Brazil,BRA,2000,3950.0,UM,actual,UM,projected
Brazil,BRA,2001,3370.0,UM,actual,UM,projected
Brazil,BRA,2002,3120.0,LM,actual,UM,projected
Brazil,BRA,2003,3010.0,LM,actual,UM,projected
Brazil,BRA,2004,3370.0,LM,actual,UM,projected
Brazil,BRA,2005,4030.0,LM,actual,UM,projected
Brazil,BRA,2006,4890.0,UM,actual,UM,projected
Brazil,BRA,2007,6240.0,UM,actual,UM,projected
Brazil,BRA,2008,7680.0,UM,actual,UM,projected
Brazil,BRA,2009,8400.0,UM,actual,UM,projected
Brazil,BRA,2010,9750.0,UM,actual,UM,projected
Brazil,BRA,2011,11210.0,UM,actual,UM,projected
Brazil,BRA,2012,12460.0,UM,actual,UM,projected
Brazil,BRA,2013,12950.0,UM,actual,UM,projected
Brazil,BRA,2014,12280.0,UM,actual,UM,projected
Brazil,BRA,2015,10330.0,UM,actual,UM,projected
Brazil,BRA,2016,9050.0,UM,actual,UM,projected
Brazil,BRA,2017,8830.0,UM,actual,UM,projected
Brazil,BRA,2018,9320.0,UM,actual,UM,projected
Brazil,BRA,2019,9410.0,UM,actual,UM,projected
Brazil,BRA,2020,8080.0,UM,actual,UM,projected
Brazil,BRA,2021,8060.0,UM,actual,UM,projected
Brazil,BRA,2022,8440.0,UM,actual,UM,projected
Brazil,BRA,2023,9310.0,UM,actual,UM,projected
Brazil,BRA,2024,9930.0,UM,actual,UM,projected
Brazil,BRA,2025,10550.0,UM,actual,UM,projected
Brazil,BRA,2026,10849.636112,UM,projected,UM,projected
Brazil,BRA,2027,11157.782347,UM,projected,UM,projected
Brazil,BRA,2028,11474.680405,UM,projected,UM,projected
Brazil,BRA,2029,11800.578852,UM,projected,UM,projected
Brazil,BRA,2030,12135.733313,UM,projected,UM,projected
Brazil,BRA,2031,12480.406673,UM,projected,UM,projected
Brazil,BRA,2032,12834.869282,UM,projected,UM,projected
Brazil,BRA,2033,13199.399171,UM,projected,UM,projected
Brazil,BRA,2034,13574.282265,UM,projected,UM,projected
Brazil,BRA,2035,13959.812611,UM,projected,UM,projected
Brazil,BRA,2036,14356.292609,UM,projected,UM,projected
Brazil,BRA,2037,14764.033243,UM,projected,UM,projected
Brazil,BRA,2038,15183.354335,UM,projected,UM,projected
Brazil,BRA,2039,15614.584785,UM,projected,UM,projected
Brazil,BRA,2040,16058.062839,UM,projected,UM,projected
Brazil,BRA,2041,16514.136347,UM,projected,UM,projected
Brazil,BRA,2042,16983.16304,UM,projected,UM,projected
Brazil,BRA,2043,17465.510806,UM,projected,UM,projected
Brazil,BRA,2044,17961.557986,UM,projected,UM,projected
Brazil,BRA,2045,18471.693663,H,projected,UM,projected
Brazil,BRA,2046,18996.317973,H,projected,UM,projected
Brazil,BRA,2047,19535.842414,H,projected,UM,projected
Brazil,BRA,2048,20090.690173,H,projected,UM,projected
Brazil,BRA,2049,20661.296456,H,projected,UM,projected
Brazil,BRA,2050,21248.108829,H,projected,UM,projected
British Virgin Islands,VGB,2015,,H,actual,H,frozen - only 0 of 10 annual rates
British Virgin Islands,VGB,2016,,H,actual,H,frozen - only 0 of 10 annual rates
British Virgin Islands,VGB,2017,,H,actual,H,frozen - only 0 of 10 annual rates
British Virgin Islands,VGB,2018,,H,actual,H,frozen - only 0 of 10 annual rates
British Virgin Islands,VGB,2019,,H,actual,H,frozen - only 0 of 10 annual rates
British Virgin Islands,VGB,2020,,H,actual,H,frozen - only 0 of 10 annual rates
British Virgin Islands,VGB,2021,,H,actual,H,frozen - only 0 of 10 annual rates
British Virgin Islands,VGB,2022,,H,actual,H,frozen - only 0 of 10 annual rates
British Virgin Islands,VGB,2023,,H,actual,H,frozen - only 0 of 10 annual rates
British Virgin Islands,VGB,2024,,H,actual,H,frozen - only 0 of 10 annual rates
British Virgin Islands,VGB,2025,,H,actual,H,frozen - only 0 of 10 annual rates
British Virgin Islands,VGB,2026,,H,projected,H,frozen - only 0 of 10 annual rates
British Virgin Islands,VGB,2027,,H,projected,H,frozen - only 0 of 10 annual rates
British Virgin Islands,VGB,2028,,H,projected,H,frozen - only 0 of 10 annual rates
British Virgin Islands,VGB,2029,,H,projected,H,frozen - only 0 of 10 annual rates
British Virgin Islands,VGB,2030,,H,projected,H,frozen - only 0 of 10 annual rates
British Virgin Islands,VGB,2031,,H,projected,H,frozen - only 0 of 10 annual rates
British Virgin Islands,VGB,2032,,H,projected,H,frozen - only 0 of 10 annual rates
British Virgin Islands,VGB,2033,,H,projected,H,frozen - only 0 of 10 annual rates
British Virgin Islands,VGB,2034,,H,projected,H,frozen - only 0 of 10 annual rates
British Virgin Islands,VGB,2035,,H,projected,H,frozen - only 0 of 10 annual rates
British Virgin Islands,VGB,2036,,H,projected,H,frozen - only 0 of 10 annual rates
British Virgin Islands,VGB,2037,,H,projected,H,frozen - only 0 of 10 annual rates
British Virgin Islands,VGB,2038,,H,projected,H,frozen - only 0 of 10 annual rates
British Virgin Islands,VGB,2039,,H,projected,H,frozen - only 0 of 10 annual rates
British Virgin Islands,VGB,2040,,H,projected,H,frozen - only 0 of 10 annual rates
British Virgin Islands,VGB,2041,,H,projected,H,frozen - only 0 of 10 annual rates
British Virgin Islands,VGB,2042,,H,projected,H,frozen - only 0 of 10 annual rates
British Virgin Islands,VGB,2043,,H,projected,H,frozen - only 0 of 10 annual rates
British Virgin Islands,VGB,2044,,H,projected,H,frozen - only 0 of 10 annual rates
British Virgin Islands,VGB,2045,,H,projected,H,frozen - only 0 of 10 annual rates
British Virgin Islands,VGB,2046,,H,projected,H,frozen - only 0 of 10 annual rates
British Virgin Islands,VGB,2047,,H,projected,H,frozen - only 0 of 10 annual rates
British Virgin Islands,VGB,2048,,H,projected,H,frozen - only 0 of 10 annual rates
British Virgin Islands,VGB,2049,,H,projected,H,frozen - only 0 of 10 annual rates
British Virgin Islands,VGB,2050,,H,projected,H,frozen - only 0 of 10 annual rates
Brunei Darussalam,BRN,1987,,H,actual,H,projected - raised from -1.9% to the 1.244% floor
Brunei Darussalam,BRN,1989,20550.0,,actual,H,projected - raised from -1.9% to the 1.244% floor
Brunei Darussalam,BRN,1990,21430.0,H,actual,H,projected - raised from -1.9% to the 1.244% floor
Brunei Darussalam,BRN,1991,23400.0,H,actual,H,projected - raised from -1.9% to the 1.244% floor
Brunei Darussalam,BRN,1992,23920.0,H,actual,H,projected - raised from -1.9% to the 1.244% floor
Brunei Darussalam,BRN,1993,23250.0,H,actual,H,projected - raised from -1.9% to the 1.244% floor
Brunei Darussalam,BRN,1994,23220.0,H,actual,H,projected - raised from -1.9% to the 1.244% floor
Brunei Darussalam,BRN,1995,24460.0,H,actual,H,projected - raised from -1.9% to the 1.244% floor
Brunei Darussalam,BRN,1996,25200.0,H,actual,H,projected - raised from -1.9% to the 1.244% floor
Brunei Darussalam,BRN,1997,26590.0,H,actual,H,projected - raised from -1.9% to the 1.244% floor
Brunei Darussalam,BRN,1998,21000.0,H,actual,H,projected - raised from -1.9% to the 1.244% floor
Brunei Darussalam,BRN,1999,19960.0,H,actual,H,projected - raised from -1.9% to the 1.244% floor
Brunei Darussalam,BRN,2000,19390.0,H,actual,H,projected - raised from -1.9% to the 1.244% floor
Brunei Darussalam,BRN,2001,19270.0,H,actual,H,projected - raised from -1.9% to the 1.244% floor
Brunei Darussalam,BRN,2002,18960.0,H,actual,H,projected - raised from -1.9% to the 1.244% floor
Brunei Darussalam,BRN,2003,19840.0,H,actual,H,projected - raised from -1.9% to the 1.244% floor
Brunei Darussalam,BRN,2004,22190.0,H,actual,H,projected - raised from -1.9% to the 1.244% floor
Brunei Darussalam,BRN,2005,25670.0,H,actual,H,projected - raised from -1.9% to the 1.244% floor
Brunei Darussalam,BRN,2006,30720.0,H,actual,H,projected - raised from -1.9% to the 1.244% floor
Brunei Darussalam,BRN,2007,33470.0,H,actual,H,projected - raised from -1.9% to the 1.244% floor
Brunei Darussalam,BRN,2008,36700.0,H,actual,H,projected - raised from -1.9% to the 1.244% floor
Brunei Darussalam,BRN,2009,35470.0,H,actual,H,projected - raised from -1.9% to the 1.244% floor
Brunei Darussalam,BRN,2010,35370.0,H,actual,H,projected - raised from -1.9% to the 1.244% floor
Brunei Darussalam,BRN,2011,36520.0,H,actual,H,projected - raised from -1.9% to the 1.244% floor
Brunei Darussalam,BRN,2012,41690.0,H,actual,H,projected - raised from -1.9% to the 1.244% floor
Brunei Darussalam,BRN,2013,44580.0,H,actual,H,projected - raised from -1.9% to the 1.244% floor
Brunei Darussalam,BRN,2014,42370.0,H,actual,H,projected - raised from -1.9% to the 1.244% floor
Brunei Darussalam,BRN,2015,38180.0,H,actual,H,projected - raised from -1.9% to the 1.244% floor
Brunei Darussalam,BRN,2016,32570.0,H,actual,H,projected - raised from -1.9% to the 1.244% floor
Brunei Darussalam,BRN,2017,29230.0,H,actual,H,projected - raised from -1.9% to the 1.244% floor
Brunei Darussalam,BRN,2018,28790.0,H,actual,H,projected - raised from -1.9% to the 1.244% floor
Brunei Darussalam,BRN,2019,31550.0,H,actual,H,projected - raised from -1.9% to the 1.244% floor
Brunei Darussalam,BRN,2020,30810.0,H,actual,H,projected - raised from -1.9% to the 1.244% floor
Brunei Darussalam,BRN,2021,29890.0,H,actual,H,projected - raised from -1.9% to the 1.244% floor
Brunei Darussalam,BRN,2022,30970.0,H,actual,H,projected - raised from -1.9% to the 1.244% floor
Brunei Darussalam,BRN,2023,34390.0,H,actual,H,projected - raised from -1.9% to the 1.244% floor
Brunei Darussalam,BRN,2024,36020.0,H,actual,H,projected - raised from -1.9% to the 1.244% floor
Brunei Darussalam,BRN,2025,34790.0,H,actual,H,projected - raised from -1.9% to the 1.244% floor
Brunei Darussalam,BRN,2026,35222.7876,H,projected,H,projected - raised from -1.9% to the 1.244% floor
Brunei Darussalam,BRN,2027,35660.959078,H,projected,H,projected - raised from -1.9% to the 1.244% floor
Brunei Darussalam,BRN,2028,36104.581409,H,projected,H,projected - raised from -1.9% to the 1.244% floor
Brunei Darussalam,BRN,2029,36553.722401,H,projected,H,projected - raised from -1.9% to the 1.244% floor
Brunei Darussalam,BRN,2030,37008.450708,H,projected,H,projected - raised from -1.9% to the 1.244% floor
Brunei Darussalam,BRN,2031,37468.835835,H,projected,H,projected - raised from -1.9% to the 1.244% floor
Brunei Darussalam,BRN,2032,37934.948153,H,projected,H,projected - raised from -1.9% to the 1.244% floor
Brunei Darussalam,BRN,2033,38406.858908,H,projected,H,projected - raised from -1.9% to the 1.244% floor
Brunei Darussalam,BRN,2034,38884.640232,H,projected,H,projected - raised from -1.9% to the 1.244% floor
Brunei Darussalam,BRN,2035,39368.365157,H,projected,H,projected - raised from -1.9% to the 1.244% floor
Brunei Darussalam,BRN,2036,39858.10762,H,projected,H,projected - raised from -1.9% to the 1.244% floor
Brunei Darussalam,BRN,2037,40353.942478,H,projected,H,projected - raised from -1.9% to the 1.244% floor
Brunei Darussalam,BRN,2038,40855.945523,H,projected,H,projected - raised from -1.9% to the 1.244% floor
Brunei Darussalam,BRN,2039,41364.193485,H,projected,H,projected - raised from -1.9% to the 1.244% floor
Brunei Darussalam,BRN,2040,41878.764052,H,projected,H,projected - raised from -1.9% to the 1.244% floor
Brunei Darussalam,BRN,2041,42399.735877,H,projected,H,projected - raised from -1.9% to the 1.244% floor
Brunei Darussalam,BRN,2042,42927.188591,H,projected,H,projected - raised from -1.9% to the 1.244% floor
Brunei Darussalam,BRN,2043,43461.202817,H,projected,H,projected - raised from -1.9% to the 1.244% floor
Brunei Darussalam,BRN,2044,44001.86018,H,projected,H,projected - raised from -1.9% to the 1.244% floor
Brunei Darussalam,BRN,2045,44549.243321,H,projected,H,projected - raised from -1.9% to the 1.244% floor
Brunei Darussalam,BRN,2046,45103.435908,H,projected,H,projected - raised from -1.9% to the 1.244% floor
Brunei Darussalam,BRN,2047,45664.52265,H,projected,H,projected - raised from -1.9% to the 1.244% floor
Brunei Darussalam,BRN,2048,46232.589312,H,projected,H,projected - raised from -1.9% to the 1.244% floor
Brunei Darussalam,BRN,2049,46807.722723,H,projected,H,projected - raised from -1.9% to the 1.244% floor
Brunei Darussalam,BRN,2050,47390.010794,H,projected,H,projected - raised from -1.9% to the 1.244% floor
Bulgaria,BGR,1987,2750.0,,actual,H,projected - cut from 10.2% to the H p90 cap of 7.17%
Bulgaria,BGR,1988,3140.0,,actual,H,projected - cut from 10.2% to the H p90 cap of 7.17%
Bulgaria,BGR,1989,2850.0,LM,actual,H,projected - cut from 10.2% to the H p90 cap of 7.17%
Bulgaria,BGR,1990,2260.0,LM,actual,H,projected - cut from 10.2% to the H p90 cap of 7.17%
Bulgaria,BGR,1991,1340.0,LM,actual,H,projected - cut from 10.2% to the H p90 cap of 7.17%
Bulgaria,BGR,1992,1150.0,LM,actual,H,projected - cut from 10.2% to the H p90 cap of 7.17%
Bulgaria,BGR,1993,1030.0,LM,actual,H,projected - cut from 10.2% to the H p90 cap of 7.17%
Bulgaria,BGR,1994,1170.0,LM,actual,H,projected - cut from 10.2% to the H p90 cap of 7.17%
Bulgaria,BGR,1995,1520.0,LM,actual,H,projected - cut from 10.2% to the H p90 cap of 7.17%
Bulgaria,BGR,1996,1590.0,LM,actual,H,projected - cut from 10.2% to the H p90 cap of 7.17%
Bulgaria,BGR,1997,1460.0,LM,actual,H,projected - cut from 10.2% to the H p90 cap of 7.17%
Bulgaria,BGR,1998,1440.0,LM,actual,H,projected - cut from 10.2% to the H p90 cap of 7.17%
Bulgaria,BGR,1999,1480.0,LM,actual,H,projected - cut from 10.2% to the H p90 cap of 7.17%
Bulgaria,BGR,2000,1660.0,LM,actual,H,projected - cut from 10.2% to the H p90 cap of 7.17%
Bulgaria,BGR,2001,1770.0,LM,actual,H,projected - cut from 10.2% to the H p90 cap of 7.17%
Bulgaria,BGR,2002,1970.0,LM,actual,H,projected - cut from 10.2% to the H p90 cap of 7.17%
Bulgaria,BGR,2003,2370.0,LM,actual,H,projected - cut from 10.2% to the H p90 cap of 7.17%
Bulgaria,BGR,2004,3060.0,LM,actual,H,projected - cut from 10.2% to the H p90 cap of 7.17%
Bulgaria,BGR,2005,3800.0,LM,actual,H,projected - cut from 10.2% to the H p90 cap of 7.17%
Bulgaria,BGR,2006,4300.0,UM,actual,H,projected - cut from 10.2% to the H p90 cap of 7.17%
Bulgaria,BGR,2007,4820.0,UM,actual,H,projected - cut from 10.2% to the H p90 cap of 7.17%
Bulgaria,BGR,2008,6080.0,UM,actual,H,projected - cut from 10.2% to the H p90 cap of 7.17%
Bulgaria,BGR,2009,6680.0,UM,actual,H,projected - cut from 10.2% to the H p90 cap of 7.17%
Bulgaria,BGR,2010,6960.0,UM,actual,H,projected - cut from 10.2% to the H p90 cap of 7.17%
Bulgaria,BGR,2011,7210.0,UM,actual,H,projected - cut from 10.2% to the H p90 cap of 7.17%
Bulgaria,BGR,2012,7400.0,UM,actual,H,projected - cut from 10.2% to the H p90 cap of 7.17%
Bulgaria,BGR,2013,7580.0,UM,actual,H,projected - cut from 10.2% to the H p90 cap of 7.17%
Bulgaria,BGR,2014,7780.0,UM,actual,H,projected - cut from 10.2% to the H p90 cap of 7.17%
Bulgaria,BGR,2015,7530.0,UM,actual,H,projected - cut from 10.2% to the H p90 cap of 7.17%
Bulgaria,BGR,2016,7490.0,UM,actual,H,projected - cut from 10.2% to the H p90 cap of 7.17%
Bulgaria,BGR,2017,7730.0,UM,actual,H,projected - cut from 10.2% to the H p90 cap of 7.17%
Bulgaria,BGR,2018,8860.0,UM,actual,H,projected - cut from 10.2% to the H p90 cap of 7.17%
Bulgaria,BGR,2019,9920.0,UM,actual,H,projected - cut from 10.2% to the H p90 cap of 7.17%
Bulgaria,BGR,2020,10090.0,UM,actual,H,projected - cut from 10.2% to the H p90 cap of 7.17%
Bulgaria,BGR,2021,11720.0,UM,actual,H,projected - cut from 10.2% to the H p90 cap of 7.17%
Bulgaria,BGR,2022,13100.0,UM,actual,H,projected - cut from 10.2% to the H p90 cap of 7.17%
Bulgaria,BGR,2023,14240.0,H,actual,H,projected - cut from 10.2% to the H p90 cap of 7.17%
Bulgaria,BGR,2024,15370.0,H,actual,H,projected - cut from 10.2% to the H p90 cap of 7.17%
Bulgaria,BGR,2025,17780.0,H,actual,H,projected - cut from 10.2% to the H p90 cap of 7.17%
Bulgaria,BGR,2026,19054.63042,H,projected,H,projected - cut from 10.2% to the H p90 cap of 7.17%
Bulgaria,BGR,2027,20420.63782,H,projected,H,projected - cut from 10.2% to the H p90 cap of 7.17%
Bulgaria,BGR,2028,21884.572925,H,projected,H,projected - cut from 10.2% to the H p90 cap of 7.17%
Bulgaria,BGR,2029,23453.456073,H,projected,H,projected - cut from 10.2% to the H p90 cap of 7.17%
Bulgaria,BGR,2030,25134.810886,H,projected,H,projected - cut from 10.2% to the H p90 cap of 7.17%
Bulgaria,BGR,2031,26936.700343,H,projected,H,projected - cut from 10.2% to the H p90 cap of 7.17%
Bulgaria,BGR,2032,28867.765454,H,projected,H,projected - cut from 10.2% to the H p90 cap of 7.17%
Bulgaria,BGR,2033,30937.266692,H,projected,H,projected - cut from 10.2% to the H p90 cap of 7.17%
Bulgaria,BGR,2034,33155.128404,H,projected,H,projected - cut from 10.2% to the H p90 cap of 7.17%
Bulgaria,BGR,2035,35531.986404,H,projected,H,projected - cut from 10.2% to the H p90 cap of 7.17%
Bulgaria,BGR,2036,38079.238977,H,projected,H,projected - cut from 10.2% to the H p90 cap of 7.17%
Bulgaria,BGR,2037,40809.10154,H,projected,H,projected - cut from 10.2% to the H p90 cap of 7.17%
Bulgaria,BGR,2038,43734.665221,H,projected,H,projected - cut from 10.2% to the H p90 cap of 7.17%
Bulgaria,BGR,2039,46869.959636,H,projected,H,projected - cut from 10.2% to the H p90 cap of 7.17%
Bulgaria,BGR,2040,50230.020172,H,projected,H,projected - cut from 10.2% to the H p90 cap of 7.17%
Bulgaria,BGR,2041,53830.960088,H,projected,H,projected - cut from 10.2% to the H p90 cap of 7.17%
Bulgaria,BGR,2042,57690.047786,H,projected,H,projected - cut from 10.2% to the H p90 cap of 7.17%
Bulgaria,BGR,2043,61825.789621,H,projected,H,projected - cut from 10.2% to the H p90 cap of 7.17%
Bulgaria,BGR,2044,66258.018654,H,projected,H,projected - cut from 10.2% to the H p90 cap of 7.17%
Bulgaria,BGR,2045,71007.989753,H,projected,H,projected - cut from 10.2% to the H p90 cap of 7.17%
Bulgaria,BGR,2046,76098.48153,H,projected,H,projected - cut from 10.2% to the H p90 cap of 7.17%
Bulgaria,BGR,2047,81553.905573,H,projected,H,projected - cut from 10.2% to the H p90 cap of 7.17%
Bulgaria,BGR,2048,87400.423509,H,projected,H,projected - cut from 10.2% to the H p90 cap of 7.17%
Bulgaria,BGR,2049,93666.07247,H,projected,H,projected - cut from 10.2% to the H p90 cap of 7.17%
Bulgaria,BGR,2050,100380.899539,H,projected,H,projected - cut from 10.2% to the H p90 cap of 7.17%
Burkina Faso,BFA,1987,260.0,L,actual,L,projected
Burkina Faso,BFA,1988,310.0,L,actual,L,projected
Burkina Faso,BFA,1989,320.0,L,actual,L,projected
Burkina Faso,BFA,1990,320.0,L,actual,L,projected
Burkina Faso,BFA,1991,340.0,L,actual,L,projected
Burkina Faso,BFA,1992,360.0,L,actual,L,projected
Burkina Faso,BFA,1993,350.0,L,actual,L,projected
Burkina Faso,BFA,1994,270.0,L,actual,L,projected
Burkina Faso,BFA,1995,250.0,L,actual,L,projected
Burkina Faso,BFA,1996,240.0,L,actual,L,projected
Burkina Faso,BFA,1997,250.0,L,actual,L,projected
Burkina Faso,BFA,1998,240.0,L,actual,L,projected
Burkina Faso,BFA,1999,260.0,L,actual,L,projected
Burkina Faso,BFA,2000,260.0,L,actual,L,projected
Burkina Faso,BFA,2001,270.0,L,actual,L,projected
Burkina Faso,BFA,2002,260.0,L,actual,L,projected
Burkina Faso,BFA,2003,310.0,L,actual,L,projected
Burkina Faso,BFA,2004,370.0,L,actual,L,projected
Burkina Faso,BFA,2005,440.0,L,actual,L,projected
Burkina Faso,BFA,2006,470.0,L,actual,L,projected
Burkina Faso,BFA,2007,490.0,L,actual,L,projected
Burkina Faso,BFA,2008,550.0,L,actual,L,projected
Burkina Faso,BFA,2009,590.0,L,actual,L,projected
Burkina Faso,BFA,2010,630.0,L,actual,L,projected
Burkina Faso,BFA,2011,660.0,L,actual,L,projected
Burkina Faso,BFA,2012,710.0,L,actual,L,projected
Burkina Faso,BFA,2013,750.0,L,actual,L,projected
Burkina Faso,BFA,2014,730.0,L,actual,L,projected
Burkina Faso,BFA,2015,680.0,L,actual,L,projected
Burkina Faso,BFA,2016,650.0,L,actual,L,projected
Burkina Faso,BFA,2017,650.0,L,actual,L,projected
Burkina Faso,BFA,2018,730.0,L,actual,L,projected
Burkina Faso,BFA,2019,750.0,L,actual,L,projected
Burkina Faso,BFA,2020,780.0,L,actual,L,projected
Burkina Faso,BFA,2021,820.0,L,actual,L,projected
Burkina Faso,BFA,2022,840.0,L,actual,L,projected
Burkina Faso,BFA,2023,840.0,L,actual,L,projected
Burkina Faso,BFA,2024,850.0,L,actual,L,projected
Burkina Faso,BFA,2025,980.0,L,actual,L,projected
Burkina Faso,BFA,2026,1005.375877,L,projected,L,projected
Burkina Faso,BFA,2027,1031.408831,L,projected,L,projected
Burkina Faso,BFA,2028,1058.115875,L,projected,L,projected
Burkina Faso,BFA,2029,1085.514465,L,projected,L,projected
Burkina Faso,BFA,2030,1113.622508,L,projected,L,projected
Burkina Faso,BFA,2031,1142.458373,L,projected,L,projected
Burkina Faso,BFA,2032,1172.040907,L,projected,L,projected
Burkina Faso,BFA,2033,1202.389444,L,projected,L,projected
Burkina Faso,BFA,2034,1233.523818,L,projected,L,projected
Burkina Faso,BFA,2035,1265.464378,L,projected,L,projected
Burkina Faso,BFA,2036,1298.231999,L,projected,L,projected
Burkina Faso,BFA,2037,1331.848096,L,projected,L,projected
Burkina Faso,BFA,2038,1366.334641,L,projected,L,projected
Burkina Faso,BFA,2039,1401.714171,LM,projected,L,projected
Burkina Faso,BFA,2040,1438.00981,LM,projected,L,projected
Burkina Faso,BFA,2041,1475.24528,LM,projected,L,projected
Burkina Faso,BFA,2042,1513.444915,LM,projected,L,projected
Burkina Faso,BFA,2043,1552.633683,LM,projected,L,projected
Burkina Faso,BFA,2044,1592.837194,LM,projected,L,projected
Burkina Faso,BFA,2045,1634.081726,LM,projected,L,projected
Burkina Faso,BFA,2046,1676.394233,LM,projected,L,projected
Burkina Faso,BFA,2047,1719.80237,LM,projected,L,projected
Burkina Faso,BFA,2048,1764.334506,LM,projected,L,projected
Burkina Faso,BFA,2049,1810.019746,LM,projected,L,projected
Burkina Faso,BFA,2050,1856.887949,LM,projected,L,projected
Burundi,BDI,1987,250.0,L,actual,L,projected - raised from 0.0% to the 1.244% floor
Burundi,BDI,1988,240.0,L,actual,L,projected - raised from 0.0% to the 1.244% floor
Burundi,BDI,1989,220.0,L,actual,L,projected - raised from 0.0% to the 1.244% floor
Burundi,BDI,1990,210.0,L,actual,L,projected - raised from 0.0% to the 1.244% floor
Burundi,BDI,1991,210.0,L,actual,L,projected - raised from 0.0% to the 1.244% floor
Burundi,BDI,1992,200.0,L,actual,L,projected - raised from 0.0% to the 1.244% floor
Burundi,BDI,1993,180.0,L,actual,L,projected - raised from 0.0% to the 1.244% floor
Burundi,BDI,1994,170.0,L,actual,L,projected - raised from 0.0% to the 1.244% floor
Burundi,BDI,1995,150.0,L,actual,L,projected - raised from 0.0% to the 1.244% floor
Burundi,BDI,1996,140.0,L,actual,L,projected - raised from 0.0% to the 1.244% floor
Burundi,BDI,1997,150.0,L,actual,L,projected - raised from 0.0% to the 1.244% floor
Burundi,BDI,1998,150.0,L,actual,L,projected - raised from 0.0% to the 1.244% floor
Burundi,BDI,1999,140.0,L,actual,L,projected - raised from 0.0% to the 1.244% floor
Burundi,BDI,2000,130.0,L,actual,L,projected - raised from 0.0% to the 1.244% floor
Burundi,BDI,2001,130.0,L,actual,L,projected - raised from 0.0% to the 1.244% floor
Burundi,BDI,2002,130.0,L,actual,L,projected - raised from 0.0% to the 1.244% floor
Burundi,BDI,2003,120.0,L,actual,L,projected - raised from 0.0% to the 1.244% floor
Burundi,BDI,2004,120.0,L,actual,L,projected - raised from 0.0% to the 1.244% floor
Burundi,BDI,2005,130.0,L,actual,L,projected - raised from 0.0% to the 1.244% floor
Burundi,BDI,2006,150.0,L,actual,L,projected - raised from 0.0% to the 1.244% floor
Burundi,BDI,2007,160.0,L,actual,L,projected - raised from 0.0% to the 1.244% floor
Burundi,BDI,2008,180.0,L,actual,L,projected - raised from 0.0% to the 1.244% floor
Burundi,BDI,2009,190.0,L,actual,L,projected - raised from 0.0% to the 1.244% floor
Burundi,BDI,2010,200.0,L,actual,L,projected - raised from 0.0% to the 1.244% floor
Burundi,BDI,2011,220.0,L,actual,L,projected - raised from 0.0% to the 1.244% floor
Burundi,BDI,2012,230.0,L,actual,L,projected - raised from 0.0% to the 1.244% floor
Burundi,BDI,2013,240.0,L,actual,L,projected - raised from 0.0% to the 1.244% floor
Burundi,BDI,2014,240.0,L,actual,L,projected - raised from 0.0% to the 1.244% floor
Burundi,BDI,2015,240.0,L,actual,L,projected - raised from 0.0% to the 1.244% floor
Burundi,BDI,2016,240.0,L,actual,L,projected - raised from 0.0% to the 1.244% floor
Burundi,BDI,2017,240.0,L,actual,L,projected - raised from 0.0% to the 1.244% floor
Burundi,BDI,2018,250.0,L,actual,L,projected - raised from 0.0% to the 1.244% floor
Burundi,BDI,2019,250.0,L,actual,L,projected - raised from 0.0% to the 1.244% floor
Burundi,BDI,2020,240.0,L,actual,L,projected - raised from 0.0% to the 1.244% floor
Burundi,BDI,2021,250.0,L,actual,L,projected - raised from 0.0% to the 1.244% floor
Burundi,BDI,2022,280.0,L,actual,L,projected - raised from 0.0% to the 1.244% floor
Burundi,BDI,2023,280.0,L,actual,L,projected - raised from 0.0% to the 1.244% floor
Burundi,BDI,2024,250.0,L,actual,L,projected - raised from 0.0% to the 1.244% floor
Burundi,BDI,2025,240.0,L,actual,L,projected - raised from 0.0% to the 1.244% floor
Burundi,BDI,2026,242.9856,L,projected,L,projected - raised from 0.0% to the 1.244% floor
Burundi,BDI,2027,246.008341,L,projected,L,projected - raised from 0.0% to the 1.244% floor
Burundi,BDI,2028,249.068685,L,projected,L,projected - raised from 0.0% to the 1.244% floor
Burundi,BDI,2029,252.167099,L,projected,L,projected - raised from 0.0% to the 1.244% floor
Burundi,BDI,2030,255.304058,L,projected,L,projected - raised from 0.0% to the 1.244% floor
Burundi,BDI,2031,258.48004,L,projected,L,projected - raised from 0.0% to the 1.244% floor
Burundi,BDI,2032,261.695532,L,projected,L,projected - raised from 0.0% to the 1.244% floor
Burundi,BDI,2033,264.951024,L,projected,L,projected - raised from 0.0% to the 1.244% floor
Burundi,BDI,2034,268.247015,L,projected,L,projected - raised from 0.0% to the 1.244% floor
Burundi,BDI,2035,271.584008,L,projected,L,projected - raised from 0.0% to the 1.244% floor
Burundi,BDI,2036,274.962513,L,projected,L,projected - raised from 0.0% to the 1.244% floor
Burundi,BDI,2037,278.383047,L,projected,L,projected - raised from 0.0% to the 1.244% floor
Burundi,BDI,2038,281.846132,L,projected,L,projected - raised from 0.0% to the 1.244% floor
Burundi,BDI,2039,285.352298,L,projected,L,projected - raised from 0.0% to the 1.244% floor
Burundi,BDI,2040,288.90208,L,projected,L,projected - raised from 0.0% to the 1.244% floor
Burundi,BDI,2041,292.496022,L,projected,L,projected - raised from 0.0% to the 1.244% floor
Burundi,BDI,2042,296.134673,L,projected,L,projected - raised from 0.0% to the 1.244% floor
Burundi,BDI,2043,299.818588,L,projected,L,projected - raised from 0.0% to the 1.244% floor
Burundi,BDI,2044,303.548331,L,projected,L,projected - raised from 0.0% to the 1.244% floor
Burundi,BDI,2045,307.324472,L,projected,L,projected - raised from 0.0% to the 1.244% floor
Burundi,BDI,2046,311.147589,L,projected,L,projected - raised from 0.0% to the 1.244% floor
Burundi,BDI,2047,315.018265,L,projected,L,projected - raised from 0.0% to the 1.244% floor
Burundi,BDI,2048,318.937092,L,projected,L,projected - raised from 0.0% to the 1.244% floor
Burundi,BDI,2049,322.90467,L,projected,L,projected - raised from 0.0% to the 1.244% floor
Burundi,BDI,2050,326.921604,L,projected,L,projected - raised from 0.0% to the 1.244% floor
Cabo Verde,CPV,1987,580.0,,actual,UM,projected
Cabo Verde,CPV,1988,750.0,LM,actual,UM,projected
Cabo Verde,CPV,1989,810.0,LM,actual,UM,projected
Cabo Verde,CPV,1990,810.0,LM,actual,UM,projected
Cabo Verde,CPV,1991,820.0,LM,actual,UM,projected
Cabo Verde,CPV,1992,940.0,LM,actual,UM,projected
Cabo Verde,CPV,1993,1080.0,LM,actual,UM,projected
Cabo Verde,CPV,1994,1190.0,LM,actual,UM,projected
Cabo Verde,CPV,1995,1300.0,LM,actual,UM,projected
Cabo Verde,CPV,1996,1250.0,LM,actual,UM,projected
Cabo Verde,CPV,1997,1260.0,LM,actual,UM,projected
Cabo Verde,CPV,1998,1240.0,LM,actual,UM,projected
Cabo Verde,CPV,1999,1290.0,LM,actual,UM,projected
Cabo Verde,CPV,2000,1330.0,LM,actual,UM,projected
Cabo Verde,CPV,2001,1270.0,LM,actual,UM,projected
Cabo Verde,CPV,2002,1230.0,LM,actual,UM,projected
Cabo Verde,CPV,2003,1440.0,LM,actual,UM,projected
Cabo Verde,CPV,2004,1810.0,LM,actual,UM,projected
Cabo Verde,CPV,2005,2070.0,LM,actual,UM,projected
Cabo Verde,CPV,2006,2200.0,LM,actual,UM,projected
Cabo Verde,CPV,2007,2770.0,LM,actual,UM,projected
Cabo Verde,CPV,2008,3360.0,LM,actual,UM,projected
Cabo Verde,CPV,2009,3650.0,LM,actual,UM,projected
Cabo Verde,CPV,2010,3600.0,LM,actual,UM,projected
Cabo Verde,CPV,2011,3760.0,LM,actual,UM,projected
Cabo Verde,CPV,2012,3730.0,LM,actual,UM,projected
Cabo Verde,CPV,2013,3840.0,LM,actual,UM,projected
Cabo Verde,CPV,2014,3750.0,LM,actual,UM,projected
Cabo Verde,CPV,2015,3620.0,LM,actual,UM,projected
Cabo Verde,CPV,2016,3580.0,LM,actual,UM,projected
Cabo Verde,CPV,2017,3620.0,LM,actual,UM,projected
Cabo Verde,CPV,2018,4040.0,LM,actual,UM,projected
Cabo Verde,CPV,2019,4420.0,LM,actual,UM,projected
Cabo Verde,CPV,2020,3510.0,LM,actual,UM,projected
Cabo Verde,CPV,2021,3870.0,LM,actual,UM,projected
Cabo Verde,CPV,2022,4550.0,LM,actual,UM,projected
Cabo Verde,CPV,2023,4740.0,LM,actual,UM,projected
Cabo Verde,CPV,2024,4940.0,UM,actual,UM,projected
Cabo Verde,CPV,2025,5590.0,UM,actual,UM,projected
Cabo Verde,CPV,2026,5970.828529,UM,projected,UM,projected
Cabo Verde,CPV,2027,6377.601668,UM,projected,UM,projected
Cabo Verde,CPV,2028,6812.086938,UM,projected,UM,projected
Cabo Verde,CPV,2029,7276.172278,UM,projected,UM,projected
Cabo Verde,CPV,2030,7771.874243,UM,projected,UM,projected
Cabo Verde,CPV,2031,8301.346772,UM,projected,UM,projected
Cabo Verde,CPV,2032,8866.890543,UM,projected,UM,projected
Cabo Verde,CPV,2033,9470.962973,UM,projected,UM,projected
Cabo Verde,CPV,2034,10116.188894,UM,projected,UM,projected
Cabo Verde,CPV,2035,10805.371959,UM,projected,UM,projected
Cabo Verde,CPV,2036,11541.506827,UM,projected,UM,projected
Cabo Verde,CPV,2037,12327.79217,UM,projected,UM,projected
Cabo Verde,CPV,2038,13167.644578,UM,projected,UM,projected
Cabo Verde,CPV,2039,14064.7134,UM,projected,UM,projected
Cabo Verde,CPV,2040,15022.896605,UM,projected,UM,projected
Cabo Verde,CPV,2041,16046.357717,UM,projected,UM,projected
Cabo Verde,CPV,2042,17139.543907,UM,projected,UM,projected
Cabo Verde,CPV,2043,18307.20532,H,projected,UM,projected
Cabo Verde,CPV,2044,19554.415708,H,projected,UM,projected
Cabo Verde,CPV,2045,20886.594487,H,projected,UM,projected
Cabo Verde,CPV,2046,22309.530275,H,projected,UM,projected
Cabo Verde,CPV,2047,23829.406053,H,projected,UM,projected
Cabo Verde,CPV,2048,25452.826027,H,projected,UM,projected
Cabo Verde,CPV,2049,27186.844327,H,projected,UM,projected
Cabo Verde,CPV,2050,29038.995657,H,projected,UM,projected
Cambodia,KHM,1987,160.0,L,actual,LM,projected
Cambodia,KHM,1988,190.0,L,actual,LM,projected
Cambodia,KHM,1989,170.0,L,actual,LM,projected
Cambodia,KHM,1990,170.0,L,actual,LM,projected
Cambodia,KHM,1991,170.0,L,actual,LM,projected
Cambodia,KHM,1992,210.0,L,actual,LM,projected
Cambodia,KHM,1993,290.0,L,actual,LM,projected
Cambodia,KHM,1994,210.0,L,actual,LM,projected
Cambodia,KHM,1995,260.0,L,actual,LM,projected
Cambodia,KHM,1996,320.0,L,actual,LM,projected
Cambodia,KHM,1997,310.0,L,actual,LM,projected
Cambodia,KHM,1998,280.0,L,actual,LM,projected
Cambodia,KHM,1999,290.0,L,actual,LM,projected
Cambodia,KHM,2000,290.0,L,actual,LM,projected
Cambodia,KHM,2001,310.0,L,actual,LM,projected
Cambodia,KHM,2002,320.0,L,actual,LM,projected
Cambodia,KHM,2003,370.0,L,actual,LM,projected
Cambodia,KHM,2004,430.0,L,actual,LM,projected
Cambodia,KHM,2005,510.0,L,actual,LM,projected
Cambodia,KHM,2006,580.0,L,actual,LM,projected
Cambodia,KHM,2007,670.0,L,actual,LM,projected
Cambodia,KHM,2008,780.0,L,actual,LM,projected
Cambodia,KHM,2009,840.0,L,actual,LM,projected
Cambodia,KHM,2010,910.0,L,actual,LM,projected
Cambodia,KHM,2011,990.0,L,actual,LM,projected
Cambodia,KHM,2012,1110.0,L,actual,LM,projected
Cambodia,KHM,2013,1230.0,L,actual,LM,projected
Cambodia,KHM,2014,1330.0,L,actual,LM,projected
Cambodia,KHM,2015,1430.0,LM,actual,LM,projected
Cambodia,KHM,2016,1550.0,LM,actual,LM,projected
Cambodia,KHM,2017,1690.0,LM,actual,LM,projected
Cambodia,KHM,2018,1920.0,LM,actual,LM,projected
Cambodia,KHM,2019,2100.0,LM,actual,LM,projected
Cambodia,KHM,2020,2050.0,LM,actual,LM,projected
Cambodia,KHM,2021,2120.0,LM,actual,LM,projected
Cambodia,KHM,2022,2270.0,LM,actual,LM,projected
Cambodia,KHM,2023,2390.0,LM,actual,LM,projected
Cambodia,KHM,2024,2550.0,LM,actual,LM,projected
Cambodia,KHM,2025,2750.0,LM,actual,LM,projected
Cambodia,KHM,2026,2955.130873,LM,projected,LM,projected
Cambodia,KHM,2027,3175.563083,LM,projected,LM,projected
Cambodia,KHM,2028,3412.438002,LM,projected,LM,projected
Cambodia,KHM,2029,3666.982142,LM,projected,LM,projected
Cambodia,KHM,2030,3940.513506,LM,projected,LM,projected
Cambodia,KHM,2031,4234.448406,LM,projected,LM,projected
Cambodia,KHM,2032,4550.308805,LM,projected,LM,projected
Cambodia,KHM,2033,4889.730194,LM,projected,LM,projected
Cambodia,KHM,2034,5254.470057,UM,projected,LM,projected
Cambodia,KHM,2035,5646.416977,UM,projected,LM,projected
Cambodia,KHM,2036,6067.600411,UM,projected,LM,projected
Cambodia,KHM,2037,6520.201201,UM,projected,LM,projected
Cambodia,KHM,2038,7006.562861,UM,projected,LM,projected
Cambodia,KHM,2039,7529.203718,UM,projected,LM,projected
Cambodia,KHM,2040,8090.829948,UM,projected,LM,projected
Cambodia,KHM,2041,8694.349588,UM,projected,LM,projected
Cambodia,KHM,2042,9342.887596,UM,projected,LM,projected
Cambodia,KHM,2043,10039.802029,UM,projected,LM,projected
Cambodia,KHM,2044,10788.701431,UM,projected,LM,projected
Cambodia,KHM,2045,11593.46352,UM,projected,LM,projected
Cambodia,KHM,2046,12458.255263,UM,projected,LM,projected
Cambodia,KHM,2047,13387.554456,UM,projected,LM,projected
Cambodia,KHM,2048,14386.172905,UM,projected,LM,projected
Cambodia,KHM,2049,15459.281344,UM,projected,LM,projected
Cambodia,KHM,2050,16612.436209,UM,projected,LM,projected
Cameroon,CMR,1987,1150.0,LM,actual,LM,projected
Cameroon,CMR,1988,1230.0,LM,actual,LM,projected
Cameroon,CMR,1989,1120.0,LM,actual,LM,projected
Cameroon,CMR,1990,1000.0,LM,actual,LM,projected
Cameroon,CMR,1991,930.0,LM,actual,LM,projected
Cameroon,CMR,1992,960.0,LM,actual,LM,projected
Cameroon,CMR,1993,990.0,LM,actual,LM,projected
Cameroon,CMR,1994,890.0,L,actual,LM,projected
Cameroon,CMR,1995,870.0,L,actual,LM,projected
Cameroon,CMR,1996,770.0,L,actual,LM,projected
Cameroon,CMR,1997,790.0,L,actual,LM,projected
Cameroon,CMR,1998,770.0,L,actual,LM,projected
Cameroon,CMR,1999,760.0,L,actual,LM,projected
Cameroon,CMR,2000,730.0,L,actual,LM,projected
Cameroon,CMR,2001,700.0,L,actual,LM,projected
Cameroon,CMR,2002,700.0,L,actual,LM,projected
Cameroon,CMR,2003,820.0,L,actual,LM,projected
Cameroon,CMR,2004,1030.0,L,actual,LM,projected
Cameroon,CMR,2005,1140.0,LM,actual,LM,projected
Cameroon,CMR,2006,1200.0,LM,actual,LM,projected
Cameroon,CMR,2007,1250.0,LM,actual,LM,projected
Cameroon,CMR,2008,1360.0,LM,actual,LM,projected
Cameroon,CMR,2009,1460.0,LM,actual,LM,projected
Cameroon,CMR,2010,1450.0,LM,actual,LM,projected
Cameroon,CMR,2011,1470.0,LM,actual,LM,projected
Cameroon,CMR,2012,1470.0,LM,actual,LM,projected
Cameroon,CMR,2013,1530.0,LM,actual,LM,projected
Cameroon,CMR,2014,1570.0,LM,actual,LM,projected
Cameroon,CMR,2015,1530.0,LM,actual,LM,projected
Cameroon,CMR,2016,1470.0,LM,actual,LM,projected
Cameroon,CMR,2017,1410.0,LM,actual,LM,projected
Cameroon,CMR,2018,1520.0,LM,actual,LM,projected
Cameroon,CMR,2019,1560.0,LM,actual,LM,projected
Cameroon,CMR,2020,1540.0,LM,actual,LM,projected
Cameroon,CMR,2021,1610.0,LM,actual,LM,projected
Cameroon,CMR,2022,1660.0,LM,actual,LM,projected
Cameroon,CMR,2023,1680.0,LM,actual,LM,projected
Cameroon,CMR,2024,1690.0,LM,actual,LM,projected
Cameroon,CMR,2025,1860.0,LM,actual,LM,projected
Cameroon,CMR,2026,1895.678503,LM,projected,LM,projected
Cameroon,CMR,2027,1932.041392,LM,projected,LM,projected
Cameroon,CMR,2028,1969.101793,LM,projected,LM,projected
Cameroon,CMR,2029,2006.873086,LM,projected,LM,projected
Cameroon,CMR,2030,2045.368907,LM,projected,LM,projected
Cameroon,CMR,2031,2084.603156,LM,projected,LM,projected
Cameroon,CMR,2032,2124.589995,LM,projected,LM,projected
Cameroon,CMR,2033,2165.343861,LM,projected,LM,projected
Cameroon,CMR,2034,2206.879468,LM,projected,LM,projected
Cameroon,CMR,2035,2249.21181,LM,projected,LM,projected
Cameroon,CMR,2036,2292.356171,LM,projected,LM,projected
Cameroon,CMR,2037,2336.328127,LM,projected,LM,projected
Cameroon,CMR,2038,2381.143552,LM,projected,LM,projected
Cameroon,CMR,2039,2426.818627,LM,projected,LM,projected
Cameroon,CMR,2040,2473.36984,LM,projected,LM,projected
Cameroon,CMR,2041,2520.813999,LM,projected,LM,projected
Cameroon,CMR,2042,2569.16823,LM,projected,LM,projected
Cameroon,CMR,2043,2618.449992,LM,projected,LM,projected
Cameroon,CMR,2044,2668.677077,LM,projected,LM,projected
Cameroon,CMR,2045,2719.867617,LM,projected,LM,projected
Cameroon,CMR,2046,2772.040093,LM,projected,LM,projected
Cameroon,CMR,2047,2825.213342,LM,projected,LM,projected
Cameroon,CMR,2048,2879.406559,LM,projected,LM,projected
Cameroon,CMR,2049,2934.63931,LM,projected,LM,projected
Cameroon,CMR,2050,2990.931535,LM,projected,LM,projected
Canada,CAN,1987,16320.0,H,actual,H,projected
Canada,CAN,1988,18620.0,H,actual,H,projected
Canada,CAN,1989,19860.0,H,actual,H,projected
Canada,CAN,1990,20650.0,H,actual,H,projected
Canada,CAN,1991,20990.0,H,actual,H,projected
Canada,CAN,1992,21420.0,H,actual,H,projected
Canada,CAN,1993,21270.0,H,actual,H,projected
Canada,CAN,1994,20890.0,H,actual,H,projected
Canada,CAN,1995,20850.0,H,actual,H,projected
Canada,CAN,1996,20820.0,H,actual,H,projected
Canada,CAN,1997,21330.0,H,actual,H,projected
Canada,CAN,1998,20900.0,H,actual,H,projected
Canada,CAN,1999,21450.0,H,actual,H,projected
Canada,CAN,2000,22740.0,H,actual,H,projected
Canada,CAN,2001,23120.0,H,actual,H,projected
Canada,CAN,2002,23590.0,H,actual,H,projected
Canada,CAN,2003,25480.0,H,actual,H,projected
Canada,CAN,2004,29530.0,H,actual,H,projected
Canada,CAN,2005,34310.0,H,actual,H,projected
Canada,CAN,2006,37900.0,H,actual,H,projected
Canada,CAN,2007,41540.0,H,actual,H,projected
Canada,CAN,2008,44930.0,H,actual,H,projected
Canada,CAN,2009,43230.0,H,actual,H,projected
Canada,CAN,2010,44490.0,H,actual,H,projected
Canada,CAN,2011,47190.0,H,actual,H,projected
Canada,CAN,2012,51080.0,H,actual,H,projected
Canada,CAN,2013,52800.0,H,actual,H,projected
Canada,CAN,2014,52200.0,H,actual,H,projected
Canada,CAN,2015,47580.0,H,actual,H,projected
Canada,CAN,2016,43900.0,H,actual,H,projected
Canada,CAN,2017,42900.0,H,actual,H,projected
Canada,CAN,2018,45060.0,H,actual,H,projected
Canada,CAN,2019,46580.0,H,actual,H,projected
Canada,CAN,2020,43900.0,H,actual,H,projected
Canada,CAN,2021,49080.0,H,actual,H,projected
Canada,CAN,2022,54070.0,H,actual,H,projected
Canada,CAN,2023,55340.0,H,actual,H,projected
Canada,CAN,2024,54110.0,H,actual,H,projected
Canada,CAN,2025,56420.0,H,actual,H,projected
Canada,CAN,2026,58034.200791,H,projected,H,projected
Canada,CAN,2027,59694.584571,H,projected,H,projected
Canada,CAN,2028,61402.472655,H,projected,H,projected
Canada,CAN,2029,63159.22416,H,projected,H,projected
Canada,CAN,2030,64966.237092,H,projected,H,projected
Canada,CAN,2031,66824.949452,H,projected,H,projected
Canada,CAN,2032,68736.840383,H,projected,H,projected
Canada,CAN,2033,70703.431346,H,projected,H,projected
Canada,CAN,2034,72726.287334,H,projected,H,projected
Canada,CAN,2035,74807.018113,H,projected,H,projected
Canada,CAN,2036,76947.279507,H,projected,H,projected
Canada,CAN,2037,79148.774712,H,projected,H,projected
Canada,CAN,2038,81413.255655,H,projected,H,projected
Canada,CAN,2039,83742.524385,H,projected,H,projected
Canada,CAN,2040,86138.434508,H,projected,H,projected
Canada,CAN,2041,88602.892664,H,projected,H,projected
Canada,CAN,2042,91137.860042,H,projected,H,projected
Canada,CAN,2043,93745.353941,H,projected,H,projected
Canada,CAN,2044,96427.449378,H,projected,H,projected
Canada,CAN,2045,99186.280734,H,projected,H,projected
Canada,CAN,2046,102024.043457,H,projected,H,projected
Canada,CAN,2047,104942.995809,H,projected,H,projected
Canada,CAN,2048,107945.46066,H,projected,H,projected
Canada,CAN,2049,111033.827339,H,projected,H,projected
Canada,CAN,2050,114210.553535,H,projected,H,projected
Cayman Islands,CYM,1993,,H,actual,H,projected - cut from 8.5% to the H p90 cap of 7.17%
Cayman Islands,CYM,1994,,H,actual,H,projected - cut from 8.5% to the H p90 cap of 7.17%
Cayman Islands,CYM,1995,,H,actual,H,projected - cut from 8.5% to the H p90 cap of 7.17%
Cayman Islands,CYM,1996,,H,actual,H,projected - cut from 8.5% to the H p90 cap of 7.17%
Cayman Islands,CYM,1997,,H,actual,H,projected - cut from 8.5% to the H p90 cap of 7.17%
Cayman Islands,CYM,1998,,H,actual,H,projected - cut from 8.5% to the H p90 cap of 7.17%
Cayman Islands,CYM,1999,,H,actual,H,projected - cut from 8.5% to the H p90 cap of 7.17%
Cayman Islands,CYM,2000,,H,actual,H,projected - cut from 8.5% to the H p90 cap of 7.17%
Cayman Islands,CYM,2001,,H,actual,H,projected - cut from 8.5% to the H p90 cap of 7.17%
Cayman Islands,CYM,2002,,H,actual,H,projected - cut from 8.5% to the H p90 cap of 7.17%
Cayman Islands,CYM,2003,,H,actual,H,projected - cut from 8.5% to the H p90 cap of 7.17%
Cayman Islands,CYM,2004,,H,actual,H,projected - cut from 8.5% to the H p90 cap of 7.17%
Cayman Islands,CYM,2005,,H,actual,H,projected - cut from 8.5% to the H p90 cap of 7.17%
Cayman Islands,CYM,2006,,H,actual,H,projected - cut from 8.5% to the H p90 cap of 7.17%
Cayman Islands,CYM,2007,,H,actual,H,projected - cut from 8.5% to the H p90 cap of 7.17%
Cayman Islands,CYM,2008,,H,actual,H,projected - cut from 8.5% to the H p90 cap of 7.17%
Cayman Islands,CYM,2009,,H,actual,H,projected - cut from 8.5% to the H p90 cap of 7.17%
Cayman Islands,CYM,2010,73550.0,H,actual,H,projected - cut from 8.5% to the H p90 cap of 7.17%
Cayman Islands,CYM,2011,73950.0,H,actual,H,projected - cut from 8.5% to the H p90 cap of 7.17%
Cayman Islands,CYM,2012,51150.0,H,actual,H,projected - cut from 8.5% to the H p90 cap of 7.17%
Cayman Islands,CYM,2013,44990.0,H,actual,H,projected - cut from 8.5% to the H p90 cap of 7.17%
Cayman Islands,CYM,2014,43420.0,H,actual,H,projected - cut from 8.5% to the H p90 cap of 7.17%
Cayman Islands,CYM,2015,44430.0,H,actual,H,projected - cut from 8.5% to the H p90 cap of 7.17%
Cayman Islands,CYM,2016,47830.0,H,actual,H,projected - cut from 8.5% to the H p90 cap of 7.17%
Cayman Islands,CYM,2017,51890.0,H,actual,H,projected - cut from 8.5% to the H p90 cap of 7.17%
Cayman Islands,CYM,2018,57880.0,H,actual,H,projected - cut from 8.5% to the H p90 cap of 7.17%
Cayman Islands,CYM,2019,64520.0,H,actual,H,projected - cut from 8.5% to the H p90 cap of 7.17%
Cayman Islands,CYM,2020,62420.0,H,actual,H,projected - cut from 8.5% to the H p90 cap of 7.17%
Cayman Islands,CYM,2021,76260.0,H,actual,H,projected - cut from 8.5% to the H p90 cap of 7.17%
Cayman Islands,CYM,2022,73960.0,H,actual,H,projected - cut from 8.5% to the H p90 cap of 7.17%
Cayman Islands,CYM,2023,73970.0,H,actual,H,projected - cut from 8.5% to the H p90 cap of 7.17%
Cayman Islands,CYM,2024,81920.0,H,actual,H,projected - cut from 8.5% to the H p90 cap of 7.17%
Cayman Islands,CYM,2025,,H,actual,H,projected - cut from 8.5% to the H p90 cap of 7.17%
Cayman Islands,CYM,2026,87792.76288,H,projected,H,projected - cut from 8.5% to the H p90 cap of 7.17%
Cayman Islands,CYM,2027,94086.538258,H,projected,H,projected - cut from 8.5% to the H p90 cap of 7.17%
Cayman Islands,CYM,2028,100831.508099,H,projected,H,projected - cut from 8.5% to the H p90 cap of 7.17%
Cayman Islands,CYM,2029,108060.018083,H,projected,H,projected - cut from 8.5% to the H p90 cap of 7.17%
Cayman Islands,CYM,2030,115806.73272,H,projected,H,projected - cut from 8.5% to the H p90 cap of 7.17%
Cayman Islands,CYM,2031,124108.801582,H,projected,H,projected - cut from 8.5% to the H p90 cap of 7.17%
Cayman Islands,CYM,2032,133006.037458,H,projected,H,projected - cut from 8.5% to the H p90 cap of 7.17%
Cayman Islands,CYM,2033,142541.107278,H,projected,H,projected - cut from 8.5% to the H p90 cap of 7.17%
Cayman Islands,CYM,2034,152759.736717,H,projected,H,projected - cut from 8.5% to the H p90 cap of 7.17%
Cayman Islands,CYM,2035,163710.929483,H,projected,H,projected - cut from 8.5% to the H p90 cap of 7.17%
Cayman Islands,CYM,2036,175447.202307,H,projected,H,projected - cut from 8.5% to the H p90 cap of 7.17%
Cayman Islands,CYM,2037,188024.836793,H,projected,H,projected - cut from 8.5% to the H p90 cap of 7.17%
Cayman Islands,CYM,2038,201504.149318,H,projected,H,projected - cut from 8.5% to the H p90 cap of 7.17%
Cayman Islands,CYM,2039,215949.780278,H,projected,H,projected - cut from 8.5% to the H p90 cap of 7.17%
Cayman Islands,CYM,2040,231431.004076,H,projected,H,projected - cut from 8.5% to the H p90 cap of 7.17%
Cayman Islands,CYM,2041,248022.061328,H,projected,H,projected - cut from 8.5% to the H p90 cap of 7.17%
Cayman Islands,CYM,2042,265802.514882,H,projected,H,projected - cut from 8.5% to the H p90 cap of 7.17%
Cayman Islands,CYM,2043,284857.631371,H,projected,H,projected - cut from 8.5% to the H p90 cap of 7.17%
Cayman Islands,CYM,2044,305278.790107,H,projected,H,projected - cut from 8.5% to the H p90 cap of 7.17%
Cayman Islands,CYM,2045,327163.921291,H,projected,H,projected - cut from 8.5% to the H p90 cap of 7.17%
Cayman Islands,CYM,2046,350617.975644,H,projected,H,projected - cut from 8.5% to the H p90 cap of 7.17%
Cayman Islands,CYM,2047,375753.4277,H,projected,H,projected - cut from 8.5% to the H p90 cap of 7.17%
Cayman Islands,CYM,2048,402690.815179,H,projected,H,projected - cut from 8.5% to the H p90 cap of 7.17%
Cayman Islands,CYM,2049,431559.317028,H,projected,H,projected - cut from 8.5% to the H p90 cap of 7.17%
Cayman Islands,CYM,2050,462497.372906,H,projected,H,projected - cut from 8.5% to the H p90 cap of 7.17%
Central African Republic,CAF,1987,410.0,L,actual,L,projected
Central African Republic,CAF,1988,480.0,L,actual,L,projected
Central African Republic,CAF,1989,480.0,L,actual,L,projected
Central African Republic,CAF,1990,470.0,L,actual,L,projected
Central African Republic,CAF,1991,460.0,L,actual,L,projected
Central African Republic,CAF,1992,460.0,L,actual,L,projected
Central African Republic,CAF,1993,430.0,L,actual,L,projected
Central African Republic,CAF,1994,360.0,L,actual,L,projected
Central African Republic,CAF,1995,340.0,L,actual,L,projected
Central African Republic,CAF,1996,290.0,L,actual,L,projected
Central African Republic,CAF,1997,290.0,L,actual,L,projected
Central African Republic,CAF,1998,270.0,L,actual,L,projected
Central African Republic,CAF,1999,260.0,L,actual,L,projected
Central African Republic,CAF,2000,240.0,L,actual,L,projected
Central African Republic,CAF,2001,240.0,L,actual,L,projected
Central African Republic,CAF,2002,240.0,L,actual,L,projected
Central African Republic,CAF,2003,250.0,L,actual,L,projected
Central African Republic,CAF,2004,290.0,L,actual,L,projected
Central African Republic,CAF,2005,320.0,L,actual,L,projected
Central African Republic,CAF,2006,330.0,L,actual,L,projected
Central African Republic,CAF,2007,360.0,L,actual,L,projected
Central African Republic,CAF,2008,390.0,L,actual,L,projected
Central African Republic,CAF,2009,460.0,L,actual,L,projected
Central African Republic,CAF,2010,500.0,L,actual,L,projected
Central African Republic,CAF,2011,510.0,L,actual,L,projected
Central African Republic,CAF,2012,540.0,L,actual,L,projected
Central African Republic,CAF,2013,360.0,L,actual,L,projected
Central African Republic,CAF,2014,380.0,L,actual,L,projected
Central African Republic,CAF,2015,390.0,L,actual,L,projected
Central African Republic,CAF,2016,400.0,L,actual,L,projected
Central African Republic,CAF,2017,420.0,L,actual,L,projected
Central African Republic,CAF,2018,470.0,L,actual,L,projected
Central African Republic,CAF,2019,500.0,L,actual,L,projected
Central African Republic,CAF,2020,490.0,L,actual,L,projected
Central African Republic,CAF,2021,510.0,L,actual,L,projected
Central African Republic,CAF,2022,520.0,L,actual,L,projected
Central African Republic,CAF,2023,530.0,L,actual,L,projected
Central African Republic,CAF,2024,510.0,L,actual,L,projected
Central African Republic,CAF,2025,560.0,L,actual,L,projected
Central African Republic,CAF,2026,578.608059,L,projected,L,projected
Central African Republic,CAF,2027,597.834438,L,projected,L,projected
Central African Republic,CAF,2028,617.699685,L,projected,L,projected
Central African Republic,CAF,2029,638.225028,L,projected,L,projected
Central African Republic,CAF,2030,659.432401,L,projected,L,projected
Central African Republic,CAF,2031,681.344466,L,projected,L,projected
Central African Republic,CAF,2032,703.984641,L,projected,L,projected
Central African Republic,CAF,2033,727.377119,L,projected,L,projected
Central African Republic,CAF,2034,751.546897,L,projected,L,projected
Central African Republic,CAF,2035,776.519806,L,projected,L,projected
Central African Republic,CAF,2036,802.322531,L,projected,L,projected
Central African Republic,CAF,2037,828.982646,L,projected,L,projected
Central African Republic,CAF,2038,856.528642,L,projected,L,projected
Central African Republic,CAF,2039,884.989955,L,projected,L,projected
Central African Republic,CAF,2040,914.396999,L,projected,L,projected
Central African Republic,CAF,2041,944.781201,L,projected,L,projected
Central African Republic,CAF,2042,976.17503,L,projected,L,projected
Central African Republic,CAF,2043,1008.612034,L,projected,L,projected
Central African Republic,CAF,2044,1042.126876,L,projected,L,projected
Central African Republic,CAF,2045,1076.755372,L,projected,L,projected
Central African Republic,CAF,2046,1112.534528,L,projected,L,projected
Central African Republic,CAF,2047,1149.502577,L,projected,L,projected
Central African Republic,CAF,2048,1187.699026,L,projected,L,projected
Central African Republic,CAF,2049,1227.164692,L,projected,L,projected
Central African Republic,CAF,2050,1267.941751,L,projected,L,projected
Chad,TCD,1987,210.0,L,actual,L,projected - raised from 1.1% to the 1.244% floor
Chad,TCD,1988,270.0,L,actual,L,projected - raised from 1.1% to the 1.244% floor
Chad,TCD,1989,270.0,L,actual,L,projected - raised from 1.1% to the 1.244% floor
Chad,TCD,1990,270.0,L,actual,L,projected - raised from 1.1% to the 1.244% floor
Chad,TCD,1991,290.0,L,actual,L,projected - raised from 1.1% to the 1.244% floor
Chad,TCD,1992,320.0,L,actual,L,projected - raised from 1.1% to the 1.244% floor
Chad,TCD,1993,240.0,L,actual,L,projected - raised from 1.1% to the 1.244% floor
Chad,TCD,1994,220.0,L,actual,L,projected - raised from 1.1% to the 1.244% floor
Chad,TCD,1995,200.0,L,actual,L,projected - raised from 1.1% to the 1.244% floor
Chad,TCD,1996,200.0,L,actual,L,projected - raised from 1.1% to the 1.244% floor
Chad,TCD,1997,210.0,L,actual,L,projected - raised from 1.1% to the 1.244% floor
Chad,TCD,1998,210.0,L,actual,L,projected - raised from 1.1% to the 1.244% floor
Chad,TCD,1999,190.0,L,actual,L,projected - raised from 1.1% to the 1.244% floor
Chad,TCD,2000,180.0,L,actual,L,projected - raised from 1.1% to the 1.244% floor
Chad,TCD,2001,180.0,L,actual,L,projected - raised from 1.1% to the 1.244% floor
Chad,TCD,2002,190.0,L,actual,L,projected - raised from 1.1% to the 1.244% floor
Chad,TCD,2003,210.0,L,actual,L,projected - raised from 1.1% to the 1.244% floor
Chad,TCD,2004,330.0,L,actual,L,projected - raised from 1.1% to the 1.244% floor
Chad,TCD,2005,510.0,L,actual,L,projected - raised from 1.1% to the 1.244% floor
Chad,TCD,2006,630.0,L,actual,L,projected - raised from 1.1% to the 1.244% floor
Chad,TCD,2007,820.0,L,actual,L,projected - raised from 1.1% to the 1.244% floor
Chad,TCD,2008,910.0,L,actual,L,projected - raised from 1.1% to the 1.244% floor
Chad,TCD,2009,1020.0,L,actual,L,projected - raised from 1.1% to the 1.244% floor
Chad,TCD,2010,1150.0,L,actual,L,projected - raised from 1.1% to the 1.244% floor
Chad,TCD,2011,1190.0,L,actual,L,projected - raised from 1.1% to the 1.244% floor
Chad,TCD,2012,1310.0,L,actual,L,projected - raised from 1.1% to the 1.244% floor
Chad,TCD,2013,1310.0,L,actual,L,projected - raised from 1.1% to the 1.244% floor
Chad,TCD,2014,1260.0,L,actual,L,projected - raised from 1.1% to the 1.244% floor
Chad,TCD,2015,1130.0,L,actual,L,projected - raised from 1.1% to the 1.244% floor
Chad,TCD,2016,940.0,L,actual,L,projected - raised from 1.1% to the 1.244% floor
Chad,TCD,2017,830.0,L,actual,L,projected - raised from 1.1% to the 1.244% floor
Chad,TCD,2018,890.0,L,actual,L,projected - raised from 1.1% to the 1.244% floor
Chad,TCD,2019,930.0,L,actual,L,projected - raised from 1.1% to the 1.244% floor
Chad,TCD,2020,890.0,L,actual,L,projected - raised from 1.1% to the 1.244% floor
Chad,TCD,2021,890.0,L,actual,L,projected - raised from 1.1% to the 1.244% floor
Chad,TCD,2022,920.0,L,actual,L,projected - raised from 1.1% to the 1.244% floor
Chad,TCD,2023,910.0,L,actual,L,projected - raised from 1.1% to the 1.244% floor
Chad,TCD,2024,930.0,L,actual,L,projected - raised from 1.1% to the 1.244% floor
Chad,TCD,2025,970.0,L,actual,L,projected - raised from 1.1% to the 1.244% floor
Chad,TCD,2026,982.0668,L,projected,L,projected - raised from 1.1% to the 1.244% floor
Chad,TCD,2027,994.283711,L,projected,L,projected - raised from 1.1% to the 1.244% floor
Chad,TCD,2028,1006.6526,L,projected,L,projected - raised from 1.1% to the 1.244% floor
Chad,TCD,2029,1019.175359,L,projected,L,projected - raised from 1.1% to the 1.244% floor
Chad,TCD,2030,1031.8539,L,projected,L,projected - raised from 1.1% to the 1.244% floor
Chad,TCD,2031,1044.690163,L,projected,L,projected - raised from 1.1% to the 1.244% floor
Chad,TCD,2032,1057.686108,L,projected,L,projected - raised from 1.1% to the 1.244% floor
Chad,TCD,2033,1070.843723,L,projected,L,projected - raised from 1.1% to the 1.244% floor
Chad,TCD,2034,1084.165019,L,projected,L,projected - raised from 1.1% to the 1.244% floor
Chad,TCD,2035,1097.652032,L,projected,L,projected - raised from 1.1% to the 1.244% floor
Chad,TCD,2036,1111.306824,L,projected,L,projected - raised from 1.1% to the 1.244% floor
Chad,TCD,2037,1125.13148,L,projected,L,projected - raised from 1.1% to the 1.244% floor
Chad,TCD,2038,1139.128116,L,projected,L,projected - raised from 1.1% to the 1.244% floor
Chad,TCD,2039,1153.29887,L,projected,L,projected - raised from 1.1% to the 1.244% floor
Chad,TCD,2040,1167.645908,L,projected,L,projected - raised from 1.1% to the 1.244% floor
Chad,TCD,2041,1182.171423,L,projected,L,projected - raised from 1.1% to the 1.244% floor
Chad,TCD,2042,1196.877635,L,projected,L,projected - raised from 1.1% to the 1.244% floor
Chad,TCD,2043,1211.766793,L,projected,L,projected - raised from 1.1% to the 1.244% floor
Chad,TCD,2044,1226.841172,L,projected,L,projected - raised from 1.1% to the 1.244% floor
Chad,TCD,2045,1242.103076,L,projected,L,projected - raised from 1.1% to the 1.244% floor
Chad,TCD,2046,1257.554838,L,projected,L,projected - raised from 1.1% to the 1.244% floor
Chad,TCD,2047,1273.198821,L,projected,L,projected - raised from 1.1% to the 1.244% floor
Chad,TCD,2048,1289.037414,L,projected,L,projected - raised from 1.1% to the 1.244% floor
Chad,TCD,2049,1305.073039,L,projected,L,projected - raised from 1.1% to the 1.244% floor
Chad,TCD,2050,1321.308148,L,projected,L,projected - raised from 1.1% to the 1.244% floor
Channel Islands,CHI,1987,,H,actual,H,frozen - only 0 of 10 annual rates
Channel Islands,CHI,1988,,H,actual,H,frozen - only 0 of 10 annual rates
Channel Islands,CHI,1989,,H,actual,H,frozen - only 0 of 10 annual rates
Channel Islands,CHI,1990,,H,actual,H,frozen - only 0 of 10 annual rates
Channel Islands,CHI,1991,,H,actual,H,frozen - only 0 of 10 annual rates
Channel Islands,CHI,1992,,H,actual,H,frozen - only 0 of 10 annual rates
Channel Islands,CHI,1993,,H,actual,H,frozen - only 0 of 10 annual rates
Channel Islands,CHI,1994,,H,actual,H,frozen - only 0 of 10 annual rates
Channel Islands,CHI,1995,,H,actual,H,frozen - only 0 of 10 annual rates
Channel Islands,CHI,1996,,H,actual,H,frozen - only 0 of 10 annual rates
Channel Islands,CHI,1997,,H,actual,H,frozen - only 0 of 10 annual rates
Channel Islands,CHI,1998,,H,actual,H,frozen - only 0 of 10 annual rates
Channel Islands,CHI,1999,,H,actual,H,frozen - only 0 of 10 annual rates
Channel Islands,CHI,2000,,H,actual,H,frozen - only 0 of 10 annual rates
Channel Islands,CHI,2001,,H,actual,H,frozen - only 0 of 10 annual rates
Channel Islands,CHI,2002,,H,actual,H,frozen - only 0 of 10 annual rates
Channel Islands,CHI,2003,,H,actual,H,frozen - only 0 of 10 annual rates
Channel Islands,CHI,2004,,H,actual,H,frozen - only 0 of 10 annual rates
Channel Islands,CHI,2005,,H,actual,H,frozen - only 0 of 10 annual rates
Channel Islands,CHI,2006,,H,actual,H,frozen - only 0 of 10 annual rates
Channel Islands,CHI,2007,,H,actual,H,frozen - only 0 of 10 annual rates
Channel Islands,CHI,2008,,H,actual,H,frozen - only 0 of 10 annual rates
Channel Islands,CHI,2009,,H,actual,H,frozen - only 0 of 10 annual rates
Channel Islands,CHI,2010,,H,actual,H,frozen - only 0 of 10 annual rates
Channel Islands,CHI,2011,,H,actual,H,frozen - only 0 of 10 annual rates
Channel Islands,CHI,2012,,H,actual,H,frozen - only 0 of 10 annual rates
Channel Islands,CHI,2013,,H,actual,H,frozen - only 0 of 10 annual rates
Channel Islands,CHI,2014,,H,actual,H,frozen - only 0 of 10 annual rates
Channel Islands,CHI,2015,,H,actual,H,frozen - only 0 of 10 annual rates
Channel Islands,CHI,2016,,H,actual,H,frozen - only 0 of 10 annual rates
Channel Islands,CHI,2017,,H,actual,H,frozen - only 0 of 10 annual rates
Channel Islands,CHI,2018,,H,actual,H,frozen - only 0 of 10 annual rates
Channel Islands,CHI,2019,,H,actual,H,frozen - only 0 of 10 annual rates
Channel Islands,CHI,2020,,H,actual,H,frozen - only 0 of 10 annual rates
Channel Islands,CHI,2021,,H,actual,H,frozen - only 0 of 10 annual rates
Channel Islands,CHI,2022,,H,actual,H,frozen - only 0 of 10 annual rates
Channel Islands,CHI,2023,,H,actual,H,frozen - only 0 of 10 annual rates
Channel Islands,CHI,2024,,H,actual,H,frozen - only 0 of 10 annual rates
Channel Islands,CHI,2025,,H,actual,H,frozen - only 0 of 10 annual rates
Channel Islands,CHI,2026,,H,projected,H,frozen - only 0 of 10 annual rates
Channel Islands,CHI,2027,,H,projected,H,frozen - only 0 of 10 annual rates
Channel Islands,CHI,2028,,H,projected,H,frozen - only 0 of 10 annual rates
Channel Islands,CHI,2029,,H,projected,H,frozen - only 0 of 10 annual rates
Channel Islands,CHI,2030,,H,projected,H,frozen - only 0 of 10 annual rates
Channel Islands,CHI,2031,,H,projected,H,frozen - only 0 of 10 annual rates
Channel Islands,CHI,2032,,H,projected,H,frozen - only 0 of 10 annual rates
Channel Islands,CHI,2033,,H,projected,H,frozen - only 0 of 10 annual rates
Channel Islands,CHI,2034,,H,projected,H,frozen - only 0 of 10 annual rates
Channel Islands,CHI,2035,,H,projected,H,frozen - only 0 of 10 annual rates
Channel Islands,CHI,2036,,H,projected,H,frozen - only 0 of 10 annual rates
Channel Islands,CHI,2037,,H,projected,H,frozen - only 0 of 10 annual rates
Channel Islands,CHI,2038,,H,projected,H,frozen - only 0 of 10 annual rates
Channel Islands,CHI,2039,,H,projected,H,frozen - only 0 of 10 annual rates
Channel Islands,CHI,2040,,H,projected,H,frozen - only 0 of 10 annual rates
Channel Islands,CHI,2041,,H,projected,H,frozen - only 0 of 10 annual rates
Channel Islands,CHI,2042,,H,projected,H,frozen - only 0 of 10 annual rates
Channel Islands,CHI,2043,,H,projected,H,frozen - only 0 of 10 annual rates
Channel Islands,CHI,2044,,H,projected,H,frozen - only 0 of 10 annual rates
Channel Islands,CHI,2045,,H,projected,H,frozen - only 0 of 10 annual rates
Channel Islands,CHI,2046,,H,projected,H,frozen - only 0 of 10 annual rates
Channel Islands,CHI,2047,,H,projected,H,frozen - only 0 of 10 annual rates
Channel Islands,CHI,2048,,H,projected,H,frozen - only 0 of 10 annual rates
Channel Islands,CHI,2049,,H,projected,H,frozen - only 0 of 10 annual rates
Channel Islands,CHI,2050,,H,projected,H,frozen - only 0 of 10 annual rates
Chile,CHL,1987,1670.0,LM,actual,H,projected
Chile,CHL,1988,1940.0,LM,actual,H,projected
Chile,CHL,1989,2200.0,LM,actual,H,projected
Chile,CHL,1990,2340.0,LM,actual,H,projected
Chile,CHL,1991,2600.0,LM,actual,H,projected
Chile,CHL,1992,3120.0,LM,actual,H,projected
Chile,CHL,1993,3450.0,UM,actual,H,projected
Chile,CHL,1994,3740.0,UM,actual,H,projected
Chile,CHL,1995,4430.0,UM,actual,H,projected
Chile,CHL,1996,5070.0,UM,actual,H,projected
Chile,CHL,1997,5580.0,UM,actual,H,projected
Chile,CHL,1998,5470.0,UM,actual,H,projected
Chile,CHL,1999,5100.0,UM,actual,H,projected
Chile,CHL,2000,5030.0,UM,actual,H,projected
Chile,CHL,2001,4780.0,UM,actual,H,projected
Chile,CHL,2002,4520.0,UM,actual,H,projected
Chile,CHL,2003,4570.0,UM,actual,H,projected
Chile,CHL,2004,5200.0,UM,actual,H,projected
Chile,CHL,2005,6200.0,UM,actual,H,projected
Chile,CHL,2006,7350.0,UM,actual,H,projected
Chile,CHL,2007,8700.0,UM,actual,H,projected
Chile,CHL,2008,9950.0,UM,actual,H,projected
Chile,CHL,2009,9880.0,UM,actual,H,projected
Chile,CHL,2010,10720.0,UM,actual,H,projected
Chile,CHL,2011,11860.0,UM,actual,H,projected
Chile,CHL,2012,14170.0,H,actual,H,projected
Chile,CHL,2013,15080.0,H,actual,H,projected
Chile,CHL,2014,14690.0,H,actual,H,projected
Chile,CHL,2015,14080.0,H,actual,H,projected
Chile,CHL,2016,13310.0,H,actual,H,projected
Chile,CHL,2017,13200.0,H,actual,H,projected
Chile,CHL,2018,14460.0,H,actual,H,projected
Chile,CHL,2019,14700.0,H,actual,H,projected
Chile,CHL,2020,12960.0,H,actual,H,projected
Chile,CHL,2021,14790.0,H,actual,H,projected
Chile,CHL,2022,15430.0,H,actual,H,projected
Chile,CHL,2023,15970.0,H,actual,H,projected
Chile,CHL,2024,15840.0,H,actual,H,projected
Chile,CHL,2025,16960.0,H,actual,H,projected
Chile,CHL,2026,17397.519409,H,projected,H,projected
Chile,CHL,2027,17846.325565,H,projected,H,projected
Chile,CHL,2028,18306.709635,H,projected,H,projected
Chile,CHL,2029,18778.970294,H,projected,H,projected
Chile,CHL,2030,19263.413925,H,projected,H,projected
Chile,CHL,2031,19760.354814,H,projected,H,projected
Chile,CHL,2032,20270.115354,H,projected,H,projected
Chile,CHL,2033,20793.026256,H,projected,H,projected
Chile,CHL,2034,21329.42676,H,projected,H,projected
Chile,CHL,2035,21879.664861,H,projected,H,projected
Chile,CHL,2036,22444.097529,H,projected,H,projected
Chile,CHL,2037,23023.090942,H,projected,H,projected
Chile,CHL,2038,23617.020726,H,projected,H,projected
Chile,CHL,2039,24226.272197,H,projected,H,projected
Chile,CHL,2040,24851.240611,H,projected,H,projected
Chile,CHL,2041,25492.331419,H,projected,H,projected
Chile,CHL,2042,26149.960533,H,projected,H,projected
Chile,CHL,2043,26824.554595,H,projected,H,projected
Chile,CHL,2044,27516.55125,H,projected,H,projected
Chile,CHL,2045,28226.399436,H,projected,H,projected
Chile,CHL,2046,28954.559672,H,projected,H,projected
Chile,CHL,2047,29701.504356,H,projected,H,projected
Chile,CHL,2048,30467.718072,H,projected,H,projected
Chile,CHL,2049,31253.697908,H,projected,H,projected
Chile,CHL,2050,32059.953771,H,projected,H,projected
China,CHN,1987,320.0,L,actual,UM,projected
China,CHN,1988,330.0,L,actual,UM,projected
China,CHN,1989,320.0,L,actual,UM,projected
China,CHN,1990,330.0,L,actual,UM,projected
China,CHN,1991,360.0,L,actual,UM,projected
China,CHN,1992,400.0,L,actual,UM,projected
China,CHN,1993,420.0,L,actual,UM,projected
China,CHN,1994,470.0,L,actual,UM,projected
China,CHN,1995,540.0,L,actual,UM,projected
China,CHN,1996,660.0,L,actual,UM,projected
China,CHN,1997,760.0,LM,actual,UM,projected
China,CHN,1998,800.0,L,actual,UM,projected
China,CHN,1999,860.0,LM,actual,UM,projected
China,CHN,2000,950.0,LM,actual,UM,projected
China,CHN,2001,1020.0,LM,actual,UM,projected
China,CHN,2002,1130.0,LM,actual,UM,projected
China,CHN,2003,1300.0,LM,actual,UM,projected
China,CHN,2004,1530.0,LM,actual,UM,projected
China,CHN,2005,1790.0,LM,actual,UM,projected
China,CHN,2006,2090.0,LM,actual,UM,projected
China,CHN,2007,2550.0,LM,actual,UM,projected
China,CHN,2008,3140.0,LM,actual,UM,projected
China,CHN,2009,3740.0,LM,actual,UM,projected
China,CHN,2010,4410.0,UM,actual,UM,projected
China,CHN,2011,5130.0,UM,actual,UM,projected
China,CHN,2012,6010.0,UM,actual,UM,projected
China,CHN,2013,6860.0,UM,actual,UM,projected
China,CHN,2014,7600.0,UM,actual,UM,projected
China,CHN,2015,8040.0,UM,actual,UM,projected
China,CHN,2016,8360.0,UM,actual,UM,projected
China,CHN,2017,8830.0,UM,actual,UM,projected
China,CHN,2018,9720.0,UM,actual,UM,projected
China,CHN,2019,10510.0,UM,actual,UM,projected
China,CHN,2020,10740.0,UM,actual,UM,projected
China,CHN,2021,12220.0,UM,actual,UM,projected
China,CHN,2022,13170.0,UM,actual,UM,projected
China,CHN,2023,13750.0,UM,actual,UM,projected
China,CHN,2024,13660.0,UM,actual,UM,projected
China,CHN,2025,14230.0,UM,actual,UM,projected
China,CHN,2026,14943.346907,H,projected,UM,projected
China,CHN,2027,15692.453745,H,projected,UM,projected
China,CHN,2028,16479.113151,H,projected,UM,projected
China,CHN,2029,17305.207627,H,projected,UM,projected
China,CHN,2030,18172.714046,H,projected,UM,projected
China,CHN,2031,19083.708379,H,projected,UM,projected
China,CHN,2032,20040.370666,H,projected,UM,projected
China,CHN,2033,21044.990233,H,projected,UM,projected
China,CHN,2034,22099.971168,H,projected,UM,projected
China,CHN,2035,23207.838074,H,projected,UM,projected
China,CHN,2036,24371.242116,H,projected,UM,projected
China,CHN,2037,25592.967357,H,projected,UM,projected
China,CHN,2038,26875.937428,H,projected,UM,projected
China,CHN,2039,28223.222519,H,projected,UM,projected
China,CHN,2040,29638.046728,H,projected,UM,projected
China,CHN,2041,31123.795778,H,projected,UM,projected
China,CHN,2042,32684.025114,H,projected,UM,projected
China,CHN,2043,34322.468419,H,projected,UM,projected
China,CHN,2044,36043.046542,H,projected,UM,projected
China,CHN,2045,37849.876885,H,projected,UM,projected
China,CHN,2046,39747.283253,H,projected,UM,projected
China,CHN,2047,41739.806203,H,projected,UM,projected
China,CHN,2048,43832.213909,H,projected,UM,projected
China,CHN,2049,46029.513574,H,projected,UM,projected
China,CHN,2050,48336.963409,H,projected,UM,projected
Colombia,COL,1987,1270.0,LM,actual,UM,projected
Colombia,COL,1988,1330.0,LM,actual,UM,projected
Colombia,COL,1989,1280.0,LM,actual,UM,projected
Colombia,COL,1990,1350.0,LM,actual,UM,projected
Colombia,COL,1991,1400.0,LM,actual,UM,projected
Colombia,COL,1992,1600.0,LM,actual,UM,projected
Colombia,COL,1993,1770.0,LM,actual,UM,projected
Colombia,COL,1994,2080.0,LM,actual,UM,projected
Colombia,COL,1995,2390.0,LM,actual,UM,projected
Colombia,COL,1996,2580.0,LM,actual,UM,projected
Colombia,COL,1997,2700.0,LM,actual,UM,projected
Colombia,COL,1998,2600.0,LM,actual,UM,projected
Colombia,COL,1999,2370.0,LM,actual,UM,projected
Colombia,COL,2000,2370.0,LM,actual,UM,projected
Colombia,COL,2001,2360.0,LM,actual,UM,projected
Colombia,COL,2002,2410.0,LM,actual,UM,projected
Colombia,COL,2003,2410.0,LM,actual,UM,projected
Colombia,COL,2004,2650.0,LM,actual,UM,projected
Colombia,COL,2005,3030.0,LM,actual,UM,projected
Colombia,COL,2006,3540.0,LM,actual,UM,projected
Colombia,COL,2007,4170.0,LM,actual,UM,projected
Colombia,COL,2008,4770.0,UM,actual,UM,projected
Colombia,COL,2009,5200.0,UM,actual,UM,projected
Colombia,COL,2010,5690.0,UM,actual,UM,projected
Colombia,COL,2011,6370.0,UM,actual,UM,projected
Colombia,COL,2012,7340.0,UM,actual,UM,projected
Colombia,COL,2013,8010.0,UM,actual,UM,projected
Colombia,COL,2014,8280.0,UM,actual,UM,projected
Colombia,COL,2015,7420.0,UM,actual,UM,projected
Colombia,COL,2016,6560.0,UM,actual,UM,projected
Colombia,COL,2017,6030.0,UM,actual,UM,projected
Colombia,COL,2018,6350.0,UM,actual,UM,projected
Colombia,COL,2019,6630.0,UM,actual,UM,projected
Colombia,COL,2020,5850.0,UM,actual,UM,projected
Colombia,COL,2021,6310.0,UM,actual,UM,projected
Colombia,COL,2022,6560.0,UM,actual,UM,projected
Colombia,COL,2023,6760.0,UM,actual,UM,projected
Colombia,COL,2024,7090.0,UM,actual,UM,projected
Colombia,COL,2025,7900.0,UM,actual,UM,projected
Colombia,COL,2026,8230.670851,UM,projected,UM,projected
Colombia,COL,2027,8575.182615,UM,projected,UM,projected
Colombia,COL,2028,8934.114632,UM,projected,UM,projected
Colombia,COL,2029,9308.070492,UM,projected,UM,projected
Colombia,COL,2030,9697.679048,UM,projected,UM,projected
Colombia,COL,2031,10103.595476,UM,projected,UM,projected
Colombia,COL,2032,10526.502377,UM,projected,UM,projected
Colombia,COL,2033,10967.110921,UM,projected,UM,projected
Colombia,COL,2034,11426.162048,UM,projected,UM,projected
Colombia,COL,2035,11904.42771,UM,projected,UM,projected
Colombia,COL,2036,12402.712172,UM,projected,UM,projected
Colombia,COL,2037,12921.85336,UM,projected,UM,projected
Colombia,COL,2038,13462.724278,UM,projected,UM,projected
Colombia,COL,2039,14026.234467,UM,projected,UM,projected
Colombia,COL,2040,14613.331542,UM,projected,UM,projected
Colombia,COL,2041,15225.00278,UM,projected,UM,projected
Colombia,COL,2042,15862.276783,UM,projected,UM,projected
Colombia,COL,2043,16526.225209,UM,projected,UM,projected
Colombia,COL,2044,17217.964571,UM,projected,UM,projected
Colombia,COL,2045,17938.658115,UM,projected,UM,projected
Colombia,COL,2046,18689.51778,H,projected,UM,projected
Colombia,COL,2047,19471.806229,H,projected,UM,projected
Colombia,COL,2048,20286.838981,H,projected,UM,projected
Colombia,COL,2049,21135.986616,H,projected,UM,projected
Colombia,COL,2050,22020.677082,H,projected,UM,projected
Comoros,COM,1987,680.0,L,actual,LM,projected
Comoros,COM,1988,830.0,L,actual,LM,projected
Comoros,COM,1989,830.0,L,actual,LM,projected
Comoros,COM,1990,880.0,L,actual,LM,projected
Comoros,COM,1991,840.0,L,actual,LM,projected
Comoros,COM,1992,960.0,L,actual,LM,projected
Comoros,COM,1993,970.0,L,actual,LM,projected
Comoros,COM,1994,810.0,L,actual,LM,projected
Comoros,COM,1995,810.0,L,actual,LM,projected
Comoros,COM,1996,770.0,L,actual,LM,projected
Comoros,COM,1997,780.0,L,actual,LM,projected
Comoros,COM,1998,720.0,L,actual,LM,projected
Comoros,COM,1999,700.0,L,actual,LM,projected
Comoros,COM,2000,670.0,L,actual,LM,projected
Comoros,COM,2001,680.0,L,actual,LM,projected
Comoros,COM,2002,700.0,L,actual,LM,projected
Comoros,COM,2003,810.0,L,actual,LM,projected
Comoros,COM,2004,980.0,L,actual,LM,projected
Comoros,COM,2005,1140.0,L,actual,LM,projected
Comoros,COM,2006,1140.0,L,actual,LM,projected
Comoros,COM,2007,1190.0,L,actual,LM,projected
Comoros,COM,2008,1340.0,L,actual,LM,projected
Comoros,COM,2009,1440.0,L,actual,LM,projected
Comoros,COM,2010,1450.0,L,actual,LM,projected
Comoros,COM,2011,1490.0,L,actual,LM,projected
Comoros,COM,2012,1510.0,L,actual,LM,projected
Comoros,COM,2013,1590.0,L,actual,LM,projected
Comoros,COM,2014,1590.0,L,actual,LM,projected
Comoros,COM,2015,1480.0,L,actual,LM,projected
Comoros,COM,2016,1410.0,L,actual,LM,projected
Comoros,COM,2017,1380.0,L,actual,LM,projected
Comoros,COM,2018,1490.0,LM,actual,LM,projected
Comoros,COM,2019,1530.0,LM,actual,LM,projected
Comoros,COM,2020,1530.0,LM,actual,LM,projected
Comoros,COM,2021,1590.0,LM,actual,LM,projected
Comoros,COM,2022,1630.0,LM,actual,LM,projected
Comoros,COM,2023,1670.0,LM,actual,LM,projected
Comoros,COM,2024,1730.0,LM,actual,LM,projected
Comoros,COM,2025,1950.0,LM,actual,LM,projected
Comoros,COM,2026,2000.702799,LM,projected,LM,projected
Comoros,COM,2027,2052.723943,LM,projected,LM,projected
Comoros,COM,2028,2106.097711,LM,projected,LM,projected
Comoros,COM,2029,2160.859274,LM,projected,LM,projected
Comoros,COM,2030,2217.044716,LM,projected,LM,projected
Comoros,COM,2031,2274.691061,LM,projected,LM,projected
Comoros,COM,2032,2333.836293,LM,projected,LM,projected
Comoros,COM,2033,2394.519386,LM,projected,LM,projected
Comoros,COM,2034,2456.780326,LM,projected,LM,projected
Comoros,COM,2035,2520.660141,LM,projected,LM,projected
Comoros,COM,2036,2586.200922,LM,projected,LM,projected
Comoros,COM,2037,2653.445857,LM,projected,LM,projected
Comoros,COM,2038,2722.439258,LM,projected,LM,projected
Comoros,COM,2039,2793.226586,LM,projected,LM,projected
Comoros,COM,2040,2865.854485,LM,projected,LM,projected
Comoros,COM,2041,2940.370815,LM,projected,LM,projected
Comoros,COM,2042,3016.824676,LM,projected,LM,projected
Comoros,COM,2043,3095.266447,LM,projected,LM,projected
Comoros,COM,2044,3175.747817,LM,projected,LM,projected
Comoros,COM,2045,3258.321818,LM,projected,LM,projected
Comoros,COM,2046,3343.042861,LM,projected,LM,projected
Comoros,COM,2047,3429.966773,LM,projected,LM,projected
Comoros,COM,2048,3519.150832,LM,projected,LM,projected
Comoros,COM,2049,3610.653804,LM,projected,LM,projected
Comoros,COM,2050,3704.535985,LM,projected,LM,projected
"Congo, Dem. Rep.",COD,1987,240.0,L,actual,L,projected
"Congo, Dem. Rep.",COD,1988,250.0,L,actual,L,projected
"Congo, Dem. Rep.",COD,1989,240.0,L,actual,L,projected
"Congo, Dem. Rep.",COD,1990,230.0,L,actual,L,projected
"Congo, Dem. Rep.",COD,1991,190.0,L,actual,L,projected
"Congo, Dem. Rep.",COD,1992,200.0,L,actual,L,projected
"Congo, Dem. Rep.",COD,1993,200.0,L,actual,L,projected
"Congo, Dem. Rep.",COD,1994,150.0,L,actual,L,projected
"Congo, Dem. Rep.",COD,1995,140.0,L,actual,L,projected
"Congo, Dem. Rep.",COD,1996,120.0,L,actual,L,projected
"Congo, Dem. Rep.",COD,1997,110.0,L,actual,L,projected
"Congo, Dem. Rep.",COD,1998,110.0,L,actual,L,projected
"Congo, Dem. Rep.",COD,1999,100.0,L,actual,L,projected
"Congo, Dem. Rep.",COD,2000,130.0,L,actual,L,projected
"Congo, Dem. Rep.",COD,2001,130.0,L,actual,L,projected
"Congo, Dem. Rep.",COD,2002,180.0,L,actual,L,projected
"Congo, Dem. Rep.",COD,2003,160.0,L,actual,L,projected
"Congo, Dem. Rep.",COD,2004,180.0,L,actual,L,projected
"Congo, Dem. Rep.",COD,2005,190.0,L,actual,L,projected
"Congo, Dem. Rep.",COD,2006,220.0,L,actual,L,projected
"Congo, Dem. Rep.",COD,2007,260.0,L,actual,L,projected
"Congo, Dem. Rep.",COD,2008,300.0,L,actual,L,projected
"Congo, Dem. Rep.",COD,2009,300.0,L,actual,L,projected
"Congo, Dem. Rep.",COD,2010,320.0,L,actual,L,projected
"Congo, Dem. Rep.",COD,2011,320.0,L,actual,L,projected
"Congo, Dem. Rep.",COD,2012,370.0,L,actual,L,projected
"Congo, Dem. Rep.",COD,2013,420.0,L,actual,L,projected
"Congo, Dem. Rep.",COD,2014,450.0,L,actual,L,projected
"Congo, Dem. Rep.",COD,2015,460.0,L,actual,L,projected
"Congo, Dem. Rep.",COD,2016,460.0,L,actual,L,projected
"Congo, Dem. Rep.",COD,2017,440.0,L,actual,L,projected
"Congo, Dem. Rep.",COD,2018,460.0,L,actual,L,projected
"Congo, Dem. Rep.",COD,2019,460.0,L,actual,L,projected
"Congo, Dem. Rep.",COD,2020,480.0,L,actual,L,projected
"Congo, Dem. Rep.",COD,2021,530.0,L,actual,L,projected
"Congo, Dem. Rep.",COD,2022,610.0,L,actual,L,projected
"Congo, Dem. Rep.",COD,2023,680.0,L,actual,L,projected
"Congo, Dem. Rep.",COD,2024,680.0,L,actual,L,projected
"Congo, Dem. Rep.",COD,2025,720.0,L,actual,L,projected
"Congo, Dem. Rep.",COD,2026,752.01581,L,projected,L,projected
"Congo, Dem. Rep.",COD,2027,785.455248,L,projected,L,projected
"Congo, Dem. Rep.",COD,2028,820.381618,L,projected,L,projected
"Congo, Dem. Rep.",COD,2029,856.861038,L,projected,L,projected
"Congo, Dem. Rep.",COD,2030,894.962566,L,projected,L,projected
"Congo, Dem. Rep.",COD,2031,934.758333,L,projected,L,projected
"Congo, Dem. Rep.",COD,2032,976.323674,L,projected,L,projected
"Congo, Dem. Rep.",COD,2033,1019.737276,L,projected,L,projected
"Congo, Dem. Rep.",COD,2034,1065.081324,L,projected,L,projected
"Congo, Dem. Rep.",COD,2035,1112.44166,L,projected,L,projected
"Congo, Dem. Rep.",COD,2036,1161.907939,L,projected,L,projected
"Congo, Dem. Rep.",COD,2037,1213.573806,L,projected,L,projected
"Congo, Dem. Rep.",COD,2038,1267.537068,L,projected,L,projected
"Congo, Dem. Rep.",COD,2039,1323.899883,L,projected,L,projected
"Congo, Dem. Rep.",COD,2040,1382.768949,L,projected,L,projected
"Congo, Dem. Rep.",COD,2041,1444.25571,LM,projected,L,projected
"Congo, Dem. Rep.",COD,2042,1508.476567,LM,projected,L,projected
"Congo, Dem. Rep.",COD,2043,1575.553094,LM,projected,L,projected
"Congo, Dem. Rep.",COD,2044,1645.612273,LM,projected,L,projected
"Congo, Dem. Rep.",COD,2045,1718.786732,LM,projected,L,projected
"Congo, Dem. Rep.",COD,2046,1795.214996,LM,projected,L,projected
"Congo, Dem. Rep.",COD,2047,1875.041749,LM,projected,L,projected
"Congo, Dem. Rep.",COD,2048,1958.418112,LM,projected,L,projected
"Congo, Dem. Rep.",COD,2049,2045.501921,LM,projected,L,projected
"Congo, Dem. Rep.",COD,2050,2136.458034,LM,projected,L,projected
"Congo, Rep.",COG,1987,1050.0,LM,actual,LM,projected
"Congo, Rep.",COG,1988,920.0,LM,actual,LM,projected
"Congo, Rep.",COG,1989,940.0,LM,actual,LM,projected
"Congo, Rep.",COG,1990,920.0,LM,actual,LM,projected
"Congo, Rep.",COG,1991,950.0,LM,actual,LM,projected
"Congo, Rep.",COG,1992,1050.0,LM,actual,LM,projected
"Congo, Rep.",COG,1993,900.0,LM,actual,LM,projected
"Congo, Rep.",COG,1994,750.0,L,actual,LM,projected
"Congo, Rep.",COG,1995,470.0,L,actual,LM,projected
"Congo, Rep.",COG,1996,460.0,L,actual,LM,projected
"Congo, Rep.",COG,1997,590.0,L,actual,LM,projected
"Congo, Rep.",COG,1998,580.0,L,actual,LM,projected
"Congo, Rep.",COG,1999,490.0,L,actual,LM,projected
"Congo, Rep.",COG,2000,560.0,L,actual,LM,projected
"Congo, Rep.",COG,2001,620.0,L,actual,LM,projected
"Congo, Rep.",COG,2002,670.0,L,actual,LM,projected
"Congo, Rep.",COG,2003,690.0,L,actual,LM,projected
"Congo, Rep.",COG,2004,760.0,L,actual,LM,projected
"Congo, Rep.",COG,2005,1100.0,LM,actual,LM,projected
"Congo, Rep.",COG,2006,1560.0,LM,actual,LM,projected
"Congo, Rep.",COG,2007,1650.0,LM,actual,LM,projected
"Congo, Rep.",COG,2008,2090.0,LM,actual,LM,projected
"Congo, Rep.",COG,2009,2410.0,LM,actual,LM,projected
"Congo, Rep.",COG,2010,2640.0,LM,actual,LM,projected
"Congo, Rep.",COG,2011,2580.0,LM,actual,LM,projected
"Congo, Rep.",COG,2012,3330.0,LM,actual,LM,projected
"Congo, Rep.",COG,2013,3560.0,LM,actual,LM,projected
"Congo, Rep.",COG,2014,3800.0,LM,actual,LM,projected
"Congo, Rep.",COG,2015,3080.0,LM,actual,LM,projected
"Congo, Rep.",COG,2016,2260.0,LM,actual,LM,projected
"Congo, Rep.",COG,2017,1740.0,LM,actual,LM,projected
"Congo, Rep.",COG,2018,2070.0,LM,actual,LM,projected
"Congo, Rep.",COG,2019,2180.0,LM,actual,LM,projected
"Congo, Rep.",COG,2020,2230.0,LM,actual,LM,projected
"Congo, Rep.",COG,2021,2040.0,LM,actual,LM,projected
"Congo, Rep.",COG,2022,2170.0,LM,actual,LM,projected
"Congo, Rep.",COG,2023,2310.0,LM,actual,LM,projected
"Congo, Rep.",COG,2024,2270.0,LM,actual,LM,projected
"Congo, Rep.",COG,2025,2280.0,LM,actual,LM,projected
"Congo, Rep.",COG,2026,2311.168815,LM,projected,LM,projected
"Congo, Rep.",COG,2027,2342.763725,LM,projected,LM,projected
"Congo, Rep.",COG,2028,2374.790554,LM,projected,LM,projected
"Congo, Rep.",COG,2029,2407.255207,LM,projected,LM,projected
"Congo, Rep.",COG,2030,2440.163669,LM,projected,LM,projected
"Congo, Rep.",COG,2031,2473.522007,LM,projected,LM,projected
"Congo, Rep.",COG,2032,2507.336372,LM,projected,LM,projected
"Congo, Rep.",COG,2033,2541.612996,LM,projected,LM,projected
"Congo, Rep.",COG,2034,2576.358201,LM,projected,LM,projected
"Congo, Rep.",COG,2035,2611.578391,LM,projected,LM,projected
"Congo, Rep.",COG,2036,2647.28006,LM,projected,LM,projected
"Congo, Rep.",COG,2037,2683.469789,LM,projected,LM,projected
"Congo, Rep.",COG,2038,2720.154252,LM,projected,LM,projected
"Congo, Rep.",COG,2039,2757.340211,LM,projected,LM,projected
"Congo, Rep.",COG,2040,2795.034521,LM,projected,LM,projected
"Congo, Rep.",COG,2041,2833.244133,LM,projected,LM,projected
"Congo, Rep.",COG,2042,2871.976091,LM,projected,LM,projected
"Congo, Rep.",COG,2043,2911.237535,LM,projected,LM,projected
"Congo, Rep.",COG,2044,2951.035704,LM,projected,LM,projected
"Congo, Rep.",COG,2045,2991.377935,LM,projected,LM,projected
"Congo, Rep.",COG,2046,3032.271666,LM,projected,LM,projected
"Congo, Rep.",COG,2047,3073.724436,LM,projected,LM,projected
"Congo, Rep.",COG,2048,3115.743888,LM,projected,LM,projected
"Congo, Rep.",COG,2049,3158.337768,LM,projected,LM,projected
"Congo, Rep.",COG,2050,3201.513928,LM,projected,LM,projected
Costa Rica,CRI,1987,1590.0,LM,actual,H,projected
Costa Rica,CRI,1988,1650.0,LM,actual,H,projected
Costa Rica,CRI,1989,1660.0,LM,actual,H,projected
Costa Rica,CRI,1990,1740.0,LM,actual,H,projected
Costa Rica,CRI,1991,1950.0,LM,actual,H,projected
Costa Rica,CRI,1992,2350.0,LM,actual,H,projected
Costa Rica,CRI,1993,2740.0,LM,actual,H,projected
Costa Rica,CRI,1994,2990.0,LM,actual,H,projected
Costa Rica,CRI,1995,3190.0,LM,actual,H,projected
Costa Rica,CRI,1996,3250.0,LM,actual,H,projected
Costa Rica,CRI,1997,3360.0,LM,actual,H,projected
Costa Rica,CRI,1998,3420.0,LM,actual,H,projected
Costa Rica,CRI,1999,3480.0,LM,actual,H,projected
Costa Rica,CRI,2000,3590.0,UM,actual,H,projected
Costa Rica,CRI,2001,3700.0,UM,actual,H,projected
Costa Rica,CRI,2002,3790.0,UM,actual,H,projected
Costa Rica,CRI,2003,4050.0,UM,actual,H,projected
Costa Rica,CRI,2004,4400.0,UM,actual,H,projected
Costa Rica,CRI,2005,4670.0,UM,actual,H,projected
Costa Rica,CRI,2006,5090.0,UM,actual,H,projected
Costa Rica,CRI,2007,5710.0,UM,actual,H,projected
Costa Rica,CRI,2008,6440.0,UM,actual,H,projected
Costa Rica,CRI,2009,6570.0,UM,actual,H,projected
Costa Rica,CRI,2010,7290.0,UM,actual,H,projected
Costa Rica,CRI,2011,8130.0,UM,actual,H,projected
Costa Rica,CRI,2012,9330.0,UM,actual,H,projected
Costa Rica,CRI,2013,9990.0,UM,actual,H,projected
Costa Rica,CRI,2014,10410.0,UM,actual,H,projected
Costa Rica,CRI,2015,10770.0,UM,actual,H,projected
Costa Rica,CRI,2016,11170.0,UM,actual,H,projected
Costa Rica,CRI,2017,11580.0,UM,actual,H,projected
Costa Rica,CRI,2018,12100.0,UM,actual,H,projected
Costa Rica,CRI,2019,12310.0,UM,actual,H,projected
Costa Rica,CRI,2020,11780.0,UM,actual,H,projected
Costa Rica,CRI,2021,12750.0,UM,actual,H,projected
Costa Rica,CRI,2022,13490.0,UM,actual,H,projected
Costa Rica,CRI,2023,14330.0,UM,actual,H,projected
Costa Rica,CRI,2024,15710.0,H,actual,H,projected
Costa Rica,CRI,2025,17930.0,H,actual,H,projected
Costa Rica,CRI,2026,18852.894971,H,projected,H,projected
Costa Rica,CRI,2027,19823.293296,H,projected,H,projected
Costa Rica,CRI,2028,20843.640071,H,projected,H,projected
Costa Rica,CRI,2029,21916.506251,H,projected,H,projected
Costa Rica,CRI,2030,23044.595119,H,projected,H,projected
Costa Rica,CRI,2031,24230.749104,H,projected,H,projected
Costa Rica,CRI,2032,25477.956939,H,projected,H,projected
Costa Rica,CRI,2033,26789.361196,H,projected,H,projected
Costa Rica,CRI,2034,28168.266201,H,projected,H,projected
Costa Rica,CRI,2035,29618.146358,H,projected,H,projected
Costa Rica,CRI,2036,31142.654909,H,projected,H,projected
Costa Rica,CRI,2037,32745.633136,H,projected,H,projected
Costa Rica,CRI,2038,34431.120037,H,projected,H,projected
Costa Rica,CRI,2039,36203.36251,H,projected,H,projected
Costa Rica,CRI,2040,38066.826045,H,projected,H,projected
Costa Rica,CRI,2041,40026.205985,H,projected,H,projected
Costa Rica,CRI,2042,42086.439349,H,projected,H,projected
Costa Rica,CRI,2043,44252.717276,H,projected,H,projected
Costa Rica,CRI,2044,46530.498103,H,projected,H,projected
Costa Rica,CRI,2045,48925.52112,H,projected,H,projected
Costa Rica,CRI,2046,51443.821031,H,projected,H,projected
Costa Rica,CRI,2047,54091.743157,H,projected,H,projected
Costa Rica,CRI,2048,56875.959427,H,projected,H,projected
Costa Rica,CRI,2049,59803.48519,H,projected,H,projected
Costa Rica,CRI,2050,62881.696888,H,projected,H,projected
Croatia,HRV,1992,,LM,actual,H,projected - cut from 7.4% to the H p90 cap of 7.17%
Croatia,HRV,1993,,LM,actual,H,projected - cut from 7.4% to the H p90 cap of 7.17%
Croatia,HRV,1994,,LM,actual,H,projected - cut from 7.4% to the H p90 cap of 7.17%
Croatia,HRV,1995,,UM,actual,H,projected - cut from 7.4% to the H p90 cap of 7.17%
Croatia,HRV,1996,,UM,actual,H,projected - cut from 7.4% to the H p90 cap of 7.17%
Croatia,HRV,1997,,UM,actual,H,projected - cut from 7.4% to the H p90 cap of 7.17%
Croatia,HRV,1998,,UM,actual,H,projected - cut from 7.4% to the H p90 cap of 7.17%
Croatia,HRV,1999,5250.0,UM,actual,H,projected - cut from 7.4% to the H p90 cap of 7.17%
Croatia,HRV,2000,5310.0,UM,actual,H,projected - cut from 7.4% to the H p90 cap of 7.17%
Croatia,HRV,2001,5360.0,UM,actual,H,projected - cut from 7.4% to the H p90 cap of 7.17%
Croatia,HRV,2002,5660.0,UM,actual,H,projected - cut from 7.4% to the H p90 cap of 7.17%
Croatia,HRV,2003,6700.0,UM,actual,H,projected - cut from 7.4% to the H p90 cap of 7.17%
Croatia,HRV,2004,8570.0,UM,actual,H,projected - cut from 7.4% to the H p90 cap of 7.17%
Croatia,HRV,2005,10210.0,UM,actual,H,projected - cut from 7.4% to the H p90 cap of 7.17%
Croatia,HRV,2006,11240.0,UM,actual,H,projected - cut from 7.4% to the H p90 cap of 7.17%
Croatia,HRV,2007,12520.0,UM,actual,H,projected - cut from 7.4% to the H p90 cap of 7.17%
Croatia,HRV,2008,14030.0,H,actual,H,projected - cut from 7.4% to the H p90 cap of 7.17%
Croatia,HRV,2009,13970.0,H,actual,H,projected - cut from 7.4% to the H p90 cap of 7.17%
Croatia,HRV,2010,13900.0,H,actual,H,projected - cut from 7.4% to the H p90 cap of 7.17%
Croatia,HRV,2011,14020.0,H,actual,H,projected - cut from 7.4% to the H p90 cap of 7.17%
Croatia,HRV,2012,13540.0,H,actual,H,projected - cut from 7.4% to the H p90 cap of 7.17%
Croatia,HRV,2013,13940.0,H,actual,H,projected - cut from 7.4% to the H p90 cap of 7.17%
Croatia,HRV,2014,13820.0,H,actual,H,projected - cut from 7.4% to the H p90 cap of 7.17%
Croatia,HRV,2015,13570.0,H,actual,H,projected - cut from 7.4% to the H p90 cap of 7.17%
Croatia,HRV,2016,13090.0,UM,actual,H,projected - cut from 7.4% to the H p90 cap of 7.17%
Croatia,HRV,2017,13350.0,H,actual,H,projected - cut from 7.4% to the H p90 cap of 7.17%
Croatia,HRV,2018,14670.0,H,actual,H,projected - cut from 7.4% to the H p90 cap of 7.17%
Croatia,HRV,2019,15770.0,H,actual,H,projected - cut from 7.4% to the H p90 cap of 7.17%
Croatia,HRV,2020,15060.0,H,actual,H,projected - cut from 7.4% to the H p90 cap of 7.17%
Croatia,HRV,2021,17390.0,H,actual,H,projected - cut from 7.4% to the H p90 cap of 7.17%
Croatia,HRV,2022,19370.0,H,actual,H,projected - cut from 7.4% to the H p90 cap of 7.17%
Croatia,HRV,2023,20800.0,H,actual,H,projected - cut from 7.4% to the H p90 cap of 7.17%
Croatia,HRV,2024,22230.0,H,actual,H,projected - cut from 7.4% to the H p90 cap of 7.17%
Croatia,HRV,2025,25360.0,H,actual,H,projected - cut from 7.4% to the H p90 cap of 7.17%
Croatia,HRV,2026,27178.03304,H,projected,H,projected - cut from 7.4% to the H p90 cap of 7.17%
Croatia,HRV,2027,29126.399051,H,projected,H,projected - cut from 7.4% to the H p90 cap of 7.17%
Croatia,HRV,2028,31214.441472,H,projected,H,projected - cut from 7.4% to the H p90 cap of 7.17%
Croatia,HRV,2029,33452.173567,H,projected,H,projected - cut from 7.4% to the H p90 cap of 7.17%
Croatia,HRV,2030,35850.326438,H,projected,H,projected - cut from 7.4% to the H p90 cap of 7.17%
Croatia,HRV,2031,38420.40049,H,projected,H,projected - cut from 7.4% to the H p90 cap of 7.17%
Croatia,HRV,2032,41174.72058,H,projected,H,projected - cut from 7.4% to the H p90 cap of 7.17%
Croatia,HRV,2033,44126.495124,H,projected,H,projected - cut from 7.4% to the H p90 cap of 7.17%
Croatia,HRV,2034,47289.879433,H,projected,H,projected - cut from 7.4% to the H p90 cap of 7.17%
Croatia,HRV,2035,50680.0436,H,projected,H,projected - cut from 7.4% to the H p90 cap of 7.17%
Croatia,HRV,2036,54313.245245,H,projected,H,projected - cut from 7.4% to the H p90 cap of 7.17%
Croatia,HRV,2037,58206.907484,H,projected,H,projected - cut from 7.4% to the H p90 cap of 7.17%
Croatia,HRV,2038,62379.702474,H,projected,H,projected - cut from 7.4% to the H p90 cap of 7.17%
Croatia,HRV,2039,66851.640965,H,projected,H,projected - cut from 7.4% to the H p90 cap of 7.17%
Croatia,HRV,2040,71644.168254,H,projected,H,projected - cut from 7.4% to the H p90 cap of 7.17%
Croatia,HRV,2041,76780.267032,H,projected,H,projected - cut from 7.4% to the H p90 cap of 7.17%
Croatia,HRV,2042,82284.567595,H,projected,H,projected - cut from 7.4% to the H p90 cap of 7.17%
Croatia,HRV,2043,88183.465962,H,projected,H,projected - cut from 7.4% to the H p90 cap of 7.17%
Croatia,HRV,2044,94505.250453,H,projected,H,projected - cut from 7.4% to the H p90 cap of 7.17%
Croatia,HRV,2045,101280.237353,H,projected,H,projected - cut from 7.4% to the H p90 cap of 7.17%
Croatia,HRV,2046,108540.916288,H,projected,H,projected - cut from 7.4% to the H p90 cap of 7.17%
Croatia,HRV,2047,116322.106036,H,projected,H,projected - cut from 7.4% to the H p90 cap of 7.17%
Croatia,HRV,2048,124661.121496,H,projected,H,projected - cut from 7.4% to the H p90 cap of 7.17%
Croatia,HRV,2049,133597.952635,H,projected,H,projected - cut from 7.4% to the H p90 cap of 7.17%
Croatia,HRV,2050,143175.456261,H,projected,H,projected - cut from 7.4% to the H p90 cap of 7.17%
Cuba,CUB,1987,2470.0,,actual,UM,frozen - only 4 of 10 annual rates
Cuba,CUB,1988,2770.0,,actual,UM,frozen - only 4 of 10 annual rates
Cuba,CUB,1989,2740.0,,actual,UM,frozen - only 4 of 10 annual rates
Cuba,CUB,1990,2640.0,LM,actual,UM,frozen - only 4 of 10 annual rates
Cuba,CUB,1991,2330.0,LM,actual,UM,frozen - only 4 of 10 annual rates
Cuba,CUB,1992,2120.0,LM,actual,UM,frozen - only 4 of 10 annual rates
Cuba,CUB,1993,1870.0,LM,actual,UM,frozen - only 4 of 10 annual rates
Cuba,CUB,1994,2130.0,LM,actual,UM,frozen - only 4 of 10 annual rates
Cuba,CUB,1995,2540.0,LM,actual,UM,frozen - only 4 of 10 annual rates
Cuba,CUB,1996,2700.0,LM,actual,UM,frozen - only 4 of 10 annual rates
Cuba,CUB,1997,2500.0,LM,actual,UM,frozen - only 4 of 10 annual rates
Cuba,CUB,1998,2240.0,LM,actual,UM,frozen - only 4 of 10 annual rates
Cuba,CUB,1999,2400.0,LM,actual,UM,frozen - only 4 of 10 annual rates
Cuba,CUB,2000,2620.0,LM,actual,UM,frozen - only 4 of 10 annual rates
Cuba,CUB,2001,2760.0,LM,actual,UM,frozen - only 4 of 10 annual rates
Cuba,CUB,2002,2830.0,LM,actual,UM,frozen - only 4 of 10 annual rates
Cuba,CUB,2003,3100.0,LM,actual,UM,frozen - only 4 of 10 annual rates
Cuba,CUB,2004,3490.0,LM,actual,UM,frozen - only 4 of 10 annual rates
Cuba,CUB,2005,3960.0,LM,actual,UM,frozen - only 4 of 10 annual rates
Cuba,CUB,2006,4410.0,LM,actual,UM,frozen - only 4 of 10 annual rates
Cuba,CUB,2007,4740.0,UM,actual,UM,frozen - only 4 of 10 annual rates
Cuba,CUB,2008,5030.0,UM,actual,UM,frozen - only 4 of 10 annual rates
Cuba,CUB,2009,5080.0,UM,actual,UM,frozen - only 4 of 10 annual rates
Cuba,CUB,2010,5170.0,UM,actual,UM,frozen - only 4 of 10 annual rates
Cuba,CUB,2011,5590.0,UM,actual,UM,frozen - only 4 of 10 annual rates
Cuba,CUB,2012,6090.0,UM,actual,UM,frozen - only 4 of 10 annual rates
Cuba,CUB,2013,6640.0,UM,actual,UM,frozen - only 4 of 10 annual rates
Cuba,CUB,2014,6850.0,UM,actual,UM,frozen - only 4 of 10 annual rates
Cuba,CUB,2015,7270.0,UM,actual,UM,frozen - only 4 of 10 annual rates
Cuba,CUB,2016,7530.0,UM,actual,UM,frozen - only 4 of 10 annual rates
Cuba,CUB,2017,8010.0,UM,actual,UM,frozen - only 4 of 10 annual rates
Cuba,CUB,2018,8710.0,UM,actual,UM,frozen - only 4 of 10 annual rates
Cuba,CUB,2019,9010.0,UM,actual,UM,frozen - only 4 of 10 annual rates
Cuba,CUB,2020,,UM,actual,UM,frozen - only 4 of 10 annual rates
Cuba,CUB,2021,,UM,actual,UM,frozen - only 4 of 10 annual rates
Cuba,CUB,2022,,UM,actual,UM,frozen - only 4 of 10 annual rates
Cuba,CUB,2023,,UM,actual,UM,frozen - only 4 of 10 annual rates
Cuba,CUB,2024,,UM,actual,UM,frozen - only 4 of 10 annual rates
Cuba,CUB,2025,,UM,actual,UM,frozen - only 4 of 10 annual rates
Cuba,CUB,2026,,UM,projected,UM,frozen - only 4 of 10 annual rates
Cuba,CUB,2027,,UM,projected,UM,frozen - only 4 of 10 annual rates
Cuba,CUB,2028,,UM,projected,UM,frozen - only 4 of 10 annual rates
Cuba,CUB,2029,,UM,projected,UM,frozen - only 4 of 10 annual rates
Cuba,CUB,2030,,UM,projected,UM,frozen - only 4 of 10 annual rates
Cuba,CUB,2031,,UM,projected,UM,frozen - only 4 of 10 annual rates
Cuba,CUB,2032,,UM,projected,UM,frozen - only 4 of 10 annual rates
Cuba,CUB,2033,,UM,projected,UM,frozen - only 4 of 10 annual rates
Cuba,CUB,2034,,UM,projected,UM,frozen - only 4 of 10 annual rates
Cuba,CUB,2035,,UM,projected,UM,frozen - only 4 of 10 annual rates
Cuba,CUB,2036,,UM,projected,UM,frozen - only 4 of 10 annual rates
Cuba,CUB,2037,,UM,projected,UM,frozen - only 4 of 10 annual rates
Cuba,CUB,2038,,UM,projected,UM,frozen - only 4 of 10 annual rates
Cuba,CUB,2039,,UM,projected,UM,frozen - only 4 of 10 annual rates
Cuba,CUB,2040,,UM,projected,UM,frozen - only 4 of 10 annual rates
Cuba,CUB,2041,,UM,projected,UM,frozen - only 4 of 10 annual rates
Cuba,CUB,2042,,UM,projected,UM,frozen - only 4 of 10 annual rates
Cuba,CUB,2043,,UM,projected,UM,frozen - only 4 of 10 annual rates
Cuba,CUB,2044,,UM,projected,UM,frozen - only 4 of 10 annual rates
Cuba,CUB,2045,,UM,projected,UM,frozen - only 4 of 10 annual rates
Cuba,CUB,2046,,UM,projected,UM,frozen - only 4 of 10 annual rates
Cuba,CUB,2047,,UM,projected,UM,frozen - only 4 of 10 annual rates
Cuba,CUB,2048,,UM,projected,UM,frozen - only 4 of 10 annual rates
Cuba,CUB,2049,,UM,projected,UM,frozen - only 4 of 10 annual rates
Cuba,CUB,2050,,UM,projected,UM,frozen - only 4 of 10 annual rates
Curaçao,CUW,2005,17910.0,,actual,H,projected
Curaçao,CUW,2006,17930.0,,actual,H,projected
Curaçao,CUW,2007,18390.0,,actual,H,projected
Curaçao,CUW,2008,19020.0,,actual,H,projected
Curaçao,CUW,2009,19100.0,,actual,H,projected
Curaçao,CUW,2010,19540.0,H,actual,H,projected
Curaçao,CUW,2011,19420.0,H,actual,H,projected
Curaçao,CUW,2012,19330.0,H,actual,H,projected
Curaçao,CUW,2013,19020.0,H,actual,H,projected
Curaçao,CUW,2014,18980.0,H,actual,H,projected
Curaçao,CUW,2015,18780.0,H,actual,H,projected
Curaçao,CUW,2016,18260.0,H,actual,H,projected
Curaçao,CUW,2017,18230.0,H,actual,H,projected
Curaçao,CUW,2018,18820.0,H,actual,H,projected
Curaçao,CUW,2019,19140.0,H,actual,H,projected
Curaçao,CUW,2020,16190.0,H,actual,H,projected
Curaçao,CUW,2021,17950.0,H,actual,H,projected
Curaçao,CUW,2022,20480.0,H,actual,H,projected
Curaçao,CUW,2023,21400.0,H,actual,H,projected
Curaçao,CUW,2024,22570.0,H,actual,H,projected
Curaçao,CUW,2025,,H,actual,H,projected
Curaçao,CUW,2026,23300.460779,H,projected,H,projected
Curaçao,CUW,2027,24054.562362,H,projected,H,projected
Curaçao,CUW,2028,24833.069866,H,projected,H,projected
Curaçao,CUW,2029,25636.773169,H,projected,H,projected
Curaçao,CUW,2030,26466.487715,H,projected,H,projected
Curaçao,CUW,2031,27323.055337,H,projected,H,projected
Curaçao,CUW,2032,28207.345115,H,projected,H,projected
Curaçao,CUW,2033,29120.254255,H,projected,H,projected
Curaçao,CUW,2034,30062.709,H,projected,H,projected
Curaçao,CUW,2035,31035.665572,H,projected,H,projected
Curaçao,CUW,2036,32040.111139,H,projected,H,projected
Curaçao,CUW,2037,33077.064819,H,projected,H,projected
Curaçao,CUW,2038,34147.57871,H,projected,H,projected
Curaçao,CUW,2039,35252.738965,H,projected,H,projected
Curaçao,CUW,2040,36393.666885,H,projected,H,projected
Curaçao,CUW,2041,37571.520064,H,projected,H,projected
Curaçao,CUW,2042,38787.493561,H,projected,H,projected
Curaçao,CUW,2043,40042.821109,H,projected,H,projected
Curaçao,CUW,2044,41338.776372,H,projected,H,projected
Curaçao,CUW,2045,42676.674236,H,projected,H,projected
Curaçao,CUW,2046,44057.872141,H,projected,H,projected
Curaçao,CUW,2047,45483.771459,H,projected,H,projected
Curaçao,CUW,2048,46955.818917,H,projected,H,projected
Curaçao,CUW,2049,48475.508064,H,projected,H,projected
Curaçao,CUW,2050,50044.380788,H,projected,H,projected
Cyprus,CYP,1987,6300.0,UM,actual,H,projected
Cyprus,CYP,1988,7910.0,H,actual,H,projected
Cyprus,CYP,1989,8570.0,H,actual,H,projected
Cyprus,CYP,1990,9300.0,H,actual,H,projected
Cyprus,CYP,1991,9460.0,H,actual,H,projected
Cyprus,CYP,1992,11020.0,H,actual,H,projected
Cyprus,CYP,1993,10970.0,H,actual,H,projected
Cyprus,CYP,1994,11680.0,H,actual,H,projected
Cyprus,CYP,1995,12810.0,H,actual,H,projected
Cyprus,CYP,1996,13880.0,H,actual,H,projected
Cyprus,CYP,1997,14280.0,H,actual,H,projected
Cyprus,CYP,1998,15490.0,H,actual,H,projected
Cyprus,CYP,1999,14340.0,H,actual,H,projected
Cyprus,CYP,2000,14180.0,H,actual,H,projected
Cyprus,CYP,2001,14170.0,H,actual,H,projected
Cyprus,CYP,2002,14510.0,H,actual,H,projected
Cyprus,CYP,2003,16710.0,H,actual,H,projected
Cyprus,CYP,2004,20260.0,H,actual,H,projected
Cyprus,CYP,2005,23990.0,H,actual,H,projected
Cyprus,CYP,2006,25600.0,H,actual,H,projected
Cyprus,CYP,2007,27340.0,H,actual,H,projected
Cyprus,CYP,2008,32010.0,H,actual,H,projected
Cyprus,CYP,2009,32860.0,H,actual,H,projected
Cyprus,CYP,2010,32210.0,H,actual,H,projected
Cyprus,CYP,2011,32680.0,H,actual,H,projected
Cyprus,CYP,2012,29760.0,H,actual,H,projected
Cyprus,CYP,2013,27820.0,H,actual,H,projected
Cyprus,CYP,2014,26350.0,H,actual,H,projected
Cyprus,CYP,2015,25650.0,H,actual,H,projected
Cyprus,CYP,2016,24400.0,H,actual,H,projected
Cyprus,CYP,2017,24600.0,H,actual,H,projected
Cyprus,CYP,2018,27120.0,H,actual,H,projected
Cyprus,CYP,2019,28380.0,H,actual,H,projected
Cyprus,CYP,2020,26780.0,H,actual,H,projected
Cyprus,CYP,2021,29560.0,H,actual,H,projected
Cyprus,CYP,2022,31900.0,H,actual,H,projected
Cyprus,CYP,2023,32380.0,H,actual,H,projected
Cyprus,CYP,2024,32870.0,H,actual,H,projected
Cyprus,CYP,2025,36110.0,H,actual,H,projected
Cyprus,CYP,2026,37222.061164,H,projected,H,projected
Cyprus,CYP,2027,38368.369906,H,projected,H,projected
Cyprus,CYP,2028,39549.98093,H,projected,H,projected
Cyprus,CYP,2029,40767.981424,H,projected,H,projected
Cyprus,CYP,2030,42023.492054,H,projected,H,projected
Cyprus,CYP,2031,43317.668002,H,projected,H,projected
Cyprus,CYP,2032,44651.700024,H,projected,H,projected
Cyprus,CYP,2033,46026.815546,H,projected,H,projected
Cyprus,CYP,2034,47444.279796,H,projected,H,projected
Cyprus,CYP,2035,48905.396966,H,projected,H,projected
Cyprus,CYP,2036,50411.511412,H,projected,H,projected
Cyprus,CYP,2037,51964.008894,H,projected,H,projected
Cyprus,CYP,2038,53564.317845,H,projected,H,projected
Cyprus,CYP,2039,55213.91069,H,projected,H,projected
Cyprus,CYP,2040,56914.305201,H,projected,H,projected
Cyprus,CYP,2041,58667.06589,H,projected,H,projected
Cyprus,CYP,2042,60473.805452,H,projected,H,projected
Cyprus,CYP,2043,62336.186246,H,projected,H,projected
Cyprus,CYP,2044,64255.921827,H,projected,H,projected
Cyprus,CYP,2045,66234.77852,H,projected,H,projected
Cyprus,CYP,2046,68274.57705,H,projected,H,projected
Cyprus,CYP,2047,70377.194209,H,projected,H,projected
Cyprus,CYP,2048,72544.564591,H,projected,H,projected
Cyprus,CYP,2049,74778.682368,H,projected,H,projected
Cyprus,CYP,2050,77081.603126,H,projected,H,projected
Czechia,CZE,1992,3380.0,LM,actual,H,projected
Czechia,CZE,1993,3530.0,LM,actual,H,projected
Czechia,CZE,1994,4200.0,UM,actual,H,projected
Czechia,CZE,1995,5170.0,UM,actual,H,projected
Czechia,CZE,1996,6010.0,UM,actual,H,projected
Czechia,CZE,1997,6200.0,UM,actual,H,projected
Czechia,CZE,1998,6140.0,UM,actual,H,projected
Czechia,CZE,1999,6150.0,UM,actual,H,projected
Czechia,CZE,2000,6380.0,UM,actual,H,projected
Czechia,CZE,2001,6380.0,UM,actual,H,projected
Czechia,CZE,2002,6680.0,UM,actual,H,projected
Czechia,CZE,2003,8130.0,UM,actual,H,projected
Czechia,CZE,2004,10280.0,UM,actual,H,projected
Czechia,CZE,2005,12480.0,UM,actual,H,projected
Czechia,CZE,2006,13990.0,H,actual,H,projected
Czechia,CZE,2007,15830.0,H,actual,H,projected
Czechia,CZE,2008,18480.0,H,actual,H,projected
Czechia,CZE,2009,18790.0,H,actual,H,projected
Czechia,CZE,2010,19420.0,H,actual,H,projected
Czechia,CZE,2011,19600.0,H,actual,H,projected
Czechia,CZE,2012,19650.0,H,actual,H,projected
Czechia,CZE,2013,19600.0,H,actual,H,projected
Czechia,CZE,2014,19080.0,H,actual,H,projected
Czechia,CZE,2015,18340.0,H,actual,H,projected
Czechia,CZE,2016,17660.0,H,actual,H,projected
Czechia,CZE,2017,18350.0,H,actual,H,projected
Czechia,CZE,2018,20700.0,H,actual,H,projected
Czechia,CZE,2019,22440.0,H,actual,H,projected
Czechia,CZE,2020,22190.0,H,actual,H,projected
Czechia,CZE,2021,25500.0,H,actual,H,projected
Czechia,CZE,2022,27210.0,H,actual,H,projected
Czechia,CZE,2023,28540.0,H,actual,H,projected
Czechia,CZE,2024,29570.0,H,actual,H,projected
Czechia,CZE,2025,32960.0,H,actual,H,projected
Czechia,CZE,2026,34870.656791,H,projected,H,projected
Czechia,CZE,2027,36892.072362,H,projected,H,projected
Czechia,CZE,2028,39030.667284,H,projected,H,projected
Czechia,CZE,2029,41293.23432,H,projected,H,projected
Czechia,CZE,2030,43686.960006,H,projected,H,projected
Czechia,CZE,2031,46219.44747,H,projected,H,projected
Czechia,CZE,2032,48898.740589,H,projected,H,projected
Czechia,CZE,2033,51733.349533,H,projected,H,projected
Czechia,CZE,2034,54732.277799,H,projected,H,projected
Czechia,CZE,2035,57905.050805,H,projected,H,projected
Czechia,CZE,2036,61261.74615,H,projected,H,projected
Czechia,CZE,2037,64813.02562,H,projected,H,projected
Czechia,CZE,2038,68570.169054,H,projected,H,projected
Czechia,CZE,2039,72545.11017,H,projected,H,projected
Czechia,CZE,2040,76750.474473,H,projected,H,projected
Czechia,CZE,2041,81199.619355,H,projected,H,projected
Czechia,CZE,2042,85906.67652,H,projected,H,projected
Czechia,CZE,2043,90886.596876,H,projected,H,projected
Czechia,CZE,2044,96155.198016,H,projected,H,projected
Czechia,CZE,2045,101729.214463,H,projected,H,projected
Czechia,CZE,2046,107626.350826,H,projected,H,projected
Czechia,CZE,2047,113865.338026,H,projected,H,projected
Czechia,CZE,2048,120465.992802,H,projected,H,projected
Czechia,CZE,2049,127449.280644,H,projected,H,projected
Czechia,CZE,2050,134837.382393,H,projected,H,projected
Côte d'Ivoire,CIV,1987,800.0,LM,actual,LM,projected
Côte d'Ivoire,CIV,1988,900.0,LM,actual,LM,projected
Côte d'Ivoire,CIV,1989,810.0,LM,actual,LM,projected
Côte d'Ivoire,CIV,1990,760.0,LM,actual,LM,projected
Côte d'Ivoire,CIV,1991,740.0,LM,actual,LM,projected
Côte d'Ivoire,CIV,1992,760.0,LM,actual,LM,projected
Côte d'Ivoire,CIV,1993,720.0,L,actual,LM,projected
Côte d'Ivoire,CIV,1994,660.0,L,actual,LM,projected
Côte d'Ivoire,CIV,1995,670.0,L,actual,LM,projected
Côte d'Ivoire,CIV,1996,510.0,L,actual,LM,projected
Côte d'Ivoire,CIV,1997,630.0,L,actual,LM,projected
Côte d'Ivoire,CIV,1998,710.0,L,actual,LM,projected
Côte d'Ivoire,CIV,1999,680.0,L,actual,LM,projected
Côte d'Ivoire,CIV,2000,610.0,L,actual,LM,projected
Côte d'Ivoire,CIV,2001,550.0,L,actual,LM,projected
Côte d'Ivoire,CIV,2002,530.0,L,actual,LM,projected
Côte d'Ivoire,CIV,2003,580.0,L,actual,LM,projected
Côte d'Ivoire,CIV,2004,710.0,L,actual,LM,projected
Côte d'Ivoire,CIV,2005,850.0,L,actual,LM,projected
Côte d'Ivoire,CIV,2006,850.0,L,actual,LM,projected
Côte d'Ivoire,CIV,2007,880.0,L,actual,LM,projected
Côte d'Ivoire,CIV,2008,1000.0,LM,actual,LM,projected
Côte d'Ivoire,CIV,2009,1080.0,LM,actual,LM,projected
Côte d'Ivoire,CIV,2010,1120.0,LM,actual,LM,projected
Côte d'Ivoire,CIV,2011,1020.0,LM,actual,LM,projected
Côte d'Ivoire,CIV,2012,1140.0,LM,actual,LM,projected
Côte d'Ivoire,CIV,2013,1240.0,LM,actual,LM,projected
Côte d'Ivoire,CIV,2014,1860.0,LM,actual,LM,projected
Côte d'Ivoire,CIV,2015,1880.0,LM,actual,LM,projected
Côte d'Ivoire,CIV,2016,1880.0,LM,actual,LM,projected
Côte d'Ivoire,CIV,2017,1870.0,LM,actual,LM,projected
Côte d'Ivoire,CIV,2018,2010.0,LM,actual,LM,projected
Côte d'Ivoire,CIV,2019,2120.0,LM,actual,LM,projected
Côte d'Ivoire,CIV,2020,2120.0,LM,actual,LM,projected
Côte d'Ivoire,CIV,2021,2300.0,LM,actual,LM,projected
Côte d'Ivoire,CIV,2022,2440.0,LM,actual,LM,projected
Côte d'Ivoire,CIV,2023,2510.0,LM,actual,LM,projected
Côte d'Ivoire,CIV,2024,2520.0,LM,actual,LM,projected
Côte d'Ivoire,CIV,2025,2780.0,LM,actual,LM,projected
Côte d'Ivoire,CIV,2026,2895.946701,LM,projected,LM,projected
Côte d'Ivoire,CIV,2027,3016.729243,LM,projected,LM,projected
Côte d'Ivoire,CIV,2028,3142.549316,LM,projected,LM,projected
Côte d'Ivoire,CIV,2029,3273.617023,LM,projected,LM,projected
Côte d'Ivoire,CIV,2030,3410.151229,LM,projected,LM,projected
Côte d'Ivoire,CIV,2031,3552.379929,LM,projected,LM,projected
Côte d'Ivoire,CIV,2032,3700.540624,LM,projected,LM,projected
Côte d'Ivoire,CIV,2033,3854.880724,LM,projected,LM,projected
Côte d'Ivoire,CIV,2034,4015.657955,LM,projected,LM,projected
Côte d'Ivoire,CIV,2035,4183.140794,LM,projected,LM,projected
Côte d'Ivoire,CIV,2036,4357.608914,LM,projected,LM,projected
Côte d'Ivoire,CIV,2037,4539.353654,LM,projected,LM,projected
Côte d'Ivoire,CIV,2038,4728.678503,LM,projected,LM,projected
Côte d'Ivoire,CIV,2039,4925.899608,LM,projected,LM,projected
Côte d'Ivoire,CIV,2040,5131.346302,LM,projected,LM,projected
Côte d'Ivoire,CIV,2041,5345.361653,LM,projected,LM,projected
Côte d'Ivoire,CIV,2042,5568.303037,LM,projected,LM,projected
Côte d'Ivoire,CIV,2043,5800.542738,UM,projected,LM,projected
Côte d'Ivoire,CIV,2044,6042.468563,UM,projected,LM,projected
Côte d'Ivoire,CIV,2045,6294.484496,UM,projected,LM,projected
Côte d'Ivoire,CIV,2046,6557.011371,UM,projected,LM,projected
Côte d'Ivoire,CIV,2047,6830.487571,UM,projected,LM,projected
Côte d'Ivoire,CIV,2048,7115.369765,UM,projected,LM,projected
Côte d'Ivoire,CIV,2049,7412.133668,UM,projected,LM,projected
Côte d'Ivoire,CIV,2050,7721.274836,UM,projected,LM,projected
Denmark,DNK,1987,17740.0,H,actual,H,projected
Denmark,DNK,1988,22120.0,H,actual,H,projected
Denmark,DNK,1989,23060.0,H,actual,H,projected
Denmark,DNK,1990,24380.0,H,actual,H,projected
Denmark,DNK,1991,25540.0,H,actual,H,projected
Denmark,DNK,1992,28690.0,H,actual,H,projected
Denmark,DNK,1993,28550.0,H,actual,H,projected
Denmark,DNK,1994,30330.0,H,actual,H,projected
Denmark,DNK,1995,32530.0,H,actual,H,projected
Denmark,DNK,1996,34740.0,H,actual,H,projected
Denmark,DNK,1997,35090.0,H,actual,H,projected
Denmark,DNK,1998,33440.0,H,actual,H,projected
Denmark,DNK,1999,33050.0,H,actual,H,projected
Denmark,DNK,2000,32560.0,H,actual,H,projected
Denmark,DNK,2001,31430.0,H,actual,H,projected
Denmark,DNK,2002,30870.0,H,actual,H,projected
Denmark,DNK,2003,34800.0,H,actual,H,projected
Denmark,DNK,2004,42740.0,H,actual,H,projected
Denmark,DNK,2005,49750.0,H,actual,H,projected
Denmark,DNK,2006,53630.0,H,actual,H,projected
Denmark,DNK,2007,55870.0,H,actual,H,projected
Denmark,DNK,2008,60620.0,H,actual,H,projected
Denmark,DNK,2009,60300.0,H,actual,H,projected
Denmark,DNK,2010,61290.0,H,actual,H,projected
Denmark,DNK,2011,62050.0,H,actual,H,projected
Denmark,DNK,2012,61570.0,H,actual,H,projected
Denmark,DNK,2013,63400.0,H,actual,H,projected
Denmark,DNK,2014,63650.0,H,actual,H,projected
Denmark,DNK,2015,60350.0,H,actual,H,projected
Denmark,DNK,2016,57830.0,H,actual,H,projected
Denmark,DNK,2017,56600.0,H,actual,H,projected
Denmark,DNK,2018,61090.0,H,actual,H,projected
Denmark,DNK,2019,63020.0,H,actual,H,projected
Denmark,DNK,2020,62710.0,H,actual,H,projected
Denmark,DNK,2021,69810.0,H,actual,H,projected
Denmark,DNK,2022,72040.0,H,actual,H,projected
Denmark,DNK,2023,72080.0,H,actual,H,projected
Denmark,DNK,2024,72540.0,H,actual,H,projected
Denmark,DNK,2025,77190.0,H,actual,H,projected
Denmark,DNK,2026,78655.626987,H,projected,H,projected
Denmark,DNK,2027,80149.082222,H,projected,H,projected
Denmark,DNK,2028,81670.894087,H,projected,H,projected
Denmark,DNK,2029,83221.600997,H,projected,H,projected
Denmark,DNK,2030,84801.75159,H,projected,H,projected
Denmark,DNK,2031,86411.904922,H,projected,H,projected
Denmark,DNK,2032,88052.630661,H,projected,H,projected
Denmark,DNK,2033,89724.509295,H,projected,H,projected
Denmark,DNK,2034,91428.132332,H,projected,H,projected
Denmark,DNK,2035,93164.102511,H,projected,H,projected
Denmark,DNK,2036,94933.034015,H,projected,H,projected
Denmark,DNK,2037,96735.552691,H,projected,H,projected
Denmark,DNK,2038,98572.296267,H,projected,H,projected
Denmark,DNK,2039,100443.914579,H,projected,H,projected
Denmark,DNK,2040,102351.069805,H,projected,H,projected
Denmark,DNK,2041,104294.436692,H,projected,H,projected
Denmark,DNK,2042,106274.702802,H,projected,H,projected
Denmark,DNK,2043,108292.568749,H,projected,H,projected
Denmark,DNK,2044,110348.748451,H,projected,H,projected
Denmark,DNK,2045,112443.969382,H,projected,H,projected
Denmark,DNK,2046,114578.972829,H,projected,H,projected
Denmark,DNK,2047,116754.514151,H,projected,H,projected
Denmark,DNK,2048,118971.363054,H,projected,H,projected
Denmark,DNK,2049,121230.303854,H,projected,H,projected
Denmark,DNK,2050,123532.135761,H,projected,H,projected
Djibouti,DJI,1990,,LM,actual,LM,projected
Djibouti,DJI,1991,,LM,actual,LM,projected
Djibouti,DJI,1992,,LM,actual,LM,projected
Djibouti,DJI,1993,,LM,actual,LM,projected
Djibouti,DJI,1994,,LM,actual,LM,projected
Djibouti,DJI,1995,,LM,actual,LM,projected
Djibouti,DJI,1996,,LM,actual,LM,projected
Djibouti,DJI,1997,,LM,actual,LM,projected
Djibouti,DJI,1998,,LM,actual,LM,projected
Djibouti,DJI,1999,,LM,actual,LM,projected
Djibouti,DJI,2000,,LM,actual,LM,projected
Djibouti,DJI,2001,,LM,actual,LM,projected
Djibouti,DJI,2002,,LM,actual,LM,projected
Djibouti,DJI,2003,,LM,actual,LM,projected
Djibouti,DJI,2004,,LM,actual,LM,projected
Djibouti,DJI,2005,,LM,actual,LM,projected
Djibouti,DJI,2006,,LM,actual,LM,projected
Djibouti,DJI,2007,,LM,actual,LM,projected
Djibouti,DJI,2008,,LM,actual,LM,projected
Djibouti,DJI,2009,,LM,actual,LM,projected
Djibouti,DJI,2010,,LM,actual,LM,projected
Djibouti,DJI,2011,,LM,actual,LM,projected
Djibouti,DJI,2012,,LM,actual,LM,projected
Djibouti,DJI,2013,,LM,actual,LM,projected
Djibouti,DJI,2014,,LM,actual,LM,projected
Djibouti,DJI,2015,2280.0,LM,actual,LM,projected
Djibouti,DJI,2016,2370.0,LM,actual,LM,projected
Djibouti,DJI,2017,2450.0,LM,actual,LM,projected
Djibouti,DJI,2018,2600.0,LM,actual,LM,projected
Djibouti,DJI,2019,2780.0,LM,actual,LM,projected
Djibouti,DJI,2020,2780.0,LM,actual,LM,projected
Djibouti,DJI,2021,2990.0,LM,actual,LM,projected
Djibouti,DJI,2022,3310.0,LM,actual,LM,projected
Djibouti,DJI,2023,3500.0,LM,actual,LM,projected
Djibouti,DJI,2024,3640.0,LM,actual,LM,projected
Djibouti,DJI,2025,3960.0,LM,actual,LM,projected
Djibouti,DJI,2026,4194.880079,LM,projected,LM,projected
Djibouti,DJI,2027,4443.691635,LM,projected,LM,projected
Djibouti,DJI,2028,4707.26099,LM,projected,LM,projected
Djibouti,DJI,2029,4986.463473,UM,projected,LM,projected
Djibouti,DJI,2030,5282.226335,UM,projected,LM,projected
Djibouti,DJI,2031,5595.531824,UM,projected,LM,projected
Djibouti,DJI,2032,5927.42045,UM,projected,LM,projected
Djibouti,DJI,2033,6278.994435,UM,projected,LM,projected
Djibouti,DJI,2034,6651.421382,UM,projected,LM,projected
Djibouti,DJI,2035,7045.938144,UM,projected,LM,projected
Djibouti,DJI,2036,7463.854939,UM,projected,LM,projected
Djibouti,DJI,2037,7906.559696,UM,projected,LM,projected
Djibouti,DJI,2038,8375.522667,UM,projected,LM,projected
Djibouti,DJI,2039,8872.301309,UM,projected,LM,projected
Djibouti,DJI,2040,9398.545459,UM,projected,LM,projected
Djibouti,DJI,2041,9956.002807,UM,projected,LM,projected
Djibouti,DJI,2042,10546.524707,UM,projected,LM,projected
Djibouti,DJI,2043,11172.072322,UM,projected,LM,projected
Djibouti,DJI,2044,11834.723138,UM,projected,LM,projected
Djibouti,DJI,2045,12536.677861,UM,projected,LM,projected
Djibouti,DJI,2046,13280.267731,UM,projected,LM,projected
Djibouti,DJI,2047,14067.96226,UM,projected,LM,projected
Djibouti,DJI,2048,14902.377433,UM,projected,LM,projected
Djibouti,DJI,2049,15786.284399,UM,projected,LM,projected
Djibouti,DJI,2050,16722.618674,UM,projected,LM,projected
Dominica,DMA,1987,2190.0,LM,actual,UM,projected
Dominica,DMA,1988,2580.0,LM,actual,UM,projected
Dominica,DMA,1989,2620.0,LM,actual,UM,projected
Dominica,DMA,1990,2840.0,LM,actual,UM,projected
Dominica,DMA,1991,3010.0,LM,actual,UM,projected
Dominica,DMA,1992,3260.0,LM,actual,UM,projected
Dominica,DMA,1993,3480.0,LM,actual,UM,projected
Dominica,DMA,1994,3570.0,LM,actual,UM,projected
Dominica,DMA,1995,3800.0,LM,actual,UM,projected
Dominica,DMA,1996,3970.0,LM,actual,UM,projected
Dominica,DMA,1997,4090.0,LM,actual,UM,projected
Dominica,DMA,1998,4260.0,LM,actual,UM,projected
Dominica,DMA,1999,4260.0,UM,actual,UM,projected
Dominica,DMA,2000,4290.0,UM,actual,UM,projected
Dominica,DMA,2001,4750.0,UM,actual,UM,projected
Dominica,DMA,2002,4720.0,UM,actual,UM,projected
Dominica,DMA,2003,5310.0,UM,actual,UM,projected
Dominica,DMA,2004,5640.0,UM,actual,UM,projected
Dominica,DMA,2005,5670.0,UM,actual,UM,projected
Dominica,DMA,2006,6070.0,UM,actual,UM,projected
Dominica,DMA,2007,6280.0,UM,actual,UM,projected
Dominica,DMA,2008,6880.0,UM,actual,UM,projected
Dominica,DMA,2009,7080.0,UM,actual,UM,projected
Dominica,DMA,2010,7250.0,UM,actual,UM,projected
Dominica,DMA,2011,7510.0,UM,actual,UM,projected
Dominica,DMA,2012,7530.0,UM,actual,UM,projected
Dominica,DMA,2013,7440.0,UM,actual,UM,projected
Dominica,DMA,2014,7670.0,UM,actual,UM,projected
Dominica,DMA,2015,7510.0,UM,actual,UM,projected
Dominica,DMA,2016,8000.0,UM,actual,UM,projected
Dominica,DMA,2017,8070.0,UM,actual,UM,projected
Dominica,DMA,2018,8880.0,UM,actual,UM,projected
Dominica,DMA,2019,9350.0,UM,actual,UM,projected
Dominica,DMA,2020,8230.0,UM,actual,UM,projected
Dominica,DMA,2021,8660.0,UM,actual,UM,projected
Dominica,DMA,2022,9740.0,UM,actual,UM,projected
Dominica,DMA,2023,9990.0,UM,actual,UM,projected
Dominica,DMA,2024,9930.0,UM,actual,UM,projected
Dominica,DMA,2025,10690.0,UM,actual,UM,projected
Dominica,DMA,2026,11252.164659,UM,projected,UM,projected
Dominica,DMA,2027,11843.892378,UM,projected,UM,projected
Dominica,DMA,2028,12466.737815,UM,projected,UM,projected
Dominica,DMA,2029,13122.337387,UM,projected,UM,projected
Dominica,DMA,2030,13812.413563,UM,projected,UM,projected
Dominica,DMA,2031,14538.779397,UM,projected,UM,projected
Dominica,DMA,2032,15303.343285,UM,projected,UM,projected
Dominica,DMA,2033,16108.113984,H,projected,UM,projected
Dominica,DMA,2034,16955.205884,H,projected,UM,projected
Dominica,DMA,2035,17846.844568,H,projected,UM,projected
Dominica,DMA,2036,18785.37266,H,projected,UM,projected
Dominica,DMA,2037,19773.255973,H,projected,UM,projected
Dominica,DMA,2038,20813.089997,H,projected,UM,projected
Dominica,DMA,2039,21907.606708,H,projected,UM,projected
Dominica,DMA,2040,23059.681756,H,projected,UM,projected
Dominica,DMA,2041,24272.342012,H,projected,UM,projected
Dominica,DMA,2042,25548.773526,H,projected,UM,projected
Dominica,DMA,2043,26892.329893,H,projected,UM,projected
Dominica,DMA,2044,28306.541069,H,projected,UM,projected
Dominica,DMA,2045,29795.122642,H,projected,UM,projected
Dominica,DMA,2046,31361.985596,H,projected,UM,projected
Dominica,DMA,2047,33011.246582,H,projected,UM,projected
Dominica,DMA,2048,34747.238742,H,projected,UM,projected
Dominica,DMA,2049,36574.523086,H,projected,UM,projected
Dominica,DMA,2050,38497.900477,H,projected,UM,projected
Dominican Republic,DOM,1987,940.0,LM,actual,UM,projected
Dominican Republic,DOM,1988,920.0,LM,actual,UM,projected
Dominican Republic,DOM,1989,910.0,LM,actual,UM,projected
Dominican Republic,DOM,1990,870.0,LM,actual,UM,projected
Dominican Republic,DOM,1991,1040.0,LM,actual,UM,projected
Dominican Republic,DOM,1992,1350.0,LM,actual,UM,projected
Dominican Republic,DOM,1993,1610.0,LM,actual,UM,projected
Dominican Republic,DOM,1994,1740.0,LM,actual,UM,projected
Dominican Republic,DOM,1995,1940.0,LM,actual,UM,projected
Dominican Republic,DOM,1996,2150.0,LM,actual,UM,projected
Dominican Republic,DOM,1997,2340.0,LM,actual,UM,projected
Dominican Republic,DOM,1998,2420.0,LM,actual,UM,projected
Dominican Republic,DOM,1999,2510.0,LM,actual,UM,projected
Dominican Republic,DOM,2000,2650.0,LM,actual,UM,projected
Dominican Republic,DOM,2001,2700.0,LM,actual,UM,projected
Dominican Republic,DOM,2002,2850.0,LM,actual,UM,projected
Dominican Republic,DOM,2003,2600.0,LM,actual,UM,projected
Dominican Republic,DOM,2004,2520.0,LM,actual,UM,projected
Dominican Republic,DOM,2005,3000.0,LM,actual,UM,projected
Dominican Republic,DOM,2006,3590.0,LM,actual,UM,projected
Dominican Republic,DOM,2007,4380.0,LM,actual,UM,projected
Dominican Republic,DOM,2008,4700.0,UM,actual,UM,projected
Dominican Republic,DOM,2009,4860.0,UM,actual,UM,projected
Dominican Republic,DOM,2010,5260.0,UM,actual,UM,projected
Dominican Republic,DOM,2011,5460.0,UM,actual,UM,projected
Dominican Republic,DOM,2012,5700.0,UM,actual,UM,projected
Dominican Republic,DOM,2013,5940.0,UM,actual,UM,projected
Dominican Republic,DOM,2014,6230.0,UM,actual,UM,projected
Dominican Republic,DOM,2015,6470.0,UM,actual,UM,projected
Dominican Republic,DOM,2016,6750.0,UM,actual,UM,projected
Dominican Republic,DOM,2017,6920.0,UM,actual,UM,projected
Dominican Republic,DOM,2018,7600.0,UM,actual,UM,projected
Dominican Republic,DOM,2019,7940.0,UM,actual,UM,projected
Dominican Republic,DOM,2020,7080.0,UM,actual,UM,projected
Dominican Republic,DOM,2021,8160.0,UM,actual,UM,projected
Dominican Republic,DOM,2022,9150.0,UM,actual,UM,projected
Dominican Republic,DOM,2023,9700.0,UM,actual,UM,projected
Dominican Republic,DOM,2024,10310.0,UM,actual,UM,projected
Dominican Republic,DOM,2025,10620.0,UM,actual,UM,projected
Dominican Republic,DOM,2026,11176.732959,UM,projected,UM,projected
Dominican Republic,DOM,2027,11762.651567,UM,projected,UM,projected
Dominican Republic,DOM,2028,12379.285825,UM,projected,UM,projected
Dominican Republic,DOM,2029,13028.245941,UM,projected,UM,projected
Dominican Republic,DOM,2030,13711.226537,UM,projected,UM,projected
Dominican Republic,DOM,2031,14430.011068,UM,projected,UM,projected
Dominican Republic,DOM,2032,15186.476489,UM,projected,UM,projected
Dominican Republic,DOM,2033,15982.598146,H,projected,UM,projected
Dominican Republic,DOM,2034,16820.454941,H,projected,UM,projected
Dominican Republic,DOM,2035,17702.234759,H,projected,UM,projected
Dominican Republic,DOM,2036,18630.240177,H,projected,UM,projected
Dominican Republic,DOM,2037,19606.894485,H,projected,UM,projected
Dominican Republic,DOM,2038,20634.748006,H,projected,UM,projected
Dominican Republic,DOM,2039,21716.48476,H,projected,UM,projected
Dominican Republic,DOM,2040,22854.92947,H,projected,UM,projected
Dominican Republic,DOM,2041,24053.054943,H,projected,UM,projected
Dominican Republic,DOM,2042,25313.989827,H,projected,UM,projected
Dominican Republic,DOM,2043,26641.026783,H,projected,UM,projected
Dominican Republic,DOM,2044,28037.631084,H,projected,UM,projected
Dominican Republic,DOM,2045,29507.449665,H,projected,UM,projected
Dominican Republic,DOM,2046,31054.320643,H,projected,UM,projected
Dominican Republic,DOM,2047,32682.283339,H,projected,UM,projected
Dominican Republic,DOM,2048,34395.588831,H,projected,UM,projected
Dominican Republic,DOM,2049,36198.711049,H,projected,UM,projected
Dominican Republic,DOM,2050,38096.358463,H,projected,UM,projected
Ecuador,ECU,1987,1590.0,LM,actual,UM,projected
Ecuador,ECU,1988,1470.0,LM,actual,UM,projected
Ecuador,ECU,1989,1330.0,LM,actual,UM,projected
Ecuador,ECU,1990,1340.0,LM,actual,UM,projected
Ecuador,ECU,1991,1450.0,LM,actual,UM,projected
Ecuador,ECU,1992,1570.0,LM,actual,UM,projected
Ecuador,ECU,1993,1640.0,LM,actual,UM,projected
Ecuador,ECU,1994,1790.0,LM,actual,UM,projected
Ecuador,ECU,1995,1950.0,LM,actual,UM,projected
Ecuador,ECU,1996,2060.0,LM,actual,UM,projected
Ecuador,ECU,1997,2170.0,LM,actual,UM,projected
Ecuador,ECU,1998,2150.0,LM,actual,UM,projected
Ecuador,ECU,1999,1780.0,LM,actual,UM,projected
Ecuador,ECU,2000,1500.0,LM,actual,UM,projected
Ecuador,ECU,2001,1490.0,LM,actual,UM,projected
Ecuador,ECU,2002,1650.0,LM,actual,UM,projected
Ecuador,ECU,2003,2010.0,LM,actual,UM,projected
Ecuador,ECU,2004,2410.0,LM,actual,UM,projected
Ecuador,ECU,2005,2750.0,LM,actual,UM,projected
Ecuador,ECU,2006,3000.0,LM,actual,UM,projected
Ecuador,ECU,2007,3210.0,LM,actual,UM,projected
Ecuador,ECU,2008,3770.0,LM,actual,UM,projected
Ecuador,ECU,2009,3970.0,LM,actual,UM,projected
Ecuador,ECU,2010,4290.0,UM,actual,UM,projected
Ecuador,ECU,2011,4770.0,UM,actual,UM,projected
Ecuador,ECU,2012,5320.0,UM,actual,UM,projected
Ecuador,ECU,2013,5880.0,UM,actual,UM,projected
Ecuador,ECU,2014,6190.0,UM,actual,UM,projected
Ecuador,ECU,2015,5970.0,UM,actual,UM,projected
Ecuador,ECU,2016,5750.0,UM,actual,UM,projected
Ecuador,ECU,2017,5930.0,UM,actual,UM,projected
Ecuador,ECU,2018,6120.0,UM,actual,UM,projected
Ecuador,ECU,2019,6100.0,UM,actual,UM,projected
Ecuador,ECU,2020,5410.0,UM,actual,UM,projected
Ecuador,ECU,2021,6100.0,UM,actual,UM,projected
Ecuador,ECU,2022,6550.0,UM,actual,UM,projected
Ecuador,ECU,2023,6570.0,UM,actual,UM,projected
Ecuador,ECU,2024,6400.0,UM,actual,UM,projected
Ecuador,ECU,2025,6890.0,UM,actual,UM,projected
Ecuador,ECU,2026,7008.362562,UM,projected,UM,projected
Ecuador,ECU,2027,7128.758462,UM,projected,UM,projected
Ecuador,ECU,2028,7251.22263,UM,projected,UM,projected
Ecuador,ECU,2029,7375.790597,UM,projected,UM,projected
Ecuador,ECU,2030,7502.498503,UM,projected,UM,projected
Ecuador,ECU,2031,7631.38311,UM,projected,UM,projected
Ecuador,ECU,2032,7762.481813,UM,projected,UM,projected
Ecuador,ECU,2033,7895.832645,UM,projected,UM,projected
Ecuador,ECU,2034,8031.474297,UM,projected,UM,projected
Ecuador,ECU,2035,8169.446122,UM,projected,UM,projected
Ecuador,ECU,2036,8309.788151,UM,projected,UM,projected
Ecuador,ECU,2037,8452.5411,UM,projected,UM,projected
Ecuador,ECU,2038,8597.746386,UM,projected,UM,projected
Ecuador,ECU,2039,8745.446138,UM,projected,UM,projected
Ecuador,ECU,2040,8895.683208,UM,projected,UM,projected
Ecuador,ECU,2041,9048.501184,UM,projected,UM,projected
Ecuador,ECU,2042,9203.944404,UM,projected,UM,projected
Ecuador,ECU,2043,9362.057966,UM,projected,UM,projected
Ecuador,ECU,2044,9522.887744,UM,projected,UM,projected
Ecuador,ECU,2045,9686.480399,UM,projected,UM,projected
Ecuador,ECU,2046,9852.883394,UM,projected,UM,projected
Ecuador,ECU,2047,10022.145009,UM,projected,UM,projected
Ecuador,ECU,2048,10194.31435,UM,projected,UM,projected
Ecuador,ECU,2049,10369.44137,UM,projected,UM,projected
Ecuador,ECU,2050,10547.576878,UM,projected,UM,projected
"Egypt, Arab Rep.",EGY,1987,840.0,LM,actual,LM,projected - raised from -3.8% to the 1.244% floor
"Egypt, Arab Rep.",EGY,1988,810.0,LM,actual,LM,projected - raised from -3.8% to the 1.244% floor
"Egypt, Arab Rep.",EGY,1989,760.0,LM,actual,LM,projected - raised from -3.8% to the 1.244% floor
"Egypt, Arab Rep.",EGY,1990,730.0,L,actual,LM,projected - raised from -3.8% to the 1.244% floor
"Egypt, Arab Rep.",EGY,1991,710.0,L,actual,LM,projected - raised from -3.8% to the 1.244% floor
"Egypt, Arab Rep.",EGY,1992,720.0,L,actual,LM,projected - raised from -3.8% to the 1.244% floor
"Egypt, Arab Rep.",EGY,1993,720.0,L,actual,LM,projected - raised from -3.8% to the 1.244% floor
"Egypt, Arab Rep.",EGY,1994,780.0,L,actual,LM,projected - raised from -3.8% to the 1.244% floor
"Egypt, Arab Rep.",EGY,1995,880.0,LM,actual,LM,projected - raised from -3.8% to the 1.244% floor
"Egypt, Arab Rep.",EGY,1996,970.0,LM,actual,LM,projected - raised from -3.8% to the 1.244% floor
"Egypt, Arab Rep.",EGY,1997,1070.0,LM,actual,LM,projected - raised from -3.8% to the 1.244% floor
"Egypt, Arab Rep.",EGY,1998,1140.0,LM,actual,LM,projected - raised from -3.8% to the 1.244% floor
"Egypt, Arab Rep.",EGY,1999,1240.0,LM,actual,LM,projected - raised from -3.8% to the 1.244% floor
"Egypt, Arab Rep.",EGY,2000,1330.0,LM,actual,LM,projected - raised from -3.8% to the 1.244% floor
"Egypt, Arab Rep.",EGY,2001,1350.0,LM,actual,LM,projected - raised from -3.8% to the 1.244% floor
"Egypt, Arab Rep.",EGY,2002,1250.0,LM,actual,LM,projected - raised from -3.8% to the 1.244% floor
"Egypt, Arab Rep.",EGY,2003,1160.0,LM,actual,LM,projected - raised from -3.8% to the 1.244% floor
"Egypt, Arab Rep.",EGY,2004,1120.0,LM,actual,LM,projected - raised from -3.8% to the 1.244% floor
"Egypt, Arab Rep.",EGY,2005,1130.0,LM,actual,LM,projected - raised from -3.8% to the 1.244% floor
"Egypt, Arab Rep.",EGY,2006,1230.0,LM,actual,LM,projected - raised from -3.8% to the 1.244% floor
"Egypt, Arab Rep.",EGY,2007,1420.0,LM,actual,LM,projected - raised from -3.8% to the 1.244% floor
"Egypt, Arab Rep.",EGY,2008,1710.0,LM,actual,LM,projected - raised from -3.8% to the 1.244% floor
"Egypt, Arab Rep.",EGY,2009,1970.0,LM,actual,LM,projected - raised from -3.8% to the 1.244% floor
"Egypt, Arab Rep.",EGY,2010,2200.0,LM,actual,LM,projected - raised from -3.8% to the 1.244% floor
"Egypt, Arab Rep.",EGY,2011,2380.0,LM,actual,LM,projected - raised from -3.8% to the 1.244% floor
"Egypt, Arab Rep.",EGY,2012,2630.0,LM,actual,LM,projected - raised from -3.8% to the 1.244% floor
"Egypt, Arab Rep.",EGY,2013,2810.0,LM,actual,LM,projected - raised from -3.8% to the 1.244% floor
"Egypt, Arab Rep.",EGY,2014,3000.0,LM,actual,LM,projected - raised from -3.8% to the 1.244% floor
"Egypt, Arab Rep.",EGY,2015,3100.0,LM,actual,LM,projected - raised from -3.8% to the 1.244% floor
"Egypt, Arab Rep.",EGY,2016,3200.0,LM,actual,LM,projected - raised from -3.8% to the 1.244% floor
"Egypt, Arab Rep.",EGY,2017,2880.0,LM,actual,LM,projected - raised from -3.8% to the 1.244% floor
"Egypt, Arab Rep.",EGY,2018,2710.0,LM,actual,LM,projected - raised from -3.8% to the 1.244% floor
"Egypt, Arab Rep.",EGY,2019,2640.0,LM,actual,LM,projected - raised from -3.8% to the 1.244% floor
"Egypt, Arab Rep.",EGY,2020,2960.0,LM,actual,LM,projected - raised from -3.8% to the 1.244% floor
"Egypt, Arab Rep.",EGY,2021,3470.0,LM,actual,LM,projected - raised from -3.8% to the 1.244% floor
"Egypt, Arab Rep.",EGY,2022,4040.0,LM,actual,LM,projected - raised from -3.8% to the 1.244% floor
"Egypt, Arab Rep.",EGY,2023,3840.0,LM,actual,LM,projected - raised from -3.8% to the 1.244% floor
"Egypt, Arab Rep.",EGY,2024,3510.0,LM,actual,LM,projected - raised from -3.8% to the 1.244% floor
"Egypt, Arab Rep.",EGY,2025,3260.0,LM,actual,LM,projected - raised from -3.8% to the 1.244% floor
"Egypt, Arab Rep.",EGY,2026,3300.5544,LM,projected,LM,projected - raised from -3.8% to the 1.244% floor
"Egypt, Arab Rep.",EGY,2027,3341.613297,LM,projected,LM,projected - raised from -3.8% to the 1.244% floor
"Egypt, Arab Rep.",EGY,2028,3383.182966,LM,projected,LM,projected - raised from -3.8% to the 1.244% floor
"Egypt, Arab Rep.",EGY,2029,3425.269762,LM,projected,LM,projected - raised from -3.8% to the 1.244% floor
"Egypt, Arab Rep.",EGY,2030,3467.880118,LM,projected,LM,projected - raised from -3.8% to the 1.244% floor
"Egypt, Arab Rep.",EGY,2031,3511.020547,LM,projected,LM,projected - raised from -3.8% to the 1.244% floor
"Egypt, Arab Rep.",EGY,2032,3554.697642,LM,projected,LM,projected - raised from -3.8% to the 1.244% floor
"Egypt, Arab Rep.",EGY,2033,3598.918081,LM,projected,LM,projected - raised from -3.8% to the 1.244% floor
"Egypt, Arab Rep.",EGY,2034,3643.688622,LM,projected,LM,projected - raised from -3.8% to the 1.244% floor
"Egypt, Arab Rep.",EGY,2035,3689.016108,LM,projected,LM,projected - raised from -3.8% to the 1.244% floor
"Egypt, Arab Rep.",EGY,2036,3734.907469,LM,projected,LM,projected - raised from -3.8% to the 1.244% floor
"Egypt, Arab Rep.",EGY,2037,3781.369718,LM,projected,LM,projected - raised from -3.8% to the 1.244% floor
"Egypt, Arab Rep.",EGY,2038,3828.409957,LM,projected,LM,projected - raised from -3.8% to the 1.244% floor
"Egypt, Arab Rep.",EGY,2039,3876.035377,LM,projected,LM,projected - raised from -3.8% to the 1.244% floor
"Egypt, Arab Rep.",EGY,2040,3924.253257,LM,projected,LM,projected - raised from -3.8% to the 1.244% floor
"Egypt, Arab Rep.",EGY,2041,3973.070967,LM,projected,LM,projected - raised from -3.8% to the 1.244% floor
"Egypt, Arab Rep.",EGY,2042,4022.49597,LM,projected,LM,projected - raised from -3.8% to the 1.244% floor
"Egypt, Arab Rep.",EGY,2043,4072.53582,LM,projected,LM,projected - raised from -3.8% to the 1.244% floor
"Egypt, Arab Rep.",EGY,2044,4123.198166,LM,projected,LM,projected - raised from -3.8% to the 1.244% floor
"Egypt, Arab Rep.",EGY,2045,4174.490751,LM,projected,LM,projected - raised from -3.8% to the 1.244% floor
"Egypt, Arab Rep.",EGY,2046,4226.421416,LM,projected,LM,projected - raised from -3.8% to the 1.244% floor
"Egypt, Arab Rep.",EGY,2047,4278.998098,LM,projected,LM,projected - raised from -3.8% to the 1.244% floor
"Egypt, Arab Rep.",EGY,2048,4332.228835,LM,projected,LM,projected - raised from -3.8% to the 1.244% floor
"Egypt, Arab Rep.",EGY,2049,4386.121761,LM,projected,LM,projected - raised from -3.8% to the 1.244% floor
"Egypt, Arab Rep.",EGY,2050,4440.685116,LM,projected,LM,projected - raised from -3.8% to the 1.244% floor
El Salvador,SLV,1987,820.0,LM,actual,UM,projected
El Salvador,SLV,1988,860.0,LM,actual,UM,projected
El Salvador,SLV,1989,850.0,LM,actual,UM,projected
El Salvador,SLV,1990,880.0,LM,actual,UM,projected
El Salvador,SLV,1991,910.0,LM,actual,UM,projected
El Salvador,SLV,1992,1030.0,LM,actual,UM,projected
El Salvador,SLV,1993,1130.0,LM,actual,UM,projected
El Salvador,SLV,1994,1260.0,LM,actual,UM,projected
El Salvador,SLV,1995,1450.0,LM,actual,UM,projected
El Salvador,SLV,1996,1560.0,LM,actual,UM,projected
El Salvador,SLV,1997,1660.0,LM,actual,UM,projected
El Salvador,SLV,1998,1730.0,LM,actual,UM,projected
El Salvador,SLV,1999,1790.0,LM,actual,UM,projected
El Salvador,SLV,2000,1890.0,LM,actual,UM,projected
El Salvador,SLV,2001,1940.0,LM,actual,UM,projected
El Salvador,SLV,2002,1990.0,LM,actual,UM,projected
El Salvador,SLV,2003,2120.0,LM,actual,UM,projected
El Salvador,SLV,2004,2280.0,LM,actual,UM,projected
El Salvador,SLV,2005,2430.0,LM,actual,UM,projected
El Salvador,SLV,2006,2600.0,LM,actual,UM,projected
El Salvador,SLV,2007,2730.0,LM,actual,UM,projected
El Salvador,SLV,2008,2910.0,LM,actual,UM,projected
El Salvador,SLV,2009,2870.0,LM,actual,UM,projected
El Salvador,SLV,2010,2940.0,LM,actual,UM,projected
El Salvador,SLV,2011,3120.0,LM,actual,UM,projected
El Salvador,SLV,2012,3280.0,LM,actual,UM,projected
El Salvador,SLV,2013,3420.0,LM,actual,UM,projected
El Salvador,SLV,2014,3480.0,LM,actual,UM,projected
El Salvador,SLV,2015,3520.0,LM,actual,UM,projected
El Salvador,SLV,2016,3600.0,LM,actual,UM,projected
El Salvador,SLV,2017,3700.0,LM,actual,UM,projected
El Salvador,SLV,2018,3940.0,LM,actual,UM,projected
El Salvador,SLV,2019,4130.0,LM,actual,UM,projected
El Salvador,SLV,2020,3800.0,LM,actual,UM,projected
El Salvador,SLV,2021,4380.0,LM,actual,UM,projected
El Salvador,SLV,2022,4710.0,UM,actual,UM,projected
El Salvador,SLV,2023,4930.0,UM,actual,UM,projected
El Salvador,SLV,2024,5070.0,UM,actual,UM,projected
El Salvador,SLV,2025,5410.0,UM,actual,UM,projected
El Salvador,SLV,2026,5666.792358,UM,projected,UM,projected
El Salvador,SLV,2027,5935.773683,UM,projected,UM,projected
El Salvador,SLV,2028,6217.522541,UM,projected,UM,projected
El Salvador,SLV,2029,6512.644957,UM,projected,UM,projected
El Salvador,SLV,2030,6821.775725,UM,projected,UM,projected
El Salvador,SLV,2031,7145.579768,UM,projected,UM,projected
El Salvador,SLV,2032,7484.753571,UM,projected,UM,projected
El Salvador,SLV,2033,7840.02668,UM,projected,UM,projected
El Salvador,SLV,2034,8212.163267,UM,projected,UM,projected
El Salvador,SLV,2035,8601.963778,UM,projected,UM,projected
El Salvador,SLV,2036,9010.266655,UM,projected,UM,projected
El Salvador,SLV,2037,9437.950133,UM,projected,UM,projected
El Salvador,SLV,2038,9885.934138,UM,projected,UM,projected
El Salvador,SLV,2039,10355.182259,UM,projected,UM,projected
El Salvador,SLV,2040,10846.703824,UM,projected,UM,projected
El Salvador,SLV,2041,11361.55607,UM,projected,UM,projected
El Salvador,SLV,2042,11900.846416,UM,projected,UM,projected
El Salvador,SLV,2043,12465.734847,UM,projected,UM,projected
El Salvador,SLV,2044,13057.436407,UM,projected,UM,projected
El Salvador,SLV,2045,13677.223816,UM,projected,UM,projected
El Salvador,SLV,2046,14326.430203,UM,projected,UM,projected
El Salvador,SLV,2047,15006.451975,UM,projected,UM,projected
El Salvador,SLV,2048,15718.751825,UM,projected,UM,projected
El Salvador,SLV,2049,16464.861869,UM,projected,UM,projected
El Salvador,SLV,2050,17246.386952,UM,projected,UM,projected
Equatorial Guinea,GNQ,1987,190.0,L,actual,UM,projected - raised from -3.9% to the 1.244% floor
Equatorial Guinea,GNQ,1988,220.0,L,actual,UM,projected - raised from -3.9% to the 1.244% floor
Equatorial Guinea,GNQ,1989,200.0,L,actual,UM,projected - raised from -3.9% to the 1.244% floor
Equatorial Guinea,GNQ,1990,230.0,L,actual,UM,projected - raised from -3.9% to the 1.244% floor
Equatorial Guinea,GNQ,1991,230.0,L,actual,UM,projected - raised from -3.9% to the 1.244% floor
Equatorial Guinea,GNQ,1992,330.0,L,actual,UM,projected - raised from -3.9% to the 1.244% floor
Equatorial Guinea,GNQ,1993,320.0,L,actual,UM,projected - raised from -3.9% to the 1.244% floor
Equatorial Guinea,GNQ,1994,230.0,L,actual,UM,projected - raised from -3.9% to the 1.244% floor
Equatorial Guinea,GNQ,1995,220.0,L,actual,UM,projected - raised from -3.9% to the 1.244% floor
Equatorial Guinea,GNQ,1996,310.0,L,actual,UM,projected - raised from -3.9% to the 1.244% floor
Equatorial Guinea,GNQ,1997,760.0,LM,actual,UM,projected - raised from -3.9% to the 1.244% floor
Equatorial Guinea,GNQ,1998,610.0,LM,actual,UM,projected - raised from -3.9% to the 1.244% floor
Equatorial Guinea,GNQ,1999,710.0,LM,actual,UM,projected - raised from -3.9% to the 1.244% floor
Equatorial Guinea,GNQ,2000,660.0,LM,actual,UM,projected - raised from -3.9% to the 1.244% floor
Equatorial Guinea,GNQ,2001,760.0,L,actual,UM,projected - raised from -3.9% to the 1.244% floor
Equatorial Guinea,GNQ,2002,1050.0,L,actual,UM,projected - raised from -3.9% to the 1.244% floor
Equatorial Guinea,GNQ,2003,960.0,L,actual,UM,projected - raised from -3.9% to the 1.244% floor
Equatorial Guinea,GNQ,2004,1370.0,UM,actual,UM,projected - raised from -3.9% to the 1.244% floor
Equatorial Guinea,GNQ,2005,3080.0,UM,actual,UM,projected - raised from -3.9% to the 1.244% floor
Equatorial Guinea,GNQ,2006,6420.0,UM,actual,UM,projected - raised from -3.9% to the 1.244% floor
Equatorial Guinea,GNQ,2007,9200.0,H,actual,UM,projected - raised from -3.9% to the 1.244% floor
Equatorial Guinea,GNQ,2008,11310.0,H,actual,UM,projected - raised from -3.9% to the 1.244% floor
Equatorial Guinea,GNQ,2009,9950.0,H,actual,UM,projected - raised from -3.9% to the 1.244% floor
Equatorial Guinea,GNQ,2010,7920.0,H,actual,UM,projected - raised from -3.9% to the 1.244% floor
Equatorial Guinea,GNQ,2011,9030.0,H,actual,UM,projected - raised from -3.9% to the 1.244% floor
Equatorial Guinea,GNQ,2012,11430.0,H,actual,UM,projected - raised from -3.9% to the 1.244% floor
Equatorial Guinea,GNQ,2013,12400.0,H,actual,UM,projected - raised from -3.9% to the 1.244% floor
Equatorial Guinea,GNQ,2014,12620.0,H,actual,UM,projected - raised from -3.9% to the 1.244% floor
Equatorial Guinea,GNQ,2015,9920.0,UM,actual,UM,projected - raised from -3.9% to the 1.244% floor
Equatorial Guinea,GNQ,2016,6970.0,UM,actual,UM,projected - raised from -3.9% to the 1.244% floor
Equatorial Guinea,GNQ,2017,6630.0,UM,actual,UM,projected - raised from -3.9% to the 1.244% floor
Equatorial Guinea,GNQ,2018,6270.0,UM,actual,UM,projected - raised from -3.9% to the 1.244% floor
Equatorial Guinea,GNQ,2019,5570.0,UM,actual,UM,projected - raised from -3.9% to the 1.244% floor
Equatorial Guinea,GNQ,2020,6140.0,UM,actual,UM,projected - raised from -3.9% to the 1.244% floor
Equatorial Guinea,GNQ,2021,5980.0,UM,actual,UM,projected - raised from -3.9% to the 1.244% floor
Equatorial Guinea,GNQ,2022,5210.0,UM,actual,UM,projected - raised from -3.9% to the 1.244% floor
Equatorial Guinea,GNQ,2023,6230.0,UM,actual,UM,projected - raised from -3.9% to the 1.244% floor
Equatorial Guinea,GNQ,2024,6050.0,UM,actual,UM,projected - raised from -3.9% to the 1.244% floor
Equatorial Guinea,GNQ,2025,5890.0,UM,actual,UM,projected - raised from -3.9% to the 1.244% floor
Equatorial Guinea,GNQ,2026,5963.2716,UM,projected,UM,projected - raised from -3.9% to the 1.244% floor
Equatorial Guinea,GNQ,2027,6037.454699,UM,projected,UM,projected - raised from -3.9% to the 1.244% floor
Equatorial Guinea,GNQ,2028,6112.560635,UM,projected,UM,projected - raised from -3.9% to the 1.244% floor
Equatorial Guinea,GNQ,2029,6188.600889,UM,projected,UM,projected - raised from -3.9% to the 1.244% floor
Equatorial Guinea,GNQ,2030,6265.587085,UM,projected,UM,projected - raised from -3.9% to the 1.244% floor
Equatorial Guinea,GNQ,2031,6343.530988,UM,projected,UM,projected - raised from -3.9% to the 1.244% floor
Equatorial Guinea,GNQ,2032,6422.444513,UM,projected,UM,projected - raised from -3.9% to the 1.244% floor
Equatorial Guinea,GNQ,2033,6502.339723,UM,projected,UM,projected - raised from -3.9% to the 1.244% floor
Equatorial Guinea,GNQ,2034,6583.228829,UM,projected,UM,projected - raised from -3.9% to the 1.244% floor
Equatorial Guinea,GNQ,2035,6665.124196,UM,projected,UM,projected - raised from -3.9% to the 1.244% floor
Equatorial Guinea,GNQ,2036,6748.038341,UM,projected,UM,projected - raised from -3.9% to the 1.244% floor
Equatorial Guinea,GNQ,2037,6831.983938,UM,projected,UM,projected - raised from -3.9% to the 1.244% floor
Equatorial Guinea,GNQ,2038,6916.973818,UM,projected,UM,projected - raised from -3.9% to the 1.244% floor
Equatorial Guinea,GNQ,2039,7003.020972,UM,projected,UM,projected - raised from -3.9% to the 1.244% floor
Equatorial Guinea,GNQ,2040,7090.138553,UM,projected,UM,projected - raised from -3.9% to the 1.244% floor
Equatorial Guinea,GNQ,2041,7178.339877,UM,projected,UM,projected - raised from -3.9% to the 1.244% floor
Equatorial Guinea,GNQ,2042,7267.638425,UM,projected,UM,projected - raised from -3.9% to the 1.244% floor
Equatorial Guinea,GNQ,2043,7358.047847,UM,projected,UM,projected - raised from -3.9% to the 1.244% floor
Equatorial Guinea,GNQ,2044,7449.581962,UM,projected,UM,projected - raised from -3.9% to the 1.244% floor
Equatorial Guinea,GNQ,2045,7542.254762,UM,projected,UM,projected - raised from -3.9% to the 1.244% floor
Equatorial Guinea,GNQ,2046,7636.080411,UM,projected,UM,projected - raised from -3.9% to the 1.244% floor
Equatorial Guinea,GNQ,2047,7731.073251,UM,projected,UM,projected - raised from -3.9% to the 1.244% floor
Equatorial Guinea,GNQ,2048,7827.247803,UM,projected,UM,projected - raised from -3.9% to the 1.244% floor
Equatorial Guinea,GNQ,2049,7924.618765,UM,projected,UM,projected - raised from -3.9% to the 1.244% floor
Equatorial Guinea,GNQ,2050,8023.201023,UM,projected,UM,projected - raised from -3.9% to the 1.244% floor
Eritrea,ERI,1992,,L,actual,L,frozen - only 0 of 10 annual rates
Eritrea,ERI,1993,,L,actual,L,frozen - only 0 of 10 annual rates
Eritrea,ERI,1994,310.0,L,actual,L,frozen - only 0 of 10 annual rates
Eritrea,ERI,1995,300.0,L,actual,L,frozen - only 0 of 10 annual rates
Eritrea,ERI,1996,310.0,L,actual,L,frozen - only 0 of 10 annual rates
Eritrea,ERI,1997,330.0,L,actual,L,frozen - only 0 of 10 annual rates
Eritrea,ERI,1998,330.0,L,actual,L,frozen - only 0 of 10 annual rates
Eritrea,ERI,1999,320.0,L,actual,L,frozen - only 0 of 10 annual rates
Eritrea,ERI,2000,310.0,L,actual,L,frozen - only 0 of 10 annual rates
Eritrea,ERI,2001,320.0,L,actual,L,frozen - only 0 of 10 annual rates
Eritrea,ERI,2002,310.0,L,actual,L,frozen - only 0 of 10 annual rates
Eritrea,ERI,2003,310.0,L,actual,L,frozen - only 0 of 10 annual rates
Eritrea,ERI,2004,350.0,L,actual,L,frozen - only 0 of 10 annual rates
Eritrea,ERI,2005,410.0,L,actual,L,frozen - only 0 of 10 annual rates
Eritrea,ERI,2006,440.0,L,actual,L,frozen - only 0 of 10 annual rates
Eritrea,ERI,2007,450.0,L,actual,L,frozen - only 0 of 10 annual rates
Eritrea,ERI,2008,440.0,L,actual,L,frozen - only 0 of 10 annual rates
Eritrea,ERI,2009,520.0,L,actual,L,frozen - only 0 of 10 annual rates
Eritrea,ERI,2010,550.0,L,actual,L,frozen - only 0 of 10 annual rates
Eritrea,ERI,2011,650.0,L,actual,L,frozen - only 0 of 10 annual rates
Eritrea,ERI,2012,,L,actual,L,frozen - only 0 of 10 annual rates
Eritrea,ERI,2013,,L,actual,L,frozen - only 0 of 10 annual rates
Eritrea,ERI,2014,,L,actual,L,frozen - only 0 of 10 annual rates
Eritrea,ERI,2015,,L,actual,L,frozen - only 0 of 10 annual rates
Eritrea,ERI,2016,,L,actual,L,frozen - only 0 of 10 annual rates
Eritrea,ERI,2017,,L,actual,L,frozen - only 0 of 10 annual rates
Eritrea,ERI,2018,,L,actual,L,frozen - only 0 of 10 annual rates
Eritrea,ERI,2019,,L,actual,L,frozen - only 0 of 10 annual rates
Eritrea,ERI,2020,,L,actual,L,frozen - only 0 of 10 annual rates
Eritrea,ERI,2021,,L,actual,L,frozen - only 0 of 10 annual rates
Eritrea,ERI,2022,,L,actual,L,frozen - only 0 of 10 annual rates
Eritrea,ERI,2023,,L,actual,L,frozen - only 0 of 10 annual rates
Eritrea,ERI,2024,,L,actual,L,frozen - only 0 of 10 annual rates
Eritrea,ERI,2025,,L,actual,L,frozen - only 0 of 10 annual rates
Eritrea,ERI,2026,,L,projected,L,frozen - only 0 of 10 annual rates
Eritrea,ERI,2027,,L,projected,L,frozen - only 0 of 10 annual rates
Eritrea,ERI,2028,,L,projected,L,frozen - only 0 of 10 annual rates
Eritrea,ERI,2029,,L,projected,L,frozen - only 0 of 10 annual rates
Eritrea,ERI,2030,,L,projected,L,frozen - only 0 of 10 annual rates
Eritrea,ERI,2031,,L,projected,L,frozen - only 0 of 10 annual rates
Eritrea,ERI,2032,,L,projected,L,frozen - only 0 of 10 annual rates
Eritrea,ERI,2033,,L,projected,L,frozen - only 0 of 10 annual rates
Eritrea,ERI,2034,,L,projected,L,frozen - only 0 of 10 annual rates
Eritrea,ERI,2035,,L,projected,L,frozen - only 0 of 10 annual rates
Eritrea,ERI,2036,,L,projected,L,frozen - only 0 of 10 annual rates
Eritrea,ERI,2037,,L,projected,L,frozen - only 0 of 10 annual rates
Eritrea,ERI,2038,,L,projected,L,frozen - only 0 of 10 annual rates
Eritrea,ERI,2039,,L,projected,L,frozen - only 0 of 10 annual rates
Eritrea,ERI,2040,,L,projected,L,frozen - only 0 of 10 annual rates
Eritrea,ERI,2041,,L,projected,L,frozen - only 0 of 10 annual rates
Eritrea,ERI,2042,,L,projected,L,frozen - only 0 of 10 annual rates
Eritrea,ERI,2043,,L,projected,L,frozen - only 0 of 10 annual rates
Eritrea,ERI,2044,,L,projected,L,frozen - only 0 of 10 annual rates
Eritrea,ERI,2045,,L,projected,L,frozen - only 0 of 10 annual rates
Eritrea,ERI,2046,,L,projected,L,frozen - only 0 of 10 annual rates
Eritrea,ERI,2047,,L,projected,L,frozen - only 0 of 10 annual rates
Eritrea,ERI,2048,,L,projected,L,frozen - only 0 of 10 annual rates
Eritrea,ERI,2049,,L,projected,L,frozen - only 0 of 10 annual rates
Eritrea,ERI,2050,,L,projected,L,frozen - only 0 of 10 annual rates
Estonia,EST,1991,,UM,actual,H,projected
Estonia,EST,1992,,UM,actual,H,projected
Estonia,EST,1993,,UM,actual,H,projected
Estonia,EST,1994,,LM,actual,H,projected
Estonia,EST,1995,3020.0,LM,actual,H,projected
Estonia,EST,1996,3370.0,LM,actual,H,projected
Estonia,EST,1997,3640.0,UM,actual,H,projected
Estonia,EST,1998,3820.0,UM,actual,H,projected
Estonia,EST,1999,3840.0,UM,actual,H,projected
Estonia,EST,2000,4170.0,UM,actual,H,projected
Estonia,EST,2001,4310.0,UM,actual,H,projected
Estonia,EST,2002,4620.0,UM,actual,H,projected
Estonia,EST,2003,5730.0,UM,actual,H,projected
Estonia,EST,2004,7500.0,UM,actual,H,projected
Estonia,EST,2005,9730.0,UM,actual,H,projected
Estonia,EST,2006,11500.0,H,actual,H,projected
Estonia,EST,2007,13430.0,H,actual,H,projected
Estonia,EST,2008,15190.0,H,actual,H,projected
Estonia,EST,2009,14570.0,H,actual,H,projected
Estonia,EST,2010,14580.0,H,actual,H,projected
Estonia,EST,2011,15900.0,H,actual,H,projected
Estonia,EST,2012,16910.0,H,actual,H,projected
Estonia,EST,2013,18370.0,H,actual,H,projected
Estonia,EST,2014,19210.0,H,actual,H,projected
Estonia,EST,2015,18900.0,H,actual,H,projected
Estonia,EST,2016,18640.0,H,actual,H,projected
Estonia,EST,2017,19140.0,H,actual,H,projected
Estonia,EST,2018,21600.0,H,actual,H,projected
Estonia,EST,2019,23490.0,H,actual,H,projected
Estonia,EST,2020,23580.0,H,actual,H,projected
Estonia,EST,2021,26490.0,H,actual,H,projected
Estonia,EST,2022,27580.0,H,actual,H,projected
Estonia,EST,2023,27650.0,H,actual,H,projected
Estonia,EST,2024,28880.0,H,actual,H,projected
Estonia,EST,2025,32310.0,H,actual,H,projected
Estonia,EST,2026,33693.388711,H,projected,H,projected
Estonia,EST,2027,35136.008753,H,projected,H,projected
Estonia,EST,2028,36640.396182,H,projected,H,projected
Estonia,EST,2029,38209.195638,H,projected,H,projected
Estonia,EST,2030,39845.164994,H,projected,H,projected
Estonia,EST,2031,41551.180204,H,projected,H,projected
Estonia,EST,2032,43330.240359,H,projected,H,projected
Estonia,EST,2033,45185.47296,H,projected,H,projected
Estonia,EST,2034,47120.139416,H,projected,H,projected
Estonia,EST,2035,49137.640775,H,projected,H,projected
Estonia,EST,2036,51241.523706,H,projected,H,projected
Estonia,EST,2037,53435.486733,H,projected,H,projected
Estonia,EST,2038,55723.386736,H,projected,H,projected
Estonia,EST,2039,58109.245731,H,projected,H,projected
Estonia,EST,2040,60597.257942,H,projected,H,projected
Estonia,EST,2041,63191.797172,H,projected,H,projected
Estonia,EST,2042,65897.424495,H,projected,H,projected
Estonia,EST,2043,68718.896272,H,projected,H,projected
Estonia,EST,2044,71661.172511,H,projected,H,projected
Estonia,EST,2045,74729.425592,H,projected,H,projected
Estonia,EST,2046,77929.049353,H,projected,H,projected
Estonia,EST,2047,81265.668576,H,projected,H,projected
Estonia,EST,2048,84745.148876,H,projected,H,projected
Estonia,EST,2049,88373.607007,H,projected,H,projected
Estonia,EST,2050,92157.421623,H,projected,H,projected
Eswatini,SWZ,1987,,LM,actual,LM,projected
Eswatini,SWZ,1988,,LM,actual,LM,projected
Eswatini,SWZ,1989,,LM,actual,LM,projected
Eswatini,SWZ,1990,1220.0,LM,actual,LM,projected
Eswatini,SWZ,1991,1260.0,LM,actual,LM,projected
Eswatini,SWZ,1992,1440.0,LM,actual,LM,projected
Eswatini,SWZ,1993,1450.0,LM,actual,LM,projected
Eswatini,SWZ,1994,1470.0,LM,actual,LM,projected
Eswatini,SWZ,1995,1740.0,LM,actual,LM,projected
Eswatini,SWZ,1996,1840.0,LM,actual,LM,projected
Eswatini,SWZ,1997,1870.0,LM,actual,LM,projected
Eswatini,SWZ,1998,1670.0,LM,actual,LM,projected
Eswatini,SWZ,1999,1670.0,LM,actual,LM,projected
Eswatini,SWZ,2000,1600.0,LM,actual,LM,projected
Eswatini,SWZ,2001,1620.0,LM,actual,LM,projected
Eswatini,SWZ,2002,1470.0,LM,actual,LM,projected
Eswatini,SWZ,2003,1600.0,LM,actual,LM,projected
Eswatini,SWZ,2004,2020.0,LM,actual,LM,projected
Eswatini,SWZ,2005,2880.0,LM,actual,LM,projected
Eswatini,SWZ,2006,3090.0,LM,actual,LM,projected
Eswatini,SWZ,2007,3250.0,LM,actual,LM,projected
Eswatini,SWZ,2008,3160.0,LM,actual,LM,projected
Eswatini,SWZ,2009,3120.0,LM,actual,LM,projected
Eswatini,SWZ,2010,3260.0,LM,actual,LM,projected
Eswatini,SWZ,2011,3620.0,LM,actual,LM,projected
Eswatini,SWZ,2012,4010.0,LM,actual,LM,projected
Eswatini,SWZ,2013,4120.0,LM,actual,LM,projected
Eswatini,SWZ,2014,3890.0,LM,actual,LM,projected
Eswatini,SWZ,2015,3540.0,LM,actual,LM,projected
Eswatini,SWZ,2016,3270.0,LM,actual,LM,projected
Eswatini,SWZ,2017,3290.0,LM,actual,LM,projected
Eswatini,SWZ,2018,3460.0,LM,actual,LM,projected
Eswatini,SWZ,2019,3680.0,LM,actual,LM,projected
Eswatini,SWZ,2020,3430.0,LM,actual,LM,projected
Eswatini,SWZ,2021,3620.0,LM,actual,LM,projected
Eswatini,SWZ,2022,3650.0,LM,actual,LM,projected
Eswatini,SWZ,2023,3750.0,LM,actual,LM,projected
Eswatini,SWZ,2024,3440.0,LM,actual,LM,projected
Eswatini,SWZ,2025,3730.0,LM,actual,LM,projected
Eswatini,SWZ,2026,3796.551692,LM,projected,LM,projected
Eswatini,SWZ,2027,3864.290817,LM,projected,LM,projected
Eswatini,SWZ,2028,3933.238562,LM,projected,LM,projected
Eswatini,SWZ,2029,4003.416492,LM,projected,LM,projected
Eswatini,SWZ,2030,4074.846556,LM,projected,LM,projected
Eswatini,SWZ,2031,4147.551096,LM,projected,LM,projected
Eswatini,SWZ,2032,4221.552849,LM,projected,LM,projected
Eswatini,SWZ,2033,4296.874963,LM,projected,LM,projected
Eswatini,SWZ,2034,4373.540994,LM,projected,LM,projected
Eswatini,SWZ,2035,4451.574922,LM,projected,LM,projected
Eswatini,SWZ,2036,4531.001153,LM,projected,LM,projected
Eswatini,SWZ,2037,4611.844528,LM,projected,LM,projected
Eswatini,SWZ,2038,4694.130334,LM,projected,LM,projected
Eswatini,SWZ,2039,4777.884305,LM,projected,LM,projected
Eswatini,SWZ,2040,4863.132638,LM,projected,LM,projected
Eswatini,SWZ,2041,4949.901996,LM,projected,LM,projected
Eswatini,SWZ,2042,5038.219516,LM,projected,LM,projected
Eswatini,SWZ,2043,5128.112822,LM,projected,LM,projected
Eswatini,SWZ,2044,5219.610029,LM,projected,LM,projected
Eswatini,SWZ,2045,5312.739755,LM,projected,LM,projected
Eswatini,SWZ,2046,5407.531127,LM,projected,LM,projected
Eswatini,SWZ,2047,5504.013792,LM,projected,LM,projected
Eswatini,SWZ,2048,5602.217929,LM,projected,LM,projected
Eswatini,SWZ,2049,5702.17425,LM,projected,LM,projected
Eswatini,SWZ,2050,5803.91402,LM,projected,LM,projected
Ethiopia,ETH,1987,290.0,L,actual,L,projected - cut from 7.7% to the L p90 cap of 5.59%
Ethiopia,ETH,1988,280.0,L,actual,L,projected - cut from 7.7% to the L p90 cap of 5.59%
Ethiopia,ETH,1989,260.0,L,actual,L,projected - cut from 7.7% to the L p90 cap of 5.59%
Ethiopia,ETH,1990,260.0,L,actual,L,projected - cut from 7.7% to the L p90 cap of 5.59%
Ethiopia,ETH,1991,250.0,L,actual,L,projected - cut from 7.7% to the L p90 cap of 5.59%
Ethiopia,ETH,1992,230.0,L,actual,L,projected - cut from 7.7% to the L p90 cap of 5.59%
Ethiopia,ETH,1993,220.0,L,actual,L,projected - cut from 7.7% to the L p90 cap of 5.59%
Ethiopia,ETH,1994,170.0,L,actual,L,projected - cut from 7.7% to the L p90 cap of 5.59%
Ethiopia,ETH,1995,150.0,L,actual,L,projected - cut from 7.7% to the L p90 cap of 5.59%
Ethiopia,ETH,1996,150.0,L,actual,L,projected - cut from 7.7% to the L p90 cap of 5.59%
Ethiopia,ETH,1997,150.0,L,actual,L,projected - cut from 7.7% to the L p90 cap of 5.59%
Ethiopia,ETH,1998,130.0,L,actual,L,projected - cut from 7.7% to the L p90 cap of 5.59%
Ethiopia,ETH,1999,130.0,L,actual,L,projected - cut from 7.7% to the L p90 cap of 5.59%
Ethiopia,ETH,2000,120.0,L,actual,L,projected - cut from 7.7% to the L p90 cap of 5.59%
Ethiopia,ETH,2001,120.0,L,actual,L,projected - cut from 7.7% to the L p90 cap of 5.59%
Ethiopia,ETH,2002,120.0,L,actual,L,projected - cut from 7.7% to the L p90 cap of 5.59%
Ethiopia,ETH,2003,110.0,L,actual,L,projected - cut from 7.7% to the L p90 cap of 5.59%
Ethiopia,ETH,2004,130.0,L,actual,L,projected - cut from 7.7% to the L p90 cap of 5.59%
Ethiopia,ETH,2005,160.0,L,actual,L,projected - cut from 7.7% to the L p90 cap of 5.59%
Ethiopia,ETH,2006,180.0,L,actual,L,projected - cut from 7.7% to the L p90 cap of 5.59%
Ethiopia,ETH,2007,210.0,L,actual,L,projected - cut from 7.7% to the L p90 cap of 5.59%
Ethiopia,ETH,2008,270.0,L,actual,L,projected - cut from 7.7% to the L p90 cap of 5.59%
Ethiopia,ETH,2009,330.0,L,actual,L,projected - cut from 7.7% to the L p90 cap of 5.59%
Ethiopia,ETH,2010,370.0,L,actual,L,projected - cut from 7.7% to the L p90 cap of 5.59%
Ethiopia,ETH,2011,380.0,L,actual,L,projected - cut from 7.7% to the L p90 cap of 5.59%
Ethiopia,ETH,2012,400.0,L,actual,L,projected - cut from 7.7% to the L p90 cap of 5.59%
Ethiopia,ETH,2013,450.0,L,actual,L,projected - cut from 7.7% to the L p90 cap of 5.59%
Ethiopia,ETH,2014,530.0,L,actual,L,projected - cut from 7.7% to the L p90 cap of 5.59%
Ethiopia,ETH,2015,570.0,L,actual,L,projected - cut from 7.7% to the L p90 cap of 5.59%
Ethiopia,ETH,2016,620.0,L,actual,L,projected - cut from 7.7% to the L p90 cap of 5.59%
Ethiopia,ETH,2017,670.0,L,actual,L,projected - cut from 7.7% to the L p90 cap of 5.59%
Ethiopia,ETH,2018,730.0,L,actual,L,projected - cut from 7.7% to the L p90 cap of 5.59%
Ethiopia,ETH,2019,790.0,L,actual,L,projected - cut from 7.7% to the L p90 cap of 5.59%
Ethiopia,ETH,2020,820.0,L,actual,L,projected - cut from 7.7% to the L p90 cap of 5.59%
Ethiopia,ETH,2021,880.0,L,actual,L,projected - cut from 7.7% to the L p90 cap of 5.59%
Ethiopia,ETH,2022,960.0,L,actual,L,projected - cut from 7.7% to the L p90 cap of 5.59%
Ethiopia,ETH,2023,1030.0,L,actual,L,projected - cut from 7.7% to the L p90 cap of 5.59%
Ethiopia,ETH,2024,1100.0,,actual,L,projected - cut from 7.7% to the L p90 cap of 5.59%
Ethiopia,ETH,2025,1110.0,L,actual,L,projected - cut from 7.7% to the L p90 cap of 5.59%
Ethiopia,ETH,2026,1172.10228,L,projected,L,projected - cut from 7.7% to the L p90 cap of 5.59%
Ethiopia,ETH,2027,1237.679058,LM,projected,L,projected - cut from 7.7% to the L p90 cap of 5.59%
Ethiopia,ETH,2028,1306.924726,LM,projected,L,projected - cut from 7.7% to the L p90 cap of 5.59%
Ethiopia,ETH,2029,1380.044551,LM,projected,L,projected - cut from 7.7% to the L p90 cap of 5.59%
Ethiopia,ETH,2030,1457.255283,LM,projected,L,projected - cut from 7.7% to the L p90 cap of 5.59%
Ethiopia,ETH,2031,1538.785802,LM,projected,L,projected - cut from 7.7% to the L p90 cap of 5.59%
Ethiopia,ETH,2032,1624.87779,LM,projected,L,projected - cut from 7.7% to the L p90 cap of 5.59%
Ethiopia,ETH,2033,1715.786453,LM,projected,L,projected - cut from 7.7% to the L p90 cap of 5.59%
Ethiopia,ETH,2034,1811.781273,LM,projected,L,projected - cut from 7.7% to the L p90 cap of 5.59%
Ethiopia,ETH,2035,1913.146812,LM,projected,L,projected - cut from 7.7% to the L p90 cap of 5.59%
Ethiopia,ETH,2036,2020.18355,LM,projected,L,projected - cut from 7.7% to the L p90 cap of 5.59%
Ethiopia,ETH,2037,2133.208779,LM,projected,L,projected - cut from 7.7% to the L p90 cap of 5.59%
Ethiopia,ETH,2038,2252.557544,LM,projected,L,projected - cut from 7.7% to the L p90 cap of 5.59%
Ethiopia,ETH,2039,2378.583633,LM,projected,L,projected - cut from 7.7% to the L p90 cap of 5.59%
Ethiopia,ETH,2040,2511.66063,LM,projected,L,projected - cut from 7.7% to the L p90 cap of 5.59%
Ethiopia,ETH,2041,2652.183019,LM,projected,L,projected - cut from 7.7% to the L p90 cap of 5.59%
Ethiopia,ETH,2042,2800.567355,LM,projected,L,projected - cut from 7.7% to the L p90 cap of 5.59%
Ethiopia,ETH,2043,2957.253497,LM,projected,L,projected - cut from 7.7% to the L p90 cap of 5.59%
Ethiopia,ETH,2044,3122.705916,LM,projected,L,projected - cut from 7.7% to the L p90 cap of 5.59%
Ethiopia,ETH,2045,3297.415066,LM,projected,L,projected - cut from 7.7% to the L p90 cap of 5.59%
Ethiopia,ETH,2046,3481.898844,LM,projected,L,projected - cut from 7.7% to the L p90 cap of 5.59%
Ethiopia,ETH,2047,3676.704121,LM,projected,L,projected - cut from 7.7% to the L p90 cap of 5.59%
Ethiopia,ETH,2048,3882.408363,LM,projected,L,projected - cut from 7.7% to the L p90 cap of 5.59%
Ethiopia,ETH,2049,4099.621346,LM,projected,L,projected - cut from 7.7% to the L p90 cap of 5.59%
Ethiopia,ETH,2050,4328.986961,LM,projected,L,projected - cut from 7.7% to the L p90 cap of 5.59%
Faeroe Islands,FRO,1987,,H,actual,H,projected - raised from 0.9% to the 1.244% floor
Faeroe Islands,FRO,1988,,H,actual,H,projected - raised from 0.9% to the 1.244% floor
Faeroe Islands,FRO,1989,,H,actual,H,projected - raised from 0.9% to the 1.244% floor
Faeroe Islands,FRO,1990,,H,actual,H,projected - raised from 0.9% to the 1.244% floor
Faeroe Islands,FRO,1991,,H,actual,H,projected - raised from 0.9% to the 1.244% floor
Faeroe Islands,FRO,1992,,H,actual,H,projected - raised from 0.9% to the 1.244% floor
Faeroe Islands,FRO,1993,,H,actual,H,projected - raised from 0.9% to the 1.244% floor
Faeroe Islands,FRO,1994,,H,actual,H,projected - raised from 0.9% to the 1.244% floor
Faeroe Islands,FRO,1995,,H,actual,H,projected - raised from 0.9% to the 1.244% floor
Faeroe Islands,FRO,1996,,H,actual,H,projected - raised from 0.9% to the 1.244% floor
Faeroe Islands,FRO,1997,,H,actual,H,projected - raised from 0.9% to the 1.244% floor
Faeroe Islands,FRO,1998,,H,actual,H,projected - raised from 0.9% to the 1.244% floor
Faeroe Islands,FRO,1999,,H,actual,H,projected - raised from 0.9% to the 1.244% floor
Faeroe Islands,FRO,2000,,H,actual,H,projected - raised from 0.9% to the 1.244% floor
Faeroe Islands,FRO,2001,,H,actual,H,projected - raised from 0.9% to the 1.244% floor
Faeroe Islands,FRO,2002,,H,actual,H,projected - raised from 0.9% to the 1.244% floor
Faeroe Islands,FRO,2003,,H,actual,H,projected - raised from 0.9% to the 1.244% floor
Faeroe Islands,FRO,2004,,H,actual,H,projected - raised from 0.9% to the 1.244% floor
Faeroe Islands,FRO,2005,,H,actual,H,projected - raised from 0.9% to the 1.244% floor
Faeroe Islands,FRO,2006,,H,actual,H,projected - raised from 0.9% to the 1.244% floor
Faeroe Islands,FRO,2007,,H,actual,H,projected - raised from 0.9% to the 1.244% floor
Faeroe Islands,FRO,2008,,H,actual,H,projected - raised from 0.9% to the 1.244% floor
Faeroe Islands,FRO,2009,,H,actual,H,projected - raised from 0.9% to the 1.244% floor
Faeroe Islands,FRO,2010,49050.0,H,actual,H,projected - raised from 0.9% to the 1.244% floor
Faeroe Islands,FRO,2011,53420.0,H,actual,H,projected - raised from 0.9% to the 1.244% floor
Faeroe Islands,FRO,2012,56500.0,H,actual,H,projected - raised from 0.9% to the 1.244% floor
Faeroe Islands,FRO,2013,59530.0,H,actual,H,projected - raised from 0.9% to the 1.244% floor
Faeroe Islands,FRO,2014,60440.0,H,actual,H,projected - raised from 0.9% to the 1.244% floor
Faeroe Islands,FRO,2015,57670.0,H,actual,H,projected - raised from 0.9% to the 1.244% floor
Faeroe Islands,FRO,2016,57410.0,H,actual,H,projected - raised from 0.9% to the 1.244% floor
Faeroe Islands,FRO,2017,57920.0,H,actual,H,projected - raised from 0.9% to the 1.244% floor
Faeroe Islands,FRO,2018,62900.0,H,actual,H,projected - raised from 0.9% to the 1.244% floor
Faeroe Islands,FRO,2019,66020.0,H,actual,H,projected - raised from 0.9% to the 1.244% floor
Faeroe Islands,FRO,2020,64210.0,H,actual,H,projected - raised from 0.9% to the 1.244% floor
Faeroe Islands,FRO,2021,70050.0,H,actual,H,projected - raised from 0.9% to the 1.244% floor
Faeroe Islands,FRO,2022,72970.0,H,actual,H,projected - raised from 0.9% to the 1.244% floor
Faeroe Islands,FRO,2023,73420.0,H,actual,H,projected - raised from 0.9% to the 1.244% floor
Faeroe Islands,FRO,2024,73120.0,H,actual,H,projected - raised from 0.9% to the 1.244% floor
Faeroe Islands,FRO,2025,,H,actual,H,projected - raised from 0.9% to the 1.244% floor
Faeroe Islands,FRO,2026,74029.6128,H,projected,H,projected - raised from 0.9% to the 1.244% floor
Faeroe Islands,FRO,2027,74950.541183,H,projected,H,projected - raised from 0.9% to the 1.244% floor
Faeroe Islands,FRO,2028,75882.925916,H,projected,H,projected - raised from 0.9% to the 1.244% floor
Faeroe Islands,FRO,2029,76826.909514,H,projected,H,projected - raised from 0.9% to the 1.244% floor
Faeroe Islands,FRO,2030,77782.636268,H,projected,H,projected - raised from 0.9% to the 1.244% floor
Faeroe Islands,FRO,2031,78750.252263,H,projected,H,projected - raised from 0.9% to the 1.244% floor
Faeroe Islands,FRO,2032,79729.905402,H,projected,H,projected - raised from 0.9% to the 1.244% floor
Faeroe Islands,FRO,2033,80721.745425,H,projected,H,projected - raised from 0.9% to the 1.244% floor
Faeroe Islands,FRO,2034,81725.923938,H,projected,H,projected - raised from 0.9% to the 1.244% floor
Faeroe Islands,FRO,2035,82742.594432,H,projected,H,projected - raised from 0.9% to the 1.244% floor
Faeroe Islands,FRO,2036,83771.912306,H,projected,H,projected - raised from 0.9% to the 1.244% floor
Faeroe Islands,FRO,2037,84814.034896,H,projected,H,projected - raised from 0.9% to the 1.244% floor
Faeroe Islands,FRO,2038,85869.12149,H,projected,H,projected - raised from 0.9% to the 1.244% floor
Faeroe Islands,FRO,2039,86937.333361,H,projected,H,projected - raised from 0.9% to the 1.244% floor
Faeroe Islands,FRO,2040,88018.833788,H,projected,H,projected - raised from 0.9% to the 1.244% floor
Faeroe Islands,FRO,2041,89113.78808,H,projected,H,projected - raised from 0.9% to the 1.244% floor
Faeroe Islands,FRO,2042,90222.363604,H,projected,H,projected - raised from 0.9% to the 1.244% floor
Faeroe Islands,FRO,2043,91344.729807,H,projected,H,projected - raised from 0.9% to the 1.244% floor
Faeroe Islands,FRO,2044,92481.058246,H,projected,H,projected - raised from 0.9% to the 1.244% floor
Faeroe Islands,FRO,2045,93631.522611,H,projected,H,projected - raised from 0.9% to the 1.244% floor
Faeroe Islands,FRO,2046,94796.298752,H,projected,H,projected - raised from 0.9% to the 1.244% floor
Faeroe Islands,FRO,2047,95975.564708,H,projected,H,projected - raised from 0.9% to the 1.244% floor
Faeroe Islands,FRO,2048,97169.500733,H,projected,H,projected - raised from 0.9% to the 1.244% floor
Faeroe Islands,FRO,2049,98378.289322,H,projected,H,projected - raised from 0.9% to the 1.244% floor
Faeroe Islands,FRO,2050,99602.115242,H,projected,H,projected - raised from 0.9% to the 1.244% floor
Fiji,FJI,1987,1700.0,LM,actual,UM,projected
Fiji,FJI,1988,1710.0,LM,actual,UM,projected
Fiji,FJI,1989,1690.0,LM,actual,UM,projected
Fiji,FJI,1990,1690.0,LM,actual,UM,projected
Fiji,FJI,1991,1690.0,LM,actual,UM,projected
Fiji,FJI,1992,1890.0,LM,actual,UM,projected
Fiji,FJI,1993,2000.0,LM,actual,UM,projected
Fiji,FJI,1994,2150.0,LM,actual,UM,projected
Fiji,FJI,1995,2390.0,LM,actual,UM,projected
Fiji,FJI,1996,2600.0,LM,actual,UM,projected
Fiji,FJI,1997,2520.0,LM,actual,UM,projected
Fiji,FJI,1998,2230.0,LM,actual,UM,projected
Fiji,FJI,1999,2280.0,LM,actual,UM,projected
Fiji,FJI,2000,2150.0,LM,actual,UM,projected
Fiji,FJI,2001,2050.0,LM,actual,UM,projected
Fiji,FJI,2002,2050.0,LM,actual,UM,projected
Fiji,FJI,2003,2270.0,LM,actual,UM,projected
Fiji,FJI,2004,2820.0,LM,actual,UM,projected
Fiji,FJI,2005,3320.0,LM,actual,UM,projected
Fiji,FJI,2006,3350.0,LM,actual,UM,projected
Fiji,FJI,2007,3510.0,UM,actual,UM,projected
Fiji,FJI,2008,3730.0,UM,actual,UM,projected
Fiji,FJI,2009,3620.0,UM,actual,UM,projected
Fiji,FJI,2010,3450.0,LM,actual,UM,projected
Fiji,FJI,2011,3570.0,LM,actual,UM,projected
Fiji,FJI,2012,3910.0,UM,actual,UM,projected
Fiji,FJI,2013,4460.0,UM,actual,UM,projected
Fiji,FJI,2014,4740.0,UM,actual,UM,projected
Fiji,FJI,2015,4820.0,UM,actual,UM,projected
Fiji,FJI,2016,5010.0,UM,actual,UM,projected
Fiji,FJI,2017,5120.0,UM,actual,UM,projected
Fiji,FJI,2018,5690.0,UM,actual,UM,projected
Fiji,FJI,2019,5570.0,UM,actual,UM,projected
Fiji,FJI,2020,4560.0,UM,actual,UM,projected
Fiji,FJI,2021,4380.0,UM,actual,UM,projected
Fiji,FJI,2022,5250.0,UM,actual,UM,projected
Fiji,FJI,2023,5670.0,UM,actual,UM,projected
Fiji,FJI,2024,5820.0,UM,actual,UM,projected
Fiji,FJI,2025,6230.0,UM,actual,UM,projected
Fiji,FJI,2026,6435.197864,UM,projected,UM,projected
Fiji,FJI,2027,6647.154341,UM,projected,UM,projected
Fiji,FJI,2028,6866.092041,UM,projected,UM,projected
Fiji,FJI,2029,7092.240905,UM,projected,UM,projected
Fiji,FJI,2030,7325.838446,UM,projected,UM,projected
Fiji,FJI,2031,7567.130003,UM,projected,UM,projected
Fiji,FJI,2032,7816.368994,UM,projected,UM,projected
Fiji,FJI,2033,8073.817184,UM,projected,UM,projected
Fiji,FJI,2034,8339.744959,UM,projected,UM,projected
Fiji,FJI,2035,8614.431612,UM,projected,UM,projected
Fiji,FJI,2036,8898.165635,UM,projected,UM,projected
Fiji,FJI,2037,9191.245022,UM,projected,UM,projected
Fiji,FJI,2038,9493.977582,UM,projected,UM,projected
Fiji,FJI,2039,9806.681261,UM,projected,UM,projected
Fiji,FJI,2040,10129.684478,UM,projected,UM,projected
Fiji,FJI,2041,10463.326471,UM,projected,UM,projected
Fiji,FJI,2042,10807.957649,UM,projected,UM,projected
Fiji,FJI,2043,11163.939964,UM,projected,UM,projected
Fiji,FJI,2044,11531.647289,UM,projected,UM,projected
Fiji,FJI,2045,11911.465811,UM,projected,UM,projected
Fiji,FJI,2046,12303.794437,UM,projected,UM,projected
Fiji,FJI,2047,12709.045213,UM,projected,UM,projected
Fiji,FJI,2048,13127.643757,UM,projected,UM,projected
Fiji,FJI,2049,13560.029705,UM,projected,UM,projected
Fiji,FJI,2050,14006.657173,UM,projected,UM,projected
Finland,FIN,1987,16460.0,H,actual,H,projected
Finland,FIN,1988,21520.0,H,actual,H,projected
Finland,FIN,1989,24090.0,H,actual,H,projected
Finland,FIN,1990,25980.0,H,actual,H,projected
Finland,FIN,1991,25070.0,H,actual,H,projected
Finland,FIN,1992,24150.0,H,actual,H,projected
Finland,FIN,1993,20660.0,H,actual,H,projected
Finland,FIN,1994,20150.0,H,actual,H,projected
Finland,FIN,1995,22010.0,H,actual,H,projected
Finland,FIN,1996,24940.0,H,actual,H,projected
Finland,FIN,1997,26670.0,H,actual,H,projected
Finland,FIN,1998,25810.0,H,actual,H,projected
Finland,FIN,1999,26040.0,H,actual,H,projected
Finland,FIN,2000,26470.0,H,actual,H,projected
Finland,FIN,2001,25840.0,H,actual,H,projected
Finland,FIN,2002,25610.0,H,actual,H,projected
Finland,FIN,2003,28790.0,H,actual,H,projected
Finland,FIN,2004,35370.0,H,actual,H,projected
Finland,FIN,2005,40230.0,H,actual,H,projected
Finland,FIN,2006,42830.0,H,actual,H,projected
Finland,FIN,2007,46190.0,H,actual,H,projected
Finland,FIN,2008,50160.0,H,actual,H,projected
Finland,FIN,2009,48950.0,H,actual,H,projected
Finland,FIN,2010,49750.0,H,actual,H,projected
Finland,FIN,2011,50200.0,H,actual,H,projected
Finland,FIN,2012,48820.0,H,actual,H,projected
Finland,FIN,2013,49390.0,H,actual,H,projected
Finland,FIN,2014,49210.0,H,actual,H,projected
Finland,FIN,2015,46860.0,H,actual,H,projected
Finland,FIN,2016,45160.0,H,actual,H,projected
Finland,FIN,2017,44520.0,H,actual,H,projected
Finland,FIN,2018,47900.0,H,actual,H,projected
Finland,FIN,2019,49590.0,H,actual,H,projected
Finland,FIN,2020,49630.0,H,actual,H,projected
Finland,FIN,2021,52810.0,H,actual,H,projected
Finland,FIN,2022,54120.0,H,actual,H,projected
Finland,FIN,2023,52870.0,H,actual,H,projected
Finland,FIN,2024,51710.0,H,actual,H,projected
Finland,FIN,2025,55250.0,H,actual,H,projected
Finland,FIN,2026,55957.545926,H,projected,H,projected
Finland,FIN,2027,56674.15287,H,projected,H,projected
Finland,FIN,2028,57399.936869,H,projected,H,projected
Finland,FIN,2029,58135.015448,H,projected,H,projected
Finland,FIN,2030,58879.507635,H,projected,H,projected
Finland,FIN,2031,59633.533984,H,projected,H,projected
Finland,FIN,2032,60397.216591,H,projected,H,projected
Finland,FIN,2033,61170.679116,H,projected,H,projected
Finland,FIN,2034,61954.046805,H,projected,H,projected
Finland,FIN,2035,62747.446505,H,projected,H,projected
Finland,FIN,2036,63551.006688,H,projected,H,projected
Finland,FIN,2037,64364.857474,H,projected,H,projected
Finland,FIN,2038,65189.130644,H,projected,H,projected
Finland,FIN,2039,66023.959673,H,projected,H,projected
Finland,FIN,2040,66869.479739,H,projected,H,projected
Finland,FIN,2041,67725.827757,H,projected,H,projected
Finland,FIN,2042,68593.14239,H,projected,H,projected
Finland,FIN,2043,69471.564082,H,projected,H,projected
Finland,FIN,2044,70361.235071,H,projected,H,projected
Finland,FIN,2045,71262.299419,H,projected,H,projected
Finland,FIN,2046,72174.903032,H,projected,H,projected
Finland,FIN,2047,73099.193685,H,projected,H,projected
Finland,FIN,2048,74035.321046,H,projected,H,projected
Finland,FIN,2049,74983.436699,H,projected,H,projected
Finland,FIN,2050,75943.694167,H,projected,H,projected
France,FRA,1987,14350.0,H,actual,H,projected
France,FRA,1988,18400.0,H,actual,H,projected
France,FRA,1989,19360.0,H,actual,H,projected
France,FRA,1990,20470.0,H,actual,H,projected
France,FRA,1991,21270.0,H,actual,H,projected
France,FRA,1992,23660.0,H,actual,H,projected
France,FRA,1993,23460.0,H,actual,H,projected
France,FRA,1994,24260.0,H,actual,H,projected
France,FRA,1995,25660.0,H,actual,H,projected
France,FRA,1996,27020.0,H,actual,H,projected
France,FRA,1997,26890.0,H,actual,H,projected
France,FRA,1998,25740.0,H,actual,H,projected
France,FRA,1999,25340.0,H,actual,H,projected
France,FRA,2000,24950.0,H,actual,H,projected
France,FRA,2001,23800.0,H,actual,H,projected
France,FRA,2002,23040.0,H,actual,H,projected
France,FRA,2003,25900.0,H,actual,H,projected
France,FRA,2004,31340.0,H,actual,H,projected
France,FRA,2005,35870.0,H,actual,H,projected
France,FRA,2006,37920.0,H,actual,H,projected
France,FRA,2007,40200.0,H,actual,H,projected
France,FRA,2008,43580.0,H,actual,H,projected
France,FRA,2009,44090.0,H,actual,H,projected
France,FRA,2010,44040.0,H,actual,H,projected
France,FRA,2011,44610.0,H,actual,H,projected
France,FRA,2012,43500.0,H,actual,H,projected
France,FRA,2013,43950.0,H,actual,H,projected
France,FRA,2014,43470.0,H,actual,H,projected
France,FRA,2015,41130.0,H,actual,H,projected
France,FRA,2016,39020.0,H,actual,H,projected
France,FRA,2017,38120.0,H,actual,H,projected
France,FRA,2018,40960.0,H,actual,H,projected
France,FRA,2019,42720.0,H,actual,H,projected
France,FRA,2020,39690.0,H,actual,H,projected
France,FRA,2021,44300.0,H,actual,H,projected
France,FRA,2022,46010.0,H,actual,H,projected
France,FRA,2023,45770.0,H,actual,H,projected
France,FRA,2024,45160.0,H,actual,H,projected
France,FRA,2025,48630.0,H,actual,H,projected
France,FRA,2026,49441.73668,H,projected,H,projected
France,FRA,2027,50267.022948,H,projected,H,projected
France,FRA,2028,51106.084974,H,projected,H,projected
France,FRA,2029,51959.152705,H,projected,H,projected
France,FRA,2030,52826.459926,H,projected,H,projected
France,FRA,2031,53708.244323,H,projected,H,projected
France,FRA,2032,54604.74755,H,projected,H,projected
France,FRA,2033,55516.215296,H,projected,H,projected
France,FRA,2034,56442.897351,H,projected,H,projected
France,FRA,2035,57385.047672,H,projected,H,projected
France,FRA,2036,58342.924458,H,projected,H,projected
France,FRA,2037,59316.790216,H,projected,H,projected
France,FRA,2038,60306.911836,H,projected,H,projected
France,FRA,2039,61313.560662,H,projected,H,projected
France,FRA,2040,62337.012568,H,projected,H,projected
France,FRA,2041,63377.548033,H,projected,H,projected
France,FRA,2042,64435.452216,H,projected,H,projected
France,FRA,2043,65511.015039,H,projected,H,projected
France,FRA,2044,66604.531261,H,projected,H,projected
France,FRA,2045,67716.300562,H,projected,H,projected
France,FRA,2046,68846.627624,H,projected,H,projected
France,FRA,2047,69995.822215,H,projected,H,projected
France,FRA,2048,71164.199274,H,projected,H,projected
France,FRA,2049,72352.078995,H,projected,H,projected
France,FRA,2050,73559.786921,H,projected,H,projected
French Polynesia,PYF,1987,12330.0,,actual,H,projected - raised from 0.9% to the 1.244% floor
French Polynesia,PYF,1988,14340.0,,actual,H,projected - raised from 0.9% to the 1.244% floor
French Polynesia,PYF,1989,14790.0,,actual,H,projected - raised from 0.9% to the 1.244% floor
French Polynesia,PYF,1990,15190.0,H,actual,H,projected - raised from 0.9% to the 1.244% floor
French Polynesia,PYF,1991,16110.0,H,actual,H,projected - raised from 0.9% to the 1.244% floor
French Polynesia,PYF,1992,21490.0,H,actual,H,projected - raised from 0.9% to the 1.244% floor
French Polynesia,PYF,1993,21190.0,H,actual,H,projected - raised from 0.9% to the 1.244% floor
French Polynesia,PYF,1994,21230.0,H,actual,H,projected - raised from 0.9% to the 1.244% floor
French Polynesia,PYF,1995,22180.0,H,actual,H,projected - raised from 0.9% to the 1.244% floor
French Polynesia,PYF,1996,22970.0,H,actual,H,projected - raised from 0.9% to the 1.244% floor
French Polynesia,PYF,1997,21960.0,H,actual,H,projected - raised from 0.9% to the 1.244% floor
French Polynesia,PYF,1998,20520.0,H,actual,H,projected - raised from 0.9% to the 1.244% floor
French Polynesia,PYF,1999,19810.0,H,actual,H,projected - raised from 0.9% to the 1.244% floor
French Polynesia,PYF,2000,19380.0,H,actual,H,projected - raised from 0.9% to the 1.244% floor
French Polynesia,PYF,2001,,H,actual,H,projected - raised from 0.9% to the 1.244% floor
French Polynesia,PYF,2002,,H,actual,H,projected - raised from 0.9% to the 1.244% floor
French Polynesia,PYF,2003,,H,actual,H,projected - raised from 0.9% to the 1.244% floor
French Polynesia,PYF,2004,,H,actual,H,projected - raised from 0.9% to the 1.244% floor
French Polynesia,PYF,2005,24320.0,H,actual,H,projected - raised from 0.9% to the 1.244% floor
French Polynesia,PYF,2006,25170.0,H,actual,H,projected - raised from 0.9% to the 1.244% floor
French Polynesia,PYF,2007,25940.0,H,actual,H,projected - raised from 0.9% to the 1.244% floor
French Polynesia,PYF,2008,27720.0,H,actual,H,projected - raised from 0.9% to the 1.244% floor
French Polynesia,PYF,2009,27530.0,H,actual,H,projected - raised from 0.9% to the 1.244% floor
French Polynesia,PYF,2010,26220.0,H,actual,H,projected - raised from 0.9% to the 1.244% floor
French Polynesia,PYF,2011,25270.0,H,actual,H,projected - raised from 0.9% to the 1.244% floor
French Polynesia,PYF,2012,24050.0,H,actual,H,projected - raised from 0.9% to the 1.244% floor
French Polynesia,PYF,2013,24290.0,H,actual,H,projected - raised from 0.9% to the 1.244% floor
French Polynesia,PYF,2014,23990.0,H,actual,H,projected - raised from 0.9% to the 1.244% floor
French Polynesia,PYF,2015,23060.0,H,actual,H,projected - raised from 0.9% to the 1.244% floor
French Polynesia,PYF,2016,22170.0,H,actual,H,projected - raised from 0.9% to the 1.244% floor
French Polynesia,PYF,2017,22220.0,H,actual,H,projected - raised from 0.9% to the 1.244% floor
French Polynesia,PYF,2018,23700.0,H,actual,H,projected - raised from 0.9% to the 1.244% floor
French Polynesia,PYF,2019,24530.0,H,actual,H,projected - raised from 0.9% to the 1.244% floor
French Polynesia,PYF,2020,22170.0,H,actual,H,projected - raised from 0.9% to the 1.244% floor
French Polynesia,PYF,2021,23460.0,H,actual,H,projected - raised from 0.9% to the 1.244% floor
French Polynesia,PYF,2022,24150.0,H,actual,H,projected - raised from 0.9% to the 1.244% floor
French Polynesia,PYF,2023,24370.0,H,actual,H,projected - raised from 0.9% to the 1.244% floor
French Polynesia,PYF,2024,24100.0,H,actual,H,projected - raised from 0.9% to the 1.244% floor
French Polynesia,PYF,2025,,H,actual,H,projected - raised from 0.9% to the 1.244% floor
French Polynesia,PYF,2026,24399.804,H,projected,H,projected - raised from 0.9% to the 1.244% floor
French Polynesia,PYF,2027,24703.337562,H,projected,H,projected - raised from 0.9% to the 1.244% floor
French Polynesia,PYF,2028,25010.647081,H,projected,H,projected - raised from 0.9% to the 1.244% floor
French Polynesia,PYF,2029,25321.779531,H,projected,H,projected - raised from 0.9% to the 1.244% floor
French Polynesia,PYF,2030,25636.782468,H,projected,H,projected - raised from 0.9% to the 1.244% floor
French Polynesia,PYF,2031,25955.704042,H,projected,H,projected - raised from 0.9% to the 1.244% floor
French Polynesia,PYF,2032,26278.593,H,projected,H,projected - raised from 0.9% to the 1.244% floor
French Polynesia,PYF,2033,26605.498697,H,projected,H,projected - raised from 0.9% to the 1.244% floor
French Polynesia,PYF,2034,26936.471101,H,projected,H,projected - raised from 0.9% to the 1.244% floor
French Polynesia,PYF,2035,27271.560801,H,projected,H,projected - raised from 0.9% to the 1.244% floor
French Polynesia,PYF,2036,27610.819018,H,projected,H,projected - raised from 0.9% to the 1.244% floor
French Polynesia,PYF,2037,27954.297606,H,projected,H,projected - raised from 0.9% to the 1.244% floor
French Polynesia,PYF,2038,28302.049069,H,projected,H,projected - raised from 0.9% to the 1.244% floor
French Polynesia,PYF,2039,28654.126559,H,projected,H,projected - raised from 0.9% to the 1.244% floor
French Polynesia,PYF,2040,29010.583893,H,projected,H,projected - raised from 0.9% to the 1.244% floor
French Polynesia,PYF,2041,29371.475557,H,projected,H,projected - raised from 0.9% to the 1.244% floor
French Polynesia,PYF,2042,29736.856713,H,projected,H,projected - raised from 0.9% to the 1.244% floor
French Polynesia,PYF,2043,30106.783211,H,projected,H,projected - raised from 0.9% to the 1.244% floor
French Polynesia,PYF,2044,30481.311594,H,projected,H,projected - raised from 0.9% to the 1.244% floor
French Polynesia,PYF,2045,30860.49911,H,projected,H,projected - raised from 0.9% to the 1.244% floor
French Polynesia,PYF,2046,31244.403719,H,projected,H,projected - raised from 0.9% to the 1.244% floor
French Polynesia,PYF,2047,31633.084101,H,projected,H,projected - raised from 0.9% to the 1.244% floor
French Polynesia,PYF,2048,32026.599667,H,projected,H,projected - raised from 0.9% to the 1.244% floor
French Polynesia,PYF,2049,32425.010567,H,projected,H,projected - raised from 0.9% to the 1.244% floor
French Polynesia,PYF,2050,32828.377699,H,projected,H,projected - raised from 0.9% to the 1.244% floor
Gabon,GAB,1987,3310.0,UM,actual,UM,projected
Gabon,GAB,1988,4010.0,UM,actual,UM,projected
Gabon,GAB,1989,4420.0,UM,actual,UM,projected
Gabon,GAB,1990,4650.0,UM,actual,UM,projected
Gabon,GAB,1991,4990.0,UM,actual,UM,projected
Gabon,GAB,1992,4940.0,UM,actual,UM,projected
Gabon,GAB,1993,4280.0,UM,actual,UM,projected
Gabon,GAB,1994,3990.0,UM,actual,UM,projected
Gabon,GAB,1995,3770.0,UM,actual,UM,projected
Gabon,GAB,1996,3960.0,UM,actual,UM,projected
Gabon,GAB,1997,4130.0,UM,actual,UM,projected
Gabon,GAB,1998,3810.0,UM,actual,UM,projected
Gabon,GAB,1999,3160.0,UM,actual,UM,projected
Gabon,GAB,2000,2980.0,UM,actual,UM,projected
Gabon,GAB,2001,3290.0,UM,actual,UM,projected
Gabon,GAB,2002,3460.0,UM,actual,UM,projected
Gabon,GAB,2003,3700.0,UM,actual,UM,projected
Gabon,GAB,2004,4110.0,UM,actual,UM,projected
Gabon,GAB,2005,5240.0,UM,actual,UM,projected
Gabon,GAB,2006,5450.0,UM,actual,UM,projected
Gabon,GAB,2007,6240.0,UM,actual,UM,projected
Gabon,GAB,2008,6920.0,UM,actual,UM,projected
Gabon,GAB,2009,7170.0,UM,actual,UM,projected
Gabon,GAB,2010,7420.0,UM,actual,UM,projected
Gabon,GAB,2011,7680.0,UM,actual,UM,projected
Gabon,GAB,2012,8610.0,UM,actual,UM,projected
Gabon,GAB,2013,8870.0,UM,actual,UM,projected
Gabon,GAB,2014,8880.0,UM,actual,UM,projected
Gabon,GAB,2015,7610.0,UM,actual,UM,projected
Gabon,GAB,2016,7180.0,UM,actual,UM,projected
Gabon,GAB,2017,6240.0,UM,actual,UM,projected
Gabon,GAB,2018,6690.0,UM,actual,UM,projected
Gabon,GAB,2019,7040.0,UM,actual,UM,projected
Gabon,GAB,2020,6820.0,UM,actual,UM,projected
Gabon,GAB,2021,7000.0,UM,actual,UM,projected
Gabon,GAB,2022,7150.0,UM,actual,UM,projected
Gabon,GAB,2023,7660.0,UM,actual,UM,projected
Gabon,GAB,2024,7870.0,UM,actual,UM,projected
Gabon,GAB,2025,8090.0,UM,actual,UM,projected
Gabon,GAB,2026,8307.653787,UM,projected,UM,projected
Gabon,GAB,2027,8531.163342,UM,projected,UM,projected
Gabon,GAB,2028,8760.686211,UM,projected,UM,projected
Gabon,GAB,2029,8996.384175,UM,projected,UM,projected
Gabon,GAB,2030,9238.423369,UM,projected,UM,projected
Gabon,GAB,2031,9486.974398,UM,projected,UM,projected
Gabon,GAB,2032,9742.212458,UM,projected,UM,projected
Gabon,GAB,2033,10004.317456,UM,projected,UM,projected
Gabon,GAB,2034,10273.47414,UM,projected,UM,projected
Gabon,GAB,2035,10549.87223,UM,projected,UM,projected
Gabon,GAB,2036,10833.706549,UM,projected,UM,projected
Gabon,GAB,2037,11125.177162,UM,projected,UM,projected
Gabon,GAB,2038,11424.489515,UM,projected,UM,projected
Gabon,GAB,2039,11731.854583,UM,projected,UM,projected
Gabon,GAB,2040,12047.489018,UM,projected,UM,projected
Gabon,GAB,2041,12371.615298,UM,projected,UM,projected
Gabon,GAB,2042,12704.461888,UM,projected,UM,projected
Gabon,GAB,2043,13046.263401,UM,projected,UM,projected
Gabon,GAB,2044,13397.260759,UM,projected,UM,projected
Gabon,GAB,2045,13757.701369,UM,projected,UM,projected
Gabon,GAB,2046,14127.839292,UM,projected,UM,projected
Gabon,GAB,2047,14507.935426,UM,projected,UM,projected
Gabon,GAB,2048,14898.257686,UM,projected,UM,projected
Gabon,GAB,2049,15299.081196,UM,projected,UM,projected
Gabon,GAB,2050,15710.688484,UM,projected,UM,projected
"Gambia, The",GMB,1987,290.0,L,actual,L,projected
"Gambia, The",GMB,1988,270.0,L,actual,L,projected
"Gambia, The",GMB,1989,270.0,L,actual,L,projected
"Gambia, The",GMB,1990,280.0,L,actual,L,projected
"Gambia, The",GMB,1991,360.0,L,actual,L,projected
"Gambia, The",GMB,1992,470.0,L,actual,L,projected
"Gambia, The",GMB,1993,630.0,L,actual,L,projected
"Gambia, The",GMB,1994,620.0,L,actual,L,projected
"Gambia, The",GMB,1995,620.0,L,actual,L,projected
"Gambia, The",GMB,1996,630.0,L,actual,L,projected
"Gambia, The",GMB,1997,620.0,L,actual,L,projected
"Gambia, The",GMB,1998,600.0,L,actual,L,projected
"Gambia, The",GMB,1999,580.0,L,actual,L,projected
"Gambia, The",GMB,2000,560.0,L,actual,L,projected
"Gambia, The",GMB,2001,510.0,L,actual,L,projected
"Gambia, The",GMB,2002,410.0,L,actual,L,projected
"Gambia, The",GMB,2003,360.0,L,actual,L,projected
"Gambia, The",GMB,2004,430.0,L,actual,L,projected
"Gambia, The",GMB,2005,480.0,L,actual,L,projected
"Gambia, The",GMB,2006,600.0,L,actual,L,projected
"Gambia, The",GMB,2007,650.0,L,actual,L,projected
"Gambia, The",GMB,2008,750.0,L,actual,L,projected
"Gambia, The",GMB,2009,820.0,L,actual,L,projected
"Gambia, The",GMB,2010,830.0,L,actual,L,projected
"Gambia, The",GMB,2011,710.0,L,actual,L,projected
"Gambia, The",GMB,2012,710.0,L,actual,L,projected
"Gambia, The",GMB,2013,680.0,L,actual,L,projected
"Gambia, The",GMB,2014,600.0,L,actual,L,projected
"Gambia, The",GMB,2015,590.0,L,actual,L,projected
"Gambia, The",GMB,2016,590.0,L,actual,L,projected
"Gambia, The",GMB,2017,620.0,L,actual,L,projected
"Gambia, The",GMB,2018,680.0,L,actual,L,projected
"Gambia, The",GMB,2019,720.0,L,actual,L,projected
"Gambia, The",GMB,2020,720.0,L,actual,L,projected
"Gambia, The",GMB,2021,760.0,L,actual,L,projected
"Gambia, The",GMB,2022,830.0,L,actual,L,projected
"Gambia, The",GMB,2023,870.0,L,actual,L,projected
"Gambia, The",GMB,2024,880.0,L,actual,L,projected
"Gambia, The",GMB,2025,930.0,L,actual,L,projected
"Gambia, The",GMB,2026,979.477401,L,projected,L,projected
"Gambia, The",GMB,2027,1031.587075,L,projected,L,projected
"Gambia, The",GMB,2028,1086.469061,L,projected,L,projected
"Gambia, The",GMB,2029,1144.270852,L,projected,L,projected
"Gambia, The",GMB,2030,1205.147785,L,projected,L,projected
"Gambia, The",GMB,2031,1269.263463,LM,projected,L,projected
"Gambia, The",GMB,2032,1336.790192,LM,projected,L,projected
"Gambia, The",GMB,2033,1407.909444,LM,projected,L,projected
"Gambia, The",GMB,2034,1482.812347,LM,projected,L,projected
"Gambia, The",GMB,2035,1561.700198,LM,projected,L,projected
"Gambia, The",GMB,2036,1644.785002,LM,projected,L,projected
"Gambia, The",GMB,2037,1732.290042,LM,projected,L,projected
"Gambia, The",GMB,2038,1824.450482,LM,projected,L,projected
"Gambia, The",GMB,2039,1921.513996,LM,projected,L,projected
"Gambia, The",GMB,2040,2023.741436,LM,projected,L,projected
"Gambia, The",GMB,2041,2131.407529,LM,projected,L,projected
"Gambia, The",GMB,2042,2244.801621,LM,projected,L,projected
"Gambia, The",GMB,2043,2364.228449,LM,projected,L,projected
"Gambia, The",GMB,2044,2490.008964,LM,projected,L,projected
"Gambia, The",GMB,2045,2622.481193,LM,projected,L,projected
"Gambia, The",GMB,2046,2762.001143,LM,projected,L,projected
"Gambia, The",GMB,2047,2908.943765,LM,projected,L,projected
"Gambia, The",GMB,2048,3063.703956,LM,projected,L,projected
"Gambia, The",GMB,2049,3226.697622,LM,projected,L,projected
"Gambia, The",GMB,2050,3398.362797,LM,projected,L,projected
Georgia,GEO,1990,1640.0,,actual,UM,projected - cut from 10.4% to the UM p90 cap of 9.07%
Georgia,GEO,1991,1330.0,LM,actual,UM,projected - cut from 10.4% to the UM p90 cap of 9.07%
Georgia,GEO,1992,750.0,LM,actual,UM,projected - cut from 10.4% to the UM p90 cap of 9.07%
Georgia,GEO,1993,540.0,L,actual,UM,projected - cut from 10.4% to the UM p90 cap of 9.07%
Georgia,GEO,1994,510.0,L,actual,UM,projected - cut from 10.4% to the UM p90 cap of 9.07%
Georgia,GEO,1995,550.0,L,actual,UM,projected - cut from 10.4% to the UM p90 cap of 9.07%
Georgia,GEO,1996,670.0,LM,actual,UM,projected - cut from 10.4% to the UM p90 cap of 9.07%
Georgia,GEO,1997,820.0,LM,actual,UM,projected - cut from 10.4% to the UM p90 cap of 9.07%
Georgia,GEO,1998,870.0,LM,actual,UM,projected - cut from 10.4% to the UM p90 cap of 9.07%
Georgia,GEO,1999,840.0,L,actual,UM,projected - cut from 10.4% to the UM p90 cap of 9.07%
Georgia,GEO,2000,790.0,L,actual,UM,projected - cut from 10.4% to the UM p90 cap of 9.07%
Georgia,GEO,2001,780.0,L,actual,UM,projected - cut from 10.4% to the UM p90 cap of 9.07%
Georgia,GEO,2002,840.0,L,actual,UM,projected - cut from 10.4% to the UM p90 cap of 9.07%
Georgia,GEO,2003,990.0,LM,actual,UM,projected - cut from 10.4% to the UM p90 cap of 9.07%
Georgia,GEO,2004,1210.0,LM,actual,UM,projected - cut from 10.4% to the UM p90 cap of 9.07%
Georgia,GEO,2005,1520.0,LM,actual,UM,projected - cut from 10.4% to the UM p90 cap of 9.07%
Georgia,GEO,2006,1910.0,LM,actual,UM,projected - cut from 10.4% to the UM p90 cap of 9.07%
Georgia,GEO,2007,2380.0,LM,actual,UM,projected - cut from 10.4% to the UM p90 cap of 9.07%
Georgia,GEO,2008,2820.0,LM,actual,UM,projected - cut from 10.4% to the UM p90 cap of 9.07%
Georgia,GEO,2009,2950.0,LM,actual,UM,projected - cut from 10.4% to the UM p90 cap of 9.07%
Georgia,GEO,2010,3220.0,LM,actual,UM,projected - cut from 10.4% to the UM p90 cap of 9.07%
Georgia,GEO,2011,3580.0,LM,actual,UM,projected - cut from 10.4% to the UM p90 cap of 9.07%
Georgia,GEO,2012,4250.0,LM,actual,UM,projected - cut from 10.4% to the UM p90 cap of 9.07%
Georgia,GEO,2013,4680.0,LM,actual,UM,projected - cut from 10.4% to the UM p90 cap of 9.07%
Georgia,GEO,2014,4850.0,LM,actual,UM,projected - cut from 10.4% to the UM p90 cap of 9.07%
Georgia,GEO,2015,4500.0,UM,actual,UM,projected - cut from 10.4% to the UM p90 cap of 9.07%
Georgia,GEO,2016,4180.0,LM,actual,UM,projected - cut from 10.4% to the UM p90 cap of 9.07%
Georgia,GEO,2017,4130.0,LM,actual,UM,projected - cut from 10.4% to the UM p90 cap of 9.07%
Georgia,GEO,2018,4580.0,UM,actual,UM,projected - cut from 10.4% to the UM p90 cap of 9.07%
Georgia,GEO,2019,4780.0,UM,actual,UM,projected - cut from 10.4% to the UM p90 cap of 9.07%
Georgia,GEO,2020,4330.0,UM,actual,UM,projected - cut from 10.4% to the UM p90 cap of 9.07%
Georgia,GEO,2021,4760.0,UM,actual,UM,projected - cut from 10.4% to the UM p90 cap of 9.07%
Georgia,GEO,2022,5690.0,UM,actual,UM,projected - cut from 10.4% to the UM p90 cap of 9.07%
Georgia,GEO,2023,6710.0,UM,actual,UM,projected - cut from 10.4% to the UM p90 cap of 9.07%
Georgia,GEO,2024,7870.0,UM,actual,UM,projected - cut from 10.4% to the UM p90 cap of 9.07%
Georgia,GEO,2025,8990.0,UM,actual,UM,projected - cut from 10.4% to the UM p90 cap of 9.07%
Georgia,GEO,2026,9805.50088,UM,projected,UM,projected - cut from 10.4% to the UM p90 cap of 9.07%
Georgia,GEO,2027,10694.977476,UM,projected,UM,projected - cut from 10.4% to the UM p90 cap of 9.07%
Georgia,GEO,2028,11665.140273,UM,projected,UM,projected - cut from 10.4% to the UM p90 cap of 9.07%
Georgia,GEO,2029,12723.308477,UM,projected,UM,projected - cut from 10.4% to the UM p90 cap of 9.07%
Georgia,GEO,2030,13877.465236,UM,projected,UM,projected - cut from 10.4% to the UM p90 cap of 9.07%
Georgia,GEO,2031,15136.317862,UM,projected,UM,projected - cut from 10.4% to the UM p90 cap of 9.07%
Georgia,GEO,2032,16509.363528,H,projected,UM,projected - cut from 10.4% to the UM p90 cap of 9.07%
Georgia,GEO,2033,18006.960912,H,projected,UM,projected - cut from 10.4% to the UM p90 cap of 9.07%
Georgia,GEO,2034,19640.408351,H,projected,UM,projected - cut from 10.4% to the UM p90 cap of 9.07%
Georgia,GEO,2035,21422.029073,H,projected,UM,projected - cut from 10.4% to the UM p90 cap of 9.07%
Georgia,GEO,2036,23365.264174,H,projected,UM,projected - cut from 10.4% to the UM p90 cap of 9.07%
Georgia,GEO,2037,25484.774018,H,projected,UM,projected - cut from 10.4% to the UM p90 cap of 9.07%
Georgia,GEO,2038,27796.548839,H,projected,UM,projected - cut from 10.4% to the UM p90 cap of 9.07%
Georgia,GEO,2039,30318.029377,H,projected,UM,projected - cut from 10.4% to the UM p90 cap of 9.07%
Georgia,GEO,2040,33068.238458,H,projected,UM,projected - cut from 10.4% to the UM p90 cap of 9.07%
Georgia,GEO,2041,36067.924505,H,projected,UM,projected - cut from 10.4% to the UM p90 cap of 9.07%
Georgia,GEO,2042,39339.718072,H,projected,UM,projected - cut from 10.4% to the UM p90 cap of 9.07%
Georgia,GEO,2043,42908.302578,H,projected,UM,projected - cut from 10.4% to the UM p90 cap of 9.07%
Georgia,GEO,2044,46800.600522,H,projected,UM,projected - cut from 10.4% to the UM p90 cap of 9.07%
Georgia,GEO,2045,51045.976596,H,projected,UM,projected - cut from 10.4% to the UM p90 cap of 9.07%
Georgia,GEO,2046,55676.459225,H,projected,UM,projected - cut from 10.4% to the UM p90 cap of 9.07%
Georgia,GEO,2047,60726.982194,H,projected,UM,projected - cut from 10.4% to the UM p90 cap of 9.07%
Georgia,GEO,2048,66235.648203,H,projected,UM,projected - cut from 10.4% to the UM p90 cap of 9.07%
Georgia,GEO,2049,72244.016323,H,projected,UM,projected - cut from 10.4% to the UM p90 cap of 9.07%
Georgia,GEO,2050,78797.415532,H,projected,UM,projected - cut from 10.4% to the UM p90 cap of 9.07%
Germany,DEU,1987,14280.0,H,actual,H,projected
Germany,DEU,1988,18670.0,H,actual,H,projected
Germany,DEU,1989,19810.0,H,actual,H,projected
Germany,DEU,1990,21360.0,H,actual,H,projected
Germany,DEU,1991,22950.0,H,actual,H,projected
Germany,DEU,1992,25890.0,H,actual,H,projected
Germany,DEU,1993,26080.0,H,actual,H,projected
Germany,DEU,1994,27630.0,H,actual,H,projected
Germany,DEU,1995,29650.0,H,actual,H,projected
Germany,DEU,1996,31020.0,H,actual,H,projected
Germany,DEU,1997,30270.0,H,actual,H,projected
Germany,DEU,1998,28070.0,H,actual,H,projected
Germany,DEU,1999,27020.0,H,actual,H,projected
Germany,DEU,2000,26380.0,H,actual,H,projected
Germany,DEU,2001,24990.0,H,actual,H,projected
Germany,DEU,2002,23920.0,H,actual,H,projected
Germany,DEU,2003,26470.0,H,actual,H,projected
Germany,DEU,2004,32080.0,H,actual,H,projected
Germany,DEU,2005,36310.0,H,actual,H,projected
Germany,DEU,2006,38890.0,H,actual,H,projected
Germany,DEU,2007,41130.0,H,actual,H,projected
Germany,DEU,2008,44360.0,H,actual,H,projected
Germany,DEU,2009,44470.0,H,actual,H,projected
Germany,DEU,2010,45530.0,H,actual,H,projected
Germany,DEU,2011,48200.0,H,actual,H,projected
Germany,DEU,2012,47480.0,H,actual,H,projected
Germany,DEU,2013,48160.0,H,actual,H,projected
Germany,DEU,2014,48610.0,H,actual,H,projected
Germany,DEU,2015,46590.0,H,actual,H,projected
Germany,DEU,2016,45340.0,H,actual,H,projected
Germany,DEU,2017,44730.0,H,actual,H,projected
Germany,DEU,2018,48770.0,H,actual,H,projected
Germany,DEU,2019,50350.0,H,actual,H,projected
Germany,DEU,2020,48540.0,H,actual,H,projected
Germany,DEU,2021,52850.0,H,actual,H,projected
Germany,DEU,2022,55200.0,H,actual,H,projected
Germany,DEU,2023,55420.0,H,actual,H,projected
Germany,DEU,2024,55090.0,H,actual,H,projected
Germany,DEU,2025,60200.0,H,actual,H,projected
Germany,DEU,2026,61295.112425,H,projected,H,projected
Germany,DEU,2027,62410.146299,H,projected,H,projected
Germany,DEU,2028,63545.464018,H,projected,H,projected
Germany,DEU,2029,64701.434569,H,projected,H,projected
Germany,DEU,2030,65878.433654,H,projected,H,projected
Germany,DEU,2031,67076.843808,H,projected,H,projected
Germany,DEU,2032,68297.054523,H,projected,H,projected
Germany,DEU,2033,69539.462381,H,projected,H,projected
Germany,DEU,2034,70804.471173,H,projected,H,projected
Germany,DEU,2035,72092.492039,H,projected,H,projected
Germany,DEU,2036,73403.943597,H,projected,H,projected
Germany,DEU,2037,74739.25208,H,projected,H,projected
Germany,DEU,2038,76098.851475,H,projected,H,projected
Germany,DEU,2039,77483.183664,H,projected,H,projected
Germany,DEU,2040,78892.698567,H,projected,H,projected
Germany,DEU,2041,80327.854289,H,projected,H,projected
Germany,DEU,2042,81789.117268,H,projected,H,projected
Germany,DEU,2043,83276.962426,H,projected,H,projected
Germany,DEU,2044,84791.873328,H,projected,H,projected
Germany,DEU,2045,86334.342332,H,projected,H,projected
Germany,DEU,2046,87904.870754,H,projected,H,projected
Germany,DEU,2047,89503.969029,H,projected,H,projected
Germany,DEU,2048,91132.156879,H,projected,H,projected
Germany,DEU,2049,92789.963479,H,projected,H,projected
Germany,DEU,2050,94477.927631,H,projected,H,projected
Ghana,GHA,1987,400.0,L,actual,LM,projected
Ghana,GHA,1988,420.0,L,actual,LM,projected
Ghana,GHA,1989,380.0,L,actual,LM,projected
Ghana,GHA,1990,380.0,L,actual,LM,projected
Ghana,GHA,1991,400.0,L,actual,LM,projected
Ghana,GHA,1992,420.0,L,actual,LM,projected
Ghana,GHA,1993,400.0,L,actual,LM,projected
Ghana,GHA,1994,370.0,L,actual,LM,projected
Ghana,GHA,1995,360.0,L,actual,LM,projected
Ghana,GHA,1996,370.0,L,actual,LM,projected
Ghana,GHA,1997,380.0,L,actual,LM,projected
Ghana,GHA,1998,380.0,L,actual,LM,projected
Ghana,GHA,1999,390.0,L,actual,LM,projected
Ghana,GHA,2000,330.0,L,actual,LM,projected
Ghana,GHA,2001,290.0,L,actual,LM,projected
Ghana,GHA,2002,270.0,L,actual,LM,projected
Ghana,GHA,2003,310.0,L,actual,LM,projected
Ghana,GHA,2004,370.0,L,actual,LM,projected
Ghana,GHA,2005,450.0,L,actual,LM,projected
Ghana,GHA,2006,570.0,L,actual,LM,projected
Ghana,GHA,2007,770.0,L,actual,LM,projected
Ghana,GHA,2008,1120.0,L,actual,LM,projected
Ghana,GHA,2009,1160.0,L,actual,LM,projected
Ghana,GHA,2010,1200.0,LM,actual,LM,projected
Ghana,GHA,2011,1350.0,LM,actual,LM,projected
Ghana,GHA,2012,1490.0,LM,actual,LM,projected
Ghana,GHA,2013,1790.0,LM,actual,LM,projected
Ghana,GHA,2014,1830.0,LM,actual,LM,projected
Ghana,GHA,2015,1880.0,LM,actual,LM,projected
Ghana,GHA,2016,1760.0,LM,actual,LM,projected
Ghana,GHA,2017,1830.0,LM,actual,LM,projected
Ghana,GHA,2018,2060.0,LM,actual,LM,projected
Ghana,GHA,2019,2170.0,LM,actual,LM,projected
Ghana,GHA,2020,2120.0,LM,actual,LM,projected
Ghana,GHA,2021,2250.0,LM,actual,LM,projected
Ghana,GHA,2022,2270.0,LM,actual,LM,projected
Ghana,GHA,2023,2310.0,LM,actual,LM,projected
Ghana,GHA,2024,2260.0,LM,actual,LM,projected
Ghana,GHA,2025,2630.0,LM,actual,LM,projected
Ghana,GHA,2026,2705.472943,LM,projected,LM,projected
Ghana,GHA,2027,2783.111727,LM,projected,LM,projected
Ghana,GHA,2028,2862.978507,LM,projected,LM,projected
Ghana,GHA,2029,2945.137219,LM,projected,LM,projected
Ghana,GHA,2030,3029.653634,LM,projected,LM,projected
Ghana,GHA,2031,3116.595412,LM,projected,LM,projected
Ghana,GHA,2032,3206.032152,LM,projected,LM,projected
Ghana,GHA,2033,3298.035453,LM,projected,LM,projected
Ghana,GHA,2034,3392.678966,LM,projected,LM,projected
Ghana,GHA,2035,3490.038458,LM,projected,LM,projected
Ghana,GHA,2036,3590.19187,LM,projected,LM,projected
Ghana,GHA,2037,3693.219377,LM,projected,LM,projected
Ghana,GHA,2038,3799.203458,LM,projected,LM,projected
Ghana,GHA,2039,3908.228958,LM,projected,LM,projected
Ghana,GHA,2040,4020.383156,LM,projected,LM,projected
Ghana,GHA,2041,4135.755835,LM,projected,LM,projected
Ghana,GHA,2042,4254.439357,LM,projected,LM,projected
Ghana,GHA,2043,4376.528732,LM,projected,LM,projected
Ghana,GHA,2044,4502.121698,LM,projected,LM,projected
Ghana,GHA,2045,4631.318798,LM,projected,LM,projected
Ghana,GHA,2046,4764.223459,LM,projected,LM,projected
Ghana,GHA,2047,4900.942076,LM,projected,LM,projected
Ghana,GHA,2048,5041.584099,LM,projected,LM,projected
Ghana,GHA,2049,5186.262117,LM,projected,LM,projected
Ghana,GHA,2050,5335.09195,LM,projected,LM,projected
Gibraltar,GIB,1987,,UM,actual,H,frozen - only 0 of 10 annual rates
Gibraltar,GIB,1988,,UM,actual,H,frozen - only 0 of 10 annual rates
Gibraltar,GIB,1989,,UM,actual,H,frozen - only 0 of 10 annual rates
Gibraltar,GIB,1990,,UM,actual,H,frozen - only 0 of 10 annual rates
Gibraltar,GIB,1991,,UM,actual,H,frozen - only 0 of 10 annual rates
Gibraltar,GIB,1992,,UM,actual,H,frozen - only 0 of 10 annual rates
Gibraltar,GIB,1993,,UM,actual,H,frozen - only 0 of 10 annual rates
Gibraltar,GIB,2009,,H,actual,H,frozen - only 0 of 10 annual rates
Gibraltar,GIB,2010,,H,actual,H,frozen - only 0 of 10 annual rates
Gibraltar,GIB,2015,,H,actual,H,frozen - only 0 of 10 annual rates
Gibraltar,GIB,2016,,H,actual,H,frozen - only 0 of 10 annual rates
Gibraltar,GIB,2017,,H,actual,H,frozen - only 0 of 10 annual rates
Gibraltar,GIB,2018,,H,actual,H,frozen - only 0 of 10 annual rates
Gibraltar,GIB,2019,,H,actual,H,frozen - only 0 of 10 annual rates
Gibraltar,GIB,2020,,H,actual,H,frozen - only 0 of 10 annual rates
Gibraltar,GIB,2021,,H,actual,H,frozen - only 0 of 10 annual rates
Gibraltar,GIB,2022,,H,actual,H,frozen - only 0 of 10 annual rates
Gibraltar,GIB,2023,,H,actual,H,frozen - only 0 of 10 annual rates
Gibraltar,GIB,2024,,H,actual,H,frozen - only 0 of 10 annual rates
Gibraltar,GIB,2025,,H,actual,H,frozen - only 0 of 10 annual rates
Gibraltar,GIB,2026,,H,projected,H,frozen - only 0 of 10 annual rates
Gibraltar,GIB,2027,,H,projected,H,frozen - only 0 of 10 annual rates
Gibraltar,GIB,2028,,H,projected,H,frozen - only 0 of 10 annual rates
Gibraltar,GIB,2029,,H,projected,H,frozen - only 0 of 10 annual rates
Gibraltar,GIB,2030,,H,projected,H,frozen - only 0 of 10 annual rates
Gibraltar,GIB,2031,,H,projected,H,frozen - only 0 of 10 annual rates
Gibraltar,GIB,2032,,H,projected,H,frozen - only 0 of 10 annual rates
Gibraltar,GIB,2033,,H,projected,H,frozen - only 0 of 10 annual rates
Gibraltar,GIB,2034,,H,projected,H,frozen - only 0 of 10 annual rates
Gibraltar,GIB,2035,,H,projected,H,frozen - only 0 of 10 annual rates
Gibraltar,GIB,2036,,H,projected,H,frozen - only 0 of 10 annual rates
Gibraltar,GIB,2037,,H,projected,H,frozen - only 0 of 10 annual rates
Gibraltar,GIB,2038,,H,projected,H,frozen - only 0 of 10 annual rates
Gibraltar,GIB,2039,,H,projected,H,frozen - only 0 of 10 annual rates
Gibraltar,GIB,2040,,H,projected,H,frozen - only 0 of 10 annual rates
Gibraltar,GIB,2041,,H,projected,H,frozen - only 0 of 10 annual rates
Gibraltar,GIB,2042,,H,projected,H,frozen - only 0 of 10 annual rates
Gibraltar,GIB,2043,,H,projected,H,frozen - only 0 of 10 annual rates
Gibraltar,GIB,2044,,H,projected,H,frozen - only 0 of 10 annual rates
Gibraltar,GIB,2045,,H,projected,H,frozen - only 0 of 10 annual rates
Gibraltar,GIB,2046,,H,projected,H,frozen - only 0 of 10 annual rates
Gibraltar,GIB,2047,,H,projected,H,frozen - only 0 of 10 annual rates
Gibraltar,GIB,2048,,H,projected,H,frozen - only 0 of 10 annual rates
Gibraltar,GIB,2049,,H,projected,H,frozen - only 0 of 10 annual rates
Gibraltar,GIB,2050,,H,projected,H,frozen - only 0 of 10 annual rates
Greece,GRC,1987,6020.0,UM,actual,H,projected
Greece,GRC,1988,7450.0,UM,actual,H,projected
Greece,GRC,1989,8150.0,UM,actual,H,projected
Greece,GRC,1990,8810.0,UM,actual,H,projected
Greece,GRC,1991,9670.0,UM,actual,H,projected
Greece,GRC,1992,11000.0,UM,actual,H,projected
Greece,GRC,1993,10940.0,UM,actual,H,projected
Greece,GRC,1994,11390.0,UM,actual,H,projected
Greece,GRC,1995,12180.0,UM,actual,H,projected
Greece,GRC,1996,13130.0,H,actual,H,projected
Greece,GRC,1997,13810.0,H,actual,H,projected
Greece,GRC,1998,13540.0,H,actual,H,projected
Greece,GRC,1999,13140.0,H,actual,H,projected
Greece,GRC,2000,13100.0,H,actual,H,projected
Greece,GRC,2001,12840.0,H,actual,H,projected
Greece,GRC,2002,12980.0,H,actual,H,projected
Greece,GRC,2003,15460.0,H,actual,H,projected
Greece,GRC,2004,19280.0,H,actual,H,projected
Greece,GRC,2005,22430.0,H,actual,H,projected
Greece,GRC,2006,24160.0,H,actual,H,projected
Greece,GRC,2007,25960.0,H,actual,H,projected
Greece,GRC,2008,28330.0,H,actual,H,projected
Greece,GRC,2009,29030.0,H,actual,H,projected
Greece,GRC,2010,27320.0,H,actual,H,projected
Greece,GRC,2011,24470.0,H,actual,H,projected
Greece,GRC,2012,22750.0,H,actual,H,projected
Greece,GRC,2013,22030.0,H,actual,H,projected
Greece,GRC,2014,21670.0,H,actual,H,projected
Greece,GRC,2015,19920.0,H,actual,H,projected
Greece,GRC,2016,18500.0,H,actual,H,projected
Greece,GRC,2017,17890.0,H,actual,H,projected
Greece,GRC,2018,19060.0,H,actual,H,projected
Greece,GRC,2019,19770.0,H,actual,H,projected
Greece,GRC,2020,18030.0,H,actual,H,projected
Greece,GRC,2021,20350.0,H,actual,H,projected
Greece,GRC,2022,21980.0,H,actual,H,projected
Greece,GRC,2023,22300.0,H,actual,H,projected
Greece,GRC,2024,22730.0,H,actual,H,projected
Greece,GRC,2025,25360.0,H,actual,H,projected
Greece,GRC,2026,26076.842221,H,projected,H,projected
Greece,GRC,2027,26813.94717,H,projected,H,projected
Greece,GRC,2028,27571.887605,H,projected,H,projected
Greece,GRC,2029,28351.252477,H,projected,H,projected
Greece,GRC,2030,29152.647383,H,projected,H,projected
Greece,GRC,2031,29976.695037,H,projected,H,projected
Greece,GRC,2032,30824.035756,H,projected,H,projected
Greece,GRC,2033,31695.327959,H,projected,H,projected
Greece,GRC,2034,32591.248672,H,projected,H,projected
Greece,GRC,2035,33512.494062,H,projected,H,projected
Greece,GRC,2036,34459.779973,H,projected,H,projected
Greece,GRC,2037,35433.842481,H,projected,H,projected
Greece,GRC,2038,36435.438473,H,projected,H,projected
Greece,GRC,2039,37465.346227,H,projected,H,projected
Greece,GRC,2040,38524.366022,H,projected,H,projected
Greece,GRC,2041,39613.320758,H,projected,H,projected
Greece,GRC,2042,40733.056596,H,projected,H,projected
Greece,GRC,2043,41884.443613,H,projected,H,projected
Greece,GRC,2044,43068.376484,H,projected,H,projected
Greece,GRC,2045,44285.775169,H,projected,H,projected
Greece,GRC,2046,45537.585636,H,projected,H,projected
Greece,GRC,2047,46824.78059,H,projected,H,projected
Greece,GRC,2048,48148.360232,H,projected,H,projected
Greece,GRC,2049,49509.353035,H,projected,H,projected
Greece,GRC,2050,50908.816545,H,projected,H,projected
Greenland,GRL,1987,11470.0,H,actual,H,frozen - only 0 of 10 annual rates
Greenland,GRL,1988,15170.0,H,actual,H,frozen - only 0 of 10 annual rates
Greenland,GRL,1989,16970.0,H,actual,H,frozen - only 0 of 10 annual rates
Greenland,GRL,1990,15690.0,H,actual,H,frozen - only 0 of 10 annual rates
Greenland,GRL,1991,16510.0,H,actual,H,frozen - only 0 of 10 annual rates
Greenland,GRL,1992,17440.0,H,actual,H,frozen - only 0 of 10 annual rates
Greenland,GRL,1993,16600.0,H,actual,H,frozen - only 0 of 10 annual rates
Greenland,GRL,1994,17830.0,H,actual,H,frozen - only 0 of 10 annual rates
Greenland,GRL,1995,19470.0,H,actual,H,frozen - only 0 of 10 annual rates
Greenland,GRL,1996,20780.0,H,actual,H,frozen - only 0 of 10 annual rates
Greenland,GRL,1997,20540.0,H,actual,H,frozen - only 0 of 10 annual rates
Greenland,GRL,1998,20440.0,H,actual,H,frozen - only 0 of 10 annual rates
Greenland,GRL,1999,19740.0,H,actual,H,frozen - only 0 of 10 annual rates
Greenland,GRL,2000,20290.0,H,actual,H,frozen - only 0 of 10 annual rates
Greenland,GRL,2001,19380.0,H,actual,H,frozen - only 0 of 10 annual rates
Greenland,GRL,2002,18760.0,H,actual,H,frozen - only 0 of 10 annual rates
Greenland,GRL,2003,20440.0,H,actual,H,frozen - only 0 of 10 annual rates
Greenland,GRL,2004,25740.0,H,actual,H,frozen - only 0 of 10 annual rates
Greenland,GRL,2005,30920.0,H,actual,H,frozen - only 0 of 10 annual rates
Greenland,GRL,2006,30240.0,H,actual,H,frozen - only 0 of 10 annual rates
Greenland,GRL,2007,34800.0,H,actual,H,frozen - only 0 of 10 annual rates
Greenland,GRL,2008,,H,actual,H,frozen - only 0 of 10 annual rates
Greenland,GRL,2009,,H,actual,H,frozen - only 0 of 10 annual rates
Greenland,GRL,2010,,H,actual,H,frozen - only 0 of 10 annual rates
Greenland,GRL,2011,,H,actual,H,frozen - only 0 of 10 annual rates
Greenland,GRL,2012,,H,actual,H,frozen - only 0 of 10 annual rates
Greenland,GRL,2013,,H,actual,H,frozen - only 0 of 10 annual rates
Greenland,GRL,2014,,H,actual,H,frozen - only 0 of 10 annual rates
Greenland,GRL,2015,,H,actual,H,frozen - only 0 of 10 annual rates
Greenland,GRL,2016,,H,actual,H,frozen - only 0 of 10 annual rates
Greenland,GRL,2017,,H,actual,H,frozen - only 0 of 10 annual rates
Greenland,GRL,2018,,H,actual,H,frozen - only 0 of 10 annual rates
Greenland,GRL,2019,,H,actual,H,frozen - only 0 of 10 annual rates
Greenland,GRL,2020,,H,actual,H,frozen - only 0 of 10 annual rates
Greenland,GRL,2021,,H,actual,H,frozen - only 0 of 10 annual rates
Greenland,GRL,2022,,H,actual,H,frozen - only 0 of 10 annual rates
Greenland,GRL,2023,,H,actual,H,frozen - only 0 of 10 annual rates
Greenland,GRL,2024,,H,actual,H,frozen - only 0 of 10 annual rates
Greenland,GRL,2025,,H,actual,H,frozen - only 0 of 10 annual rates
Greenland,GRL,2026,,H,projected,H,frozen - only 0 of 10 annual rates
Greenland,GRL,2027,,H,projected,H,frozen - only 0 of 10 annual rates
Greenland,GRL,2028,,H,projected,H,frozen - only 0 of 10 annual rates
Greenland,GRL,2029,,H,projected,H,frozen - only 0 of 10 annual rates
Greenland,GRL,2030,,H,projected,H,frozen - only 0 of 10 annual rates
Greenland,GRL,2031,,H,projected,H,frozen - only 0 of 10 annual rates
Greenland,GRL,2032,,H,projected,H,frozen - only 0 of 10 annual rates
Greenland,GRL,2033,,H,projected,H,frozen - only 0 of 10 annual rates
Greenland,GRL,2034,,H,projected,H,frozen - only 0 of 10 annual rates
Greenland,GRL,2035,,H,projected,H,frozen - only 0 of 10 annual rates
Greenland,GRL,2036,,H,projected,H,frozen - only 0 of 10 annual rates
Greenland,GRL,2037,,H,projected,H,frozen - only 0 of 10 annual rates
Greenland,GRL,2038,,H,projected,H,frozen - only 0 of 10 annual rates
Greenland,GRL,2039,,H,projected,H,frozen - only 0 of 10 annual rates
Greenland,GRL,2040,,H,projected,H,frozen - only 0 of 10 annual rates
Greenland,GRL,2041,,H,projected,H,frozen - only 0 of 10 annual rates
Greenland,GRL,2042,,H,projected,H,frozen - only 0 of 10 annual rates
Greenland,GRL,2043,,H,projected,H,frozen - only 0 of 10 annual rates
Greenland,GRL,2044,,H,projected,H,frozen - only 0 of 10 annual rates
Greenland,GRL,2045,,H,projected,H,frozen - only 0 of 10 annual rates
Greenland,GRL,2046,,H,projected,H,frozen - only 0 of 10 annual rates
Greenland,GRL,2047,,H,projected,H,frozen - only 0 of 10 annual rates
Greenland,GRL,2048,,H,projected,H,frozen - only 0 of 10 annual rates
Greenland,GRL,2049,,H,projected,H,frozen - only 0 of 10 annual rates
Greenland,GRL,2050,,H,projected,H,frozen - only 0 of 10 annual rates
Grenada,GRD,1987,2240.0,LM,actual,UM,projected
Grenada,GRD,1988,2490.0,LM,actual,UM,projected
Grenada,GRD,1989,2620.0,LM,actual,UM,projected
Grenada,GRD,1990,2730.0,LM,actual,UM,projected
Grenada,GRD,1991,2910.0,LM,actual,UM,projected
Grenada,GRD,1992,3010.0,LM,actual,UM,projected
Grenada,GRD,1993,2990.0,LM,actual,UM,projected
Grenada,GRD,1994,3100.0,LM,actual,UM,projected
Grenada,GRD,1995,3200.0,LM,actual,UM,projected
Grenada,GRD,1996,3380.0,LM,actual,UM,projected
Grenada,GRD,1997,3530.0,UM,actual,UM,projected
Grenada,GRD,1998,3840.0,UM,actual,UM,projected
Grenada,GRD,1999,4140.0,UM,actual,UM,projected
Grenada,GRD,2000,4410.0,UM,actual,UM,projected
Grenada,GRD,2001,4310.0,UM,actual,UM,projected
Grenada,GRD,2002,4450.0,UM,actual,UM,projected
Grenada,GRD,2003,5050.0,UM,actual,UM,projected
Grenada,GRD,2004,5110.0,UM,actual,UM,projected
Grenada,GRD,2005,6340.0,UM,actual,UM,projected
Grenada,GRD,2006,6120.0,UM,actual,UM,projected
Grenada,GRD,2007,6500.0,UM,actual,UM,projected
Grenada,GRD,2008,6910.0,UM,actual,UM,projected
Grenada,GRD,2009,6390.0,UM,actual,UM,projected
Grenada,GRD,2010,6610.0,UM,actual,UM,projected
Grenada,GRD,2011,6730.0,UM,actual,UM,projected
Grenada,GRD,2012,6700.0,UM,actual,UM,projected
Grenada,GRD,2013,7040.0,UM,actual,UM,projected
Grenada,GRD,2014,7170.0,UM,actual,UM,projected
Grenada,GRD,2015,7410.0,UM,actual,UM,projected
Grenada,GRD,2016,8000.0,UM,actual,UM,projected
Grenada,GRD,2017,8400.0,UM,actual,UM,projected
Grenada,GRD,2018,9220.0,UM,actual,UM,projected
Grenada,GRD,2019,9400.0,UM,actual,UM,projected
Grenada,GRD,2020,8390.0,UM,actual,UM,projected
Grenada,GRD,2021,8890.0,UM,actual,UM,projected
Grenada,GRD,2022,9980.0,UM,actual,UM,projected
Grenada,GRD,2023,10100.0,UM,actual,UM,projected
Grenada,GRD,2024,10790.0,UM,actual,UM,projected
Grenada,GRD,2025,11660.0,UM,actual,UM,projected
Grenada,GRD,2026,12405.724554,UM,projected,UM,projected
Grenada,GRD,2027,13199.142514,UM,projected,UM,projected
Grenada,GRD,2028,14043.304149,UM,projected,UM,projected
Grenada,GRD,2029,14941.454812,UM,projected,UM,projected
Grenada,GRD,2030,15897.047413,H,projected,UM,projected
Grenada,GRD,2031,16913.755698,H,projected,UM,projected
Grenada,GRD,2032,17995.488367,H,projected,UM,projected
Grenada,GRD,2033,19146.404108,H,projected,UM,projected
Grenada,GRD,2034,20370.927579,H,projected,UM,projected
Grenada,GRD,2035,21673.76642,H,projected,UM,projected
Grenada,GRD,2036,23059.929353,H,projected,UM,projected
Grenada,GRD,2037,24534.745437,H,projected,UM,projected
Grenada,GRD,2038,26103.884554,H,projected,UM,projected
Grenada,GRD,2039,27773.379209,H,projected,UM,projected
Grenada,GRD,2040,29549.647719,H,projected,UM,projected
Grenada,GRD,2041,31439.518892,H,projected,UM,projected
Grenada,GRD,2042,33450.258275,H,projected,UM,projected
Grenada,GRD,2043,35589.596092,H,projected,UM,projected
Grenada,GRD,2044,37865.756956,H,projected,UM,projected
Grenada,GRD,2045,40287.491495,H,projected,UM,projected
Grenada,GRD,2046,42864.109989,H,projected,UM,projected
Grenada,GRD,2047,45605.518163,H,projected,UM,projected
Grenada,GRD,2048,48522.255273,H,projected,UM,projected
Grenada,GRD,2049,51625.53462,H,projected,UM,projected
Grenada,GRD,2050,54927.28666,H,projected,UM,projected
Guam,GUM,1987,,H,actual,H,frozen - only 0 of 10 annual rates
Guam,GUM,1988,,H,actual,H,frozen - only 0 of 10 annual rates
Guam,GUM,1989,,H,actual,H,frozen - only 0 of 10 annual rates
Guam,GUM,1990,,UM,actual,H,frozen - only 0 of 10 annual rates
Guam,GUM,1991,,UM,actual,H,frozen - only 0 of 10 annual rates
Guam,GUM,1992,,UM,actual,H,frozen - only 0 of 10 annual rates
Guam,GUM,1993,,UM,actual,H,frozen - only 0 of 10 annual rates
Guam,GUM,1994,,UM,actual,H,frozen - only 0 of 10 annual rates
Guam,GUM,1995,,H,actual,H,frozen - only 0 of 10 annual rates
Guam,GUM,1996,,H,actual,H,frozen - only 0 of 10 annual rates
Guam,GUM,1997,,H,actual,H,frozen - only 0 of 10 annual rates
Guam,GUM,1998,,H,actual,H,frozen - only 0 of 10 annual rates
Guam,GUM,1999,,H,actual,H,frozen - only 0 of 10 annual rates
Guam,GUM,2000,,H,actual,H,frozen - only 0 of 10 annual rates
Guam,GUM,2001,,H,actual,H,frozen - only 0 of 10 annual rates
Guam,GUM,2002,,H,actual,H,frozen - only 0 of 10 annual rates
Guam,GUM,2003,,H,actual,H,frozen - only 0 of 10 annual rates
Guam,GUM,2004,,H,actual,H,frozen - only 0 of 10 annual rates
Guam,GUM,2005,,H,actual,H,frozen - only 0 of 10 annual rates
Guam,GUM,2006,,H,actual,H,frozen - only 0 of 10 annual rates
Guam,GUM,2007,,H,actual,H,frozen - only 0 of 10 annual rates
Guam,GUM,2008,,H,actual,H,frozen - only 0 of 10 annual rates
Guam,GUM,2009,,H,actual,H,frozen - only 0 of 10 annual rates
Guam,GUM,2010,,H,actual,H,frozen - only 0 of 10 annual rates
Guam,GUM,2011,,H,actual,H,frozen - only 0 of 10 annual rates
Guam,GUM,2012,,H,actual,H,frozen - only 0 of 10 annual rates
Guam,GUM,2013,,H,actual,H,frozen - only 0 of 10 annual rates
Guam,GUM,2014,,H,actual,H,frozen - only 0 of 10 annual rates
Guam,GUM,2015,,H,actual,H,frozen - only 0 of 10 annual rates
Guam,GUM,2016,,H,actual,H,frozen - only 0 of 10 annual rates
Guam,GUM,2017,,H,actual,H,frozen - only 0 of 10 annual rates
Guam,GUM,2018,,H,actual,H,frozen - only 0 of 10 annual rates
Guam,GUM,2019,,H,actual,H,frozen - only 0 of 10 annual rates
Guam,GUM,2020,,H,actual,H,frozen - only 0 of 10 annual rates
Guam,GUM,2021,,H,actual,H,frozen - only 0 of 10 annual rates
Guam,GUM,2022,,H,actual,H,frozen - only 0 of 10 annual rates
Guam,GUM,2023,,H,actual,H,frozen - only 0 of 10 annual rates
Guam,GUM,2024,,H,actual,H,frozen - only 0 of 10 annual rates
Guam,GUM,2025,,H,actual,H,frozen - only 0 of 10 annual rates
Guam,GUM,2026,,H,projected,H,frozen - only 0 of 10 annual rates
Guam,GUM,2027,,H,projected,H,frozen - only 0 of 10 annual rates
Guam,GUM,2028,,H,projected,H,frozen - only 0 of 10 annual rates
Guam,GUM,2029,,H,projected,H,frozen - only 0 of 10 annual rates
Guam,GUM,2030,,H,projected,H,frozen - only 0 of 10 annual rates
Guam,GUM,2031,,H,projected,H,frozen - only 0 of 10 annual rates
Guam,GUM,2032,,H,projected,H,frozen - only 0 of 10 annual rates
Guam,GUM,2033,,H,projected,H,frozen - only 0 of 10 annual rates
Guam,GUM,2034,,H,projected,H,frozen - only 0 of 10 annual rates
Guam,GUM,2035,,H,projected,H,frozen - only 0 of 10 annual rates
Guam,GUM,2036,,H,projected,H,frozen - only 0 of 10 annual rates
Guam,GUM,2037,,H,projected,H,frozen - only 0 of 10 annual rates
Guam,GUM,2038,,H,projected,H,frozen - only 0 of 10 annual rates
Guam,GUM,2039,,H,projected,H,frozen - only 0 of 10 annual rates
Guam,GUM,2040,,H,projected,H,frozen - only 0 of 10 annual rates
Guam,GUM,2041,,H,projected,H,frozen - only 0 of 10 annual rates
Guam,GUM,2042,,H,projected,H,frozen - only 0 of 10 annual rates
Guam,GUM,2043,,H,projected,H,frozen - only 0 of 10 annual rates
Guam,GUM,2044,,H,projected,H,frozen - only 0 of 10 annual rates
Guam,GUM,2045,,H,projected,H,frozen - only 0 of 10 annual rates
Guam,GUM,2046,,H,projected,H,frozen - only 0 of 10 annual rates
Guam,GUM,2047,,H,projected,H,frozen - only 0 of 10 annual rates
Guam,GUM,2048,,H,projected,H,frozen - only 0 of 10 annual rates
Guam,GUM,2049,,H,projected,H,frozen - only 0 of 10 annual rates
Guam,GUM,2050,,H,projected,H,frozen - only 0 of 10 annual rates
Guatemala,GTM,1987,1020.0,LM,actual,UM,projected
Guatemala,GTM,1988,990.0,LM,actual,UM,projected
Guatemala,GTM,1989,980.0,LM,actual,UM,projected
Guatemala,GTM,1990,930.0,LM,actual,UM,projected
Guatemala,GTM,1991,970.0,LM,actual,UM,projected
Guatemala,GTM,1992,1030.0,LM,actual,UM,projected
Guatemala,GTM,1993,1140.0,LM,actual,UM,projected
Guatemala,GTM,1994,1230.0,LM,actual,UM,projected
Guatemala,GTM,1995,1350.0,LM,actual,UM,projected
Guatemala,GTM,1996,1430.0,LM,actual,UM,projected
Guatemala,GTM,1997,1520.0,LM,actual,UM,projected
Guatemala,GTM,1998,1600.0,LM,actual,UM,projected
Guatemala,GTM,1999,1640.0,LM,actual,UM,projected
Guatemala,GTM,2000,1660.0,LM,actual,UM,projected
Guatemala,GTM,2001,1590.0,LM,actual,UM,projected
Guatemala,GTM,2002,1590.0,LM,actual,UM,projected
Guatemala,GTM,2003,1660.0,LM,actual,UM,projected
Guatemala,GTM,2004,1830.0,LM,actual,UM,projected
Guatemala,GTM,2005,1980.0,LM,actual,UM,projected
Guatemala,GTM,2006,2130.0,LM,actual,UM,projected
Guatemala,GTM,2007,2340.0,LM,actual,UM,projected
Guatemala,GTM,2008,2570.0,LM,actual,UM,projected
Guatemala,GTM,2009,2610.0,LM,actual,UM,projected
Guatemala,GTM,2010,2690.0,LM,actual,UM,projected
Guatemala,GTM,2011,2850.0,LM,actual,UM,projected
Guatemala,GTM,2012,3090.0,LM,actual,UM,projected
Guatemala,GTM,2013,3300.0,LM,actual,UM,projected
Guatemala,GTM,2014,3460.0,LM,actual,UM,projected
Guatemala,GTM,2015,3610.0,LM,actual,UM,projected
Guatemala,GTM,2016,3760.0,LM,actual,UM,projected
Guatemala,GTM,2017,3980.0,UM,actual,UM,projected
Guatemala,GTM,2018,4270.0,UM,actual,UM,projected
Guatemala,GTM,2019,4490.0,UM,actual,UM,projected
Guatemala,GTM,2020,4360.0,UM,actual,UM,projected
Guatemala,GTM,2021,4800.0,UM,actual,UM,projected
Guatemala,GTM,2022,5220.0,UM,actual,UM,projected
Guatemala,GTM,2023,5470.0,UM,actual,UM,projected
Guatemala,GTM,2024,5780.0,UM,actual,UM,projected
Guatemala,GTM,2025,6360.0,UM,actual,UM,projected
Guatemala,GTM,2026,6726.283208,UM,projected,UM,projected
Guatemala,GTM,2027,7113.661289,UM,projected,UM,projected
Guatemala,GTM,2028,7523.349131,UM,projected,UM,projected
Guatemala,GTM,2029,7956.631593,UM,projected,UM,projected
Guatemala,GTM,2030,8414.867528,UM,projected,UM,projected
Guatemala,GTM,2031,8899.494049,UM,projected,UM,projected
Guatemala,GTM,2032,9412.031036,UM,projected,UM,projected
Guatemala,GTM,2033,9954.085898,UM,projected,UM,projected
Guatemala,GTM,2034,10527.358621,UM,projected,UM,projected
Guatemala,GTM,2035,11133.647094,UM,projected,UM,projected
Guatemala,GTM,2036,11774.85275,UM,projected,UM,projected
Guatemala,GTM,2037,12452.986531,UM,projected,UM,projected
Guatemala,GTM,2038,13170.175188,UM,projected,UM,projected
Guatemala,GTM,2039,13928.667958,UM,projected,UM,projected
Guatemala,GTM,2040,14730.843616,UM,projected,UM,projected
Guatemala,GTM,2041,15579.217934,UM,projected,UM,projected
Guatemala,GTM,2042,16476.45157,UM,projected,UM,projected
Guatemala,GTM,2043,17425.358416,UM,projected,UM,projected
Guatemala,GTM,2044,18428.91442,H,projected,UM,projected
Guatemala,GTM,2045,19490.26692,H,projected,UM,projected
Guatemala,GTM,2046,20612.744513,H,projected,UM,projected
Guatemala,GTM,2047,21799.867499,H,projected,UM,projected
Guatemala,GTM,2048,23055.358915,H,projected,UM,projected
Guatemala,GTM,2049,24383.156216,H,projected,UM,projected
Guatemala,GTM,2050,25787.423619,H,projected,UM,projected
Guinea,GIN,1987,730.0,L,actual,LM,projected - cut from 7.5% to the LM p90 cap of 7.47%
Guinea,GIN,1988,590.0,L,actual,LM,projected - cut from 7.5% to the LM p90 cap of 7.47%
Guinea,GIN,1989,580.0,L,actual,LM,projected - cut from 7.5% to the LM p90 cap of 7.47%
Guinea,GIN,1990,600.0,L,actual,LM,projected - cut from 7.5% to the LM p90 cap of 7.47%
Guinea,GIN,1991,610.0,L,actual,LM,projected - cut from 7.5% to the LM p90 cap of 7.47%
Guinea,GIN,1992,660.0,L,actual,LM,projected - cut from 7.5% to the LM p90 cap of 7.47%
Guinea,GIN,1993,700.0,L,actual,LM,projected - cut from 7.5% to the LM p90 cap of 7.47%
Guinea,GIN,1994,700.0,L,actual,LM,projected - cut from 7.5% to the LM p90 cap of 7.47%
Guinea,GIN,1995,710.0,L,actual,LM,projected - cut from 7.5% to the LM p90 cap of 7.47%
Guinea,GIN,1996,730.0,L,actual,LM,projected - cut from 7.5% to the LM p90 cap of 7.47%
Guinea,GIN,1997,720.0,L,actual,LM,projected - cut from 7.5% to the LM p90 cap of 7.47%
Guinea,GIN,1998,670.0,L,actual,LM,projected - cut from 7.5% to the LM p90 cap of 7.47%
Guinea,GIN,1999,640.0,L,actual,LM,projected - cut from 7.5% to the LM p90 cap of 7.47%
Guinea,GIN,2000,580.0,L,actual,LM,projected - cut from 7.5% to the LM p90 cap of 7.47%
Guinea,GIN,2001,530.0,L,actual,LM,projected - cut from 7.5% to the LM p90 cap of 7.47%
Guinea,GIN,2002,500.0,L,actual,LM,projected - cut from 7.5% to the LM p90 cap of 7.47%
Guinea,GIN,2003,500.0,L,actual,LM,projected - cut from 7.5% to the LM p90 cap of 7.47%
Guinea,GIN,2004,550.0,L,actual,LM,projected - cut from 7.5% to the LM p90 cap of 7.47%
Guinea,GIN,2005,530.0,L,actual,LM,projected - cut from 7.5% to the LM p90 cap of 7.47%
Guinea,GIN,2006,500.0,L,actual,LM,projected - cut from 7.5% to the LM p90 cap of 7.47%
Guinea,GIN,2007,530.0,L,actual,LM,projected - cut from 7.5% to the LM p90 cap of 7.47%
Guinea,GIN,2008,610.0,L,actual,LM,projected - cut from 7.5% to the LM p90 cap of 7.47%
Guinea,GIN,2009,660.0,L,actual,LM,projected - cut from 7.5% to the LM p90 cap of 7.47%
Guinea,GIN,2010,680.0,L,actual,LM,projected - cut from 7.5% to the LM p90 cap of 7.47%
Guinea,GIN,2011,670.0,L,actual,LM,projected - cut from 7.5% to the LM p90 cap of 7.47%
Guinea,GIN,2012,680.0,L,actual,LM,projected - cut from 7.5% to the LM p90 cap of 7.47%
Guinea,GIN,2013,680.0,L,actual,LM,projected - cut from 7.5% to the LM p90 cap of 7.47%
Guinea,GIN,2014,730.0,L,actual,LM,projected - cut from 7.5% to the LM p90 cap of 7.47%
Guinea,GIN,2015,740.0,L,actual,LM,projected - cut from 7.5% to the LM p90 cap of 7.47%
Guinea,GIN,2016,760.0,L,actual,LM,projected - cut from 7.5% to the LM p90 cap of 7.47%
Guinea,GIN,2017,800.0,L,actual,LM,projected - cut from 7.5% to the LM p90 cap of 7.47%
Guinea,GIN,2018,860.0,L,actual,LM,projected - cut from 7.5% to the LM p90 cap of 7.47%
Guinea,GIN,2019,970.0,L,actual,LM,projected - cut from 7.5% to the LM p90 cap of 7.47%
Guinea,GIN,2020,1030.0,L,actual,LM,projected - cut from 7.5% to the LM p90 cap of 7.47%
Guinea,GIN,2021,1120.0,L,actual,LM,projected - cut from 7.5% to the LM p90 cap of 7.47%
Guinea,GIN,2022,1280.0,LM,actual,LM,projected - cut from 7.5% to the LM p90 cap of 7.47%
Guinea,GIN,2023,1340.0,LM,actual,LM,projected - cut from 7.5% to the LM p90 cap of 7.47%
Guinea,GIN,2024,1440.0,LM,actual,LM,projected - cut from 7.5% to the LM p90 cap of 7.47%
Guinea,GIN,2025,1730.0,LM,actual,LM,projected - cut from 7.5% to the LM p90 cap of 7.47%
Guinea,GIN,2026,1859.19813,LM,projected,LM,projected - cut from 7.5% to the LM p90 cap of 7.47%
Guinea,GIN,2027,1998.044906,LM,projected,LM,projected - cut from 7.5% to the LM p90 cap of 7.47%
Guinea,GIN,2028,2147.260897,LM,projected,LM,projected - cut from 7.5% to the LM p90 cap of 7.47%
Guinea,GIN,2029,2307.620488,LM,projected,LM,projected - cut from 7.5% to the LM p90 cap of 7.47%
Guinea,GIN,2030,2479.955894,LM,projected,LM,projected - cut from 7.5% to the LM p90 cap of 7.47%
Guinea,GIN,2031,2665.16148,LM,projected,LM,projected - cut from 7.5% to the LM p90 cap of 7.47%
Guinea,GIN,2032,2864.198404,LM,projected,LM,projected - cut from 7.5% to the LM p90 cap of 7.47%
Guinea,GIN,2033,3078.099606,LM,projected,LM,projected - cut from 7.5% to the LM p90 cap of 7.47%
Guinea,GIN,2034,3307.975162,LM,projected,LM,projected - cut from 7.5% to the LM p90 cap of 7.47%
Guinea,GIN,2035,3555.018055,LM,projected,LM,projected - cut from 7.5% to the LM p90 cap of 7.47%
Guinea,GIN,2036,3820.510359,LM,projected,LM,projected - cut from 7.5% to the LM p90 cap of 7.47%
Guinea,GIN,2037,4105.829893,LM,projected,LM,projected - cut from 7.5% to the LM p90 cap of 7.47%
Guinea,GIN,2038,4412.457375,LM,projected,LM,projected - cut from 7.5% to the LM p90 cap of 7.47%
Guinea,GIN,2039,4741.984104,LM,projected,LM,projected - cut from 7.5% to the LM p90 cap of 7.47%
Guinea,GIN,2040,5096.120219,LM,projected,LM,projected - cut from 7.5% to the LM p90 cap of 7.47%
Guinea,GIN,2041,5476.703573,LM,projected,LM,projected - cut from 7.5% to the LM p90 cap of 7.47%
Guinea,GIN,2042,5885.709273,UM,projected,LM,projected - cut from 7.5% to the LM p90 cap of 7.47%
Guinea,GIN,2043,6325.259927,UM,projected,LM,projected - cut from 7.5% to the LM p90 cap of 7.47%
Guinea,GIN,2044,6797.636663,UM,projected,LM,projected - cut from 7.5% to the LM p90 cap of 7.47%
Guinea,GIN,2045,7305.290967,UM,projected,LM,projected - cut from 7.5% to the LM p90 cap of 7.47%
Guinea,GIN,2046,7850.857402,UM,projected,LM,projected - cut from 7.5% to the LM p90 cap of 7.47%
Guinea,GIN,2047,8437.167283,UM,projected,LM,projected - cut from 7.5% to the LM p90 cap of 7.47%
Guinea,GIN,2048,9067.263373,UM,projected,LM,projected - cut from 7.5% to the LM p90 cap of 7.47%
Guinea,GIN,2049,9744.415669,UM,projected,LM,projected - cut from 7.5% to the LM p90 cap of 7.47%
Guinea,GIN,2050,10472.138376,UM,projected,LM,projected - cut from 7.5% to the LM p90 cap of 7.47%
Guinea-Bissau,GNB,1987,450.0,L,actual,L,projected
Guinea-Bissau,GNB,1988,480.0,L,actual,L,projected
Guinea-Bissau,GNB,1989,540.0,L,actual,L,projected
Guinea-Bissau,GNB,1990,590.0,L,actual,L,projected
Guinea-Bissau,GNB,1991,650.0,L,actual,L,projected
Guinea-Bissau,GNB,1992,630.0,L,actual,L,projected
Guinea-Bissau,GNB,1993,590.0,L,actual,L,projected
Guinea-Bissau,GNB,1994,570.0,L,actual,L,projected
Guinea-Bissau,GNB,1995,590.0,L,actual,L,projected
Guinea-Bissau,GNB,1996,630.0,L,actual,L,projected
Guinea-Bissau,GNB,1997,630.0,L,actual,L,projected
Guinea-Bissau,GNB,1998,460.0,L,actual,L,projected
Guinea-Bissau,GNB,1999,500.0,L,actual,L,projected
Guinea-Bissau,GNB,2000,410.0,L,actual,L,projected
Guinea-Bissau,GNB,2001,350.0,L,actual,L,projected
Guinea-Bissau,GNB,2002,330.0,L,actual,L,projected
Guinea-Bissau,GNB,2003,360.0,L,actual,L,projected
Guinea-Bissau,GNB,2004,410.0,L,actual,L,projected
Guinea-Bissau,GNB,2005,470.0,L,actual,L,projected
Guinea-Bissau,GNB,2006,470.0,L,actual,L,projected
Guinea-Bissau,GNB,2007,480.0,L,actual,L,projected
Guinea-Bissau,GNB,2008,540.0,L,actual,L,projected
Guinea-Bissau,GNB,2009,590.0,L,actual,L,projected
Guinea-Bissau,GNB,2010,620.0,L,actual,L,projected
Guinea-Bissau,GNB,2011,660.0,L,actual,L,projected
Guinea-Bissau,GNB,2012,630.0,L,actual,L,projected
Guinea-Bissau,GNB,2013,660.0,L,actual,L,projected
Guinea-Bissau,GNB,2014,660.0,L,actual,L,projected
Guinea-Bissau,GNB,2015,670.0,L,actual,L,projected
Guinea-Bissau,GNB,2016,670.0,L,actual,L,projected
Guinea-Bissau,GNB,2017,710.0,L,actual,L,projected
Guinea-Bissau,GNB,2018,750.0,L,actual,L,projected
Guinea-Bissau,GNB,2019,850.0,L,actual,L,projected
Guinea-Bissau,GNB,2020,860.0,L,actual,L,projected
Guinea-Bissau,GNB,2021,910.0,L,actual,L,projected
Guinea-Bissau,GNB,2022,960.0,L,actual,L,projected
Guinea-Bissau,GNB,2023,970.0,L,actual,L,projected
Guinea-Bissau,GNB,2024,980.0,L,actual,L,projected
Guinea-Bissau,GNB,2025,1090.0,L,actual,L,projected
Guinea-Bissau,GNB,2026,1150.64928,L,projected,L,projected
Guinea-Bissau,GNB,2027,1214.67318,LM,projected,L,projected
Guinea-Bissau,GNB,2028,1282.259468,LM,projected,L,projected
Guinea-Bissau,GNB,2029,1353.606362,LM,projected,L,projected
Guinea-Bissau,GNB,2030,1428.923106,LM,projected,L,projected
Guinea-Bissau,GNB,2031,1508.430591,LM,projected,L,projected
Guinea-Bissau,GNB,2032,1592.361994,LM,projected,L,projected
Guinea-Bissau,GNB,2033,1680.96347,LM,projected,L,projected
Guinea-Bissau,GNB,2034,1774.494869,LM,projected,L,projected
Guinea-Bissau,GNB,2035,1873.230499,LM,projected,L,projected
Guinea-Bissau,GNB,2036,1977.459932,LM,projected,L,projected
Guinea-Bissau,GNB,2037,2087.488851,LM,projected,L,projected
Guinea-Bissau,GNB,2038,2203.639948,LM,projected,L,projected
Guinea-Bissau,GNB,2039,2326.253872,LM,projected,L,projected
Guinea-Bissau,GNB,2040,2455.690224,LM,projected,L,projected
Guinea-Bissau,GNB,2041,2592.328613,LM,projected,L,projected
Guinea-Bissau,GNB,2042,2736.569773,LM,projected,L,projected
Guinea-Bissau,GNB,2043,2888.836734,LM,projected,L,projected
Guinea-Bissau,GNB,2044,3049.576063,LM,projected,L,projected
Guinea-Bissau,GNB,2045,3219.259177,LM,projected,L,projected
Guinea-Bissau,GNB,2046,3398.38372,LM,projected,L,projected
Guinea-Bissau,GNB,2047,3587.475029,LM,projected,L,projected
Guinea-Bissau,GNB,2048,3787.08767,LM,projected,L,projected
Guinea-Bissau,GNB,2049,3997.807066,LM,projected,L,projected
Guinea-Bissau,GNB,2050,4220.251214,LM,projected,L,projected
Guyana,GUY,1987,450.0,L,actual,H,projected
Guyana,GUY,1988,460.0,L,actual,H,projected
Guyana,GUY,1989,350.0,L,actual,H,projected
Guyana,GUY,1990,390.0,L,actual,H,projected
Guyana,GUY,1991,330.0,L,actual,H,projected
Guyana,GUY,1992,390.0,L,actual,H,projected
Guyana,GUY,1993,470.0,L,actual,H,projected
Guyana,GUY,1994,570.0,L,actual,H,projected
Guyana,GUY,1995,670.0,L,actual,H,projected
Guyana,GUY,1996,830.0,L,actual,H,projected
Guyana,GUY,1997,880.0,LM,actual,H,projected
Guyana,GUY,1998,860.0,LM,actual,H,projected
Guyana,GUY,1999,850.0,LM,actual,H,projected
Guyana,GUY,2000,870.0,LM,actual,H,projected
Guyana,GUY,2001,860.0,LM,actual,H,projected
Guyana,GUY,2002,870.0,LM,actual,H,projected
Guyana,GUY,2003,910.0,LM,actual,H,projected
Guyana,GUY,2004,1010.0,LM,actual,H,projected
Guyana,GUY,2005,1070.0,LM,actual,H,projected
Guyana,GUY,2006,1450.0,LM,actual,H,projected
Guyana,GUY,2007,2250.0,LM,actual,H,projected
Guyana,GUY,2008,3820.0,LM,actual,H,projected
Guyana,GUY,2009,4160.0,LM,actual,H,projected
Guyana,GUY,2010,4520.0,LM,actual,H,projected
Guyana,GUY,2011,4860.0,LM,actual,H,projected
Guyana,GUY,2012,5350.0,LM,actual,H,projected
Guyana,GUY,2013,5610.0,LM,actual,H,projected
Guyana,GUY,2014,5640.0,LM,actual,H,projected
Guyana,GUY,2015,5530.0,UM,actual,H,projected
Guyana,GUY,2016,5610.0,UM,actual,H,projected
Guyana,GUY,2017,5870.0,UM,actual,H,projected
Guyana,GUY,2018,6100.0,UM,actual,H,projected
Guyana,GUY,2019,6380.0,UM,actual,H,projected
Guyana,GUY,2020,8090.0,UM,actual,H,projected
Guyana,GUY,2021,7810.0,UM,actual,H,projected
Guyana,GUY,2022,14680.0,H,actual,H,projected
Guyana,GUY,2023,17770.0,H,actual,H,projected
Guyana,GUY,2024,26400.0,H,actual,H,projected
Guyana,GUY,2025,28470.0,H,actual,H,projected
Guyana,GUY,2026,30245.886029,H,projected,H,projected
Guyana,GUY,2027,32132.547303,H,projected,H,projected
Guyana,GUY,2028,34136.893697,H,projected,H,projected
Guyana,GUY,2029,36266.26611,H,projected,H,projected
Guyana,GUY,2030,38528.463347,H,projected,H,projected
Guyana,GUY,2031,40931.77068,H,projected,H,projected
Guyana,GUY,2032,43484.990199,H,projected,H,projected
Guyana,GUY,2033,46197.473044,H,projected,H,projected
Guyana,GUY,2034,49079.153654,H,projected,H,projected
Guyana,GUY,2035,52140.586155,H,projected,H,projected
Guyana,GUY,2036,55392.983012,H,projected,H,projected
Guyana,GUY,2037,58848.256095,H,projected,H,projected
Guyana,GUY,2038,62519.060305,H,projected,H,projected
Guyana,GUY,2039,66418.839924,H,projected,H,projected
Guyana,GUY,2040,70561.877856,H,projected,H,projected
Guyana,GUY,2041,74963.347933,H,projected,H,projected
Guyana,GUY,2042,79639.370494,H,projected,H,projected
Guyana,GUY,2043,84607.071423,H,projected,H,projected
Guyana,GUY,2044,89884.644873,H,projected,H,projected
Guyana,GUY,2045,95491.419903,H,projected,H,projected
Guyana,GUY,2046,101447.931267,H,projected,H,projected
Guyana,GUY,2047,107775.994626,H,projected,H,projected
Guyana,GUY,2048,114498.786448,H,projected,H,projected
Guyana,GUY,2049,121640.928887,H,projected,H,projected
Guyana,GUY,2050,129228.579966,H,projected,H,projected
Haiti,HTI,1987,350.0,L,actual,LM,projected
Haiti,HTI,1988,390.0,L,actual,LM,projected
Haiti,HTI,1989,380.0,L,actual,LM,projected
Haiti,HTI,1990,430.0,L,actual,LM,projected
Haiti,HTI,1991,460.0,L,actual,LM,projected
Haiti,HTI,1992,400.0,L,actual,LM,projected
Haiti,HTI,1993,320.0,L,actual,LM,projected
Haiti,HTI,1994,260.0,L,actual,LM,projected
Haiti,HTI,1995,310.0,L,actual,LM,projected
Haiti,HTI,1996,370.0,L,actual,LM,projected
Haiti,HTI,1997,400.0,L,actual,LM,projected
Haiti,HTI,1998,410.0,L,actual,LM,projected
Haiti,HTI,1999,460.0,L,actual,LM,projected
Haiti,HTI,2000,560.0,L,actual,LM,projected
Haiti,HTI,2001,650.0,L,actual,LM,projected
Haiti,HTI,2002,740.0,L,actual,LM,projected
Haiti,HTI,2003,690.0,L,actual,LM,projected
Haiti,HTI,2004,680.0,L,actual,LM,projected
Haiti,HTI,2005,710.0,L,actual,LM,projected
Haiti,HTI,2006,800.0,L,actual,LM,projected
Haiti,HTI,2007,900.0,L,actual,LM,projected
Haiti,HTI,2008,1010.0,L,actual,LM,projected
Haiti,HTI,2009,1160.0,L,actual,LM,projected
Haiti,HTI,2010,1140.0,L,actual,LM,projected
Haiti,HTI,2011,1260.0,L,actual,LM,projected
Haiti,HTI,2012,1320.0,L,actual,LM,projected
Haiti,HTI,2013,1410.0,L,actual,LM,projected
Haiti,HTI,2014,1460.0,L,actual,LM,projected
Haiti,HTI,2015,1430.0,L,actual,LM,projected
Haiti,HTI,2016,1380.0,L,actual,LM,projected
Haiti,HTI,2017,1370.0,L,actual,LM,projected
Haiti,HTI,2018,1430.0,L,actual,LM,projected
Haiti,HTI,2019,1410.0,L,actual,LM,projected
Haiti,HTI,2020,1340.0,LM,actual,LM,projected
Haiti,HTI,2021,1450.0,LM,actual,LM,projected
Haiti,HTI,2022,1610.0,LM,actual,LM,projected
Haiti,HTI,2023,1740.0,LM,actual,LM,projected
Haiti,HTI,2024,1730.0,LM,actual,LM,projected
Haiti,HTI,2025,2010.0,LM,actual,LM,projected
Haiti,HTI,2026,2048.238736,LM,projected,LM,projected
Haiti,HTI,2027,2087.204936,LM,projected,LM,projected
Haiti,HTI,2028,2126.912438,LM,projected,LM,projected
Haiti,HTI,2029,2167.375346,LM,projected,LM,projected
Haiti,HTI,2030,2208.60803,LM,projected,LM,projected
Haiti,HTI,2031,2250.625135,LM,projected,LM,projected
Haiti,HTI,2032,2293.441583,LM,projected,LM,projected
Haiti,HTI,2033,2337.072582,LM,projected,LM,projected
Haiti,HTI,2034,2381.533628,LM,projected,LM,projected
Haiti,HTI,2035,2426.840512,LM,projected,LM,projected
Haiti,HTI,2036,2473.009326,LM,projected,LM,projected
Haiti,HTI,2037,2520.056466,LM,projected,LM,projected
Haiti,HTI,2038,2567.998642,LM,projected,LM,projected
Haiti,HTI,2039,2616.852883,LM,projected,LM,projected
Haiti,HTI,2040,2666.636539,LM,projected,LM,projected
Haiti,HTI,2041,2717.367291,LM,projected,LM,projected
Haiti,HTI,2042,2769.063157,LM,projected,LM,projected
Haiti,HTI,2043,2821.742499,LM,projected,LM,projected
Haiti,HTI,2044,2875.424025,LM,projected,LM,projected
Haiti,HTI,2045,2930.126802,LM,projected,LM,projected
Haiti,HTI,2046,2985.870258,LM,projected,LM,projected
Haiti,HTI,2047,3042.674191,LM,projected,LM,projected
Haiti,HTI,2048,3100.558777,LM,projected,LM,projected
Haiti,HTI,2049,3159.544573,LM,projected,LM,projected
Haiti,HTI,2050,3219.652529,LM,projected,LM,projected
Honduras,HND,1987,1100.0,LM,actual,LM,projected
Honduras,HND,1988,1160.0,LM,actual,LM,projected
Honduras,HND,1989,1060.0,LM,actual,LM,projected
Honduras,HND,1990,950.0,L,actual,LM,projected
Honduras,HND,1991,880.0,L,actual,LM,projected
Honduras,HND,1992,800.0,L,actual,LM,projected
Honduras,HND,1993,810.0,L,actual,LM,projected
Honduras,HND,1994,880.0,L,actual,LM,projected
Honduras,HND,1995,920.0,L,actual,LM,projected
Honduras,HND,1996,910.0,L,actual,LM,projected
Honduras,HND,1997,970.0,L,actual,LM,projected
Honduras,HND,1998,960.0,L,actual,LM,projected
Honduras,HND,1999,1010.0,LM,actual,LM,projected
Honduras,HND,2000,1060.0,LM,actual,LM,projected
Honduras,HND,2001,1050.0,LM,actual,LM,projected
Honduras,HND,2002,1070.0,LM,actual,LM,projected
Honduras,HND,2003,1130.0,LM,actual,LM,projected
Honduras,HND,2004,1210.0,LM,actual,LM,projected
Honduras,HND,2005,1290.0,LM,actual,LM,projected
Honduras,HND,2006,1360.0,LM,actual,LM,projected
Honduras,HND,2007,1490.0,LM,actual,LM,projected
Honduras,HND,2008,1620.0,LM,actual,LM,projected
Honduras,HND,2009,1670.0,LM,actual,LM,projected
Honduras,HND,2010,1730.0,LM,actual,LM,projected
Honduras,HND,2011,1860.0,LM,actual,LM,projected
Honduras,HND,2012,1950.0,LM,actual,LM,projected
Honduras,HND,2013,1990.0,LM,actual,LM,projected
Honduras,HND,2014,1980.0,LM,actual,LM,projected
Honduras,HND,2015,2030.0,LM,actual,LM,projected
Honduras,HND,2016,2090.0,LM,actual,LM,projected
Honduras,HND,2017,2210.0,LM,actual,LM,projected
Honduras,HND,2018,2280.0,LM,actual,LM,projected
Honduras,HND,2019,2330.0,LM,actual,LM,projected
Honduras,HND,2020,2120.0,LM,actual,LM,projected
Honduras,HND,2021,2440.0,LM,actual,LM,projected
Honduras,HND,2022,2700.0,LM,actual,LM,projected
Honduras,HND,2023,2870.0,LM,actual,LM,projected
Honduras,HND,2024,3020.0,LM,actual,LM,projected
Honduras,HND,2025,3270.0,LM,actual,LM,projected
Honduras,HND,2026,3449.32856,LM,projected,LM,projected
Honduras,HND,2027,3638.491594,LM,projected,LM,projected
Honduras,HND,2028,3838.028431,LM,projected,LM,projected
Honduras,HND,2029,4048.507976,LM,projected,LM,projected
Honduras,HND,2030,4270.530332,LM,projected,LM,projected
Honduras,HND,2031,4504.728514,LM,projected,LM,projected
Honduras,HND,2032,4751.77025,LM,projected,LM,projected
Honduras,HND,2033,5012.359887,LM,projected,LM,projected
Honduras,HND,2034,5287.240401,UM,projected,LM,projected
Honduras,HND,2035,5577.19551,UM,projected,LM,projected
Honduras,HND,2036,5883.051913,UM,projected,LM,projected
Honduras,HND,2037,6205.681646,UM,projected,LM,projected
Honduras,HND,2038,6546.004567,UM,projected,LM,projected
Honduras,HND,2039,6904.99098,UM,projected,LM,projected
Honduras,HND,2040,7283.664401,UM,projected,LM,projected
Honduras,HND,2041,7683.104477,UM,projected,LM,projected
Honduras,HND,2042,8104.450061,UM,projected,LM,projected
Honduras,HND,2043,8548.902464,UM,projected,LM,projected
Honduras,HND,2044,9017.728876,UM,projected,LM,projected
Honduras,HND,2045,9512.26598,UM,projected,LM,projected
Honduras,HND,2046,10033.923765,UM,projected,LM,projected
Honduras,HND,2047,10584.189545,UM,projected,LM,projected
Honduras,HND,2048,11164.632195,UM,projected,LM,projected
Honduras,HND,2049,11776.906633,UM,projected,LM,projected
Honduras,HND,2050,12422.75853,UM,projected,LM,projected
"Hong Kong SAR, China",HKG,1987,9080.0,H,actual,H,projected
"Hong Kong SAR, China",HKG,1988,10770.0,H,actual,H,projected
"Hong Kong SAR, China",HKG,1989,11550.0,H,actual,H,projected
"Hong Kong SAR, China",HKG,1990,12660.0,H,actual,H,projected
"Hong Kong SAR, China",HKG,1991,14320.0,H,actual,H,projected
"Hong Kong SAR, China",HKG,1992,16560.0,H,actual,H,projected
"Hong Kong SAR, China",HKG,1993,19560.0,H,actual,H,projected
"Hong Kong SAR, China",HKG,1994,21820.0,H,actual,H,projected
"Hong Kong SAR, China",HKG,1995,23570.0,H,actual,H,projected
"Hong Kong SAR, China",HKG,1996,24140.0,H,actual,H,projected
"Hong Kong SAR, China",HKG,1997,26080.0,H,actual,H,projected
"Hong Kong SAR, China",HKG,1998,25110.0,H,actual,H,projected
"Hong Kong SAR, China",HKG,1999,25800.0,H,actual,H,projected
"Hong Kong SAR, China",HKG,2000,26930.0,H,actual,H,projected
"Hong Kong SAR, China",HKG,2001,26350.0,H,actual,H,projected
"Hong Kong SAR, China",HKG,2002,25270.0,H,actual,H,projected
"Hong Kong SAR, China",HKG,2003,26340.0,H,actual,H,projected
"Hong Kong SAR, China",HKG,2004,28120.0,H,actual,H,projected
"Hong Kong SAR, China",HKG,2005,28890.0,H,actual,H,projected
"Hong Kong SAR, China",HKG,2006,30290.0,H,actual,H,projected
"Hong Kong SAR, China",HKG,2007,32070.0,H,actual,H,projected
"Hong Kong SAR, China",HKG,2008,33950.0,H,actual,H,projected
"Hong Kong SAR, China",HKG,2009,32350.0,H,actual,H,projected
"Hong Kong SAR, China",HKG,2010,33620.0,H,actual,H,projected
"Hong Kong SAR, China",HKG,2011,35690.0,H,actual,H,projected
"Hong Kong SAR, China",HKG,2012,36340.0,H,actual,H,projected
"Hong Kong SAR, China",HKG,2013,38570.0,H,actual,H,projected
"Hong Kong SAR, China",HKG,2014,40240.0,H,actual,H,projected
"Hong Kong SAR, China",HKG,2015,41180.0,H,actual,H,projected
"Hong Kong SAR, China",HKG,2016,42970.0,H,actual,H,projected
"Hong Kong SAR, China",HKG,2017,46380.0,H,actual,H,projected
"Hong Kong SAR, China",HKG,2018,50050.0,H,actual,H,projected
"Hong Kong SAR, China",HKG,2019,50480.0,H,actual,H,projected
"Hong Kong SAR, China",HKG,2020,48550.0,H,actual,H,projected
"Hong Kong SAR, China",HKG,2021,54380.0,H,actual,H,projected
"Hong Kong SAR, China",HKG,2022,54000.0,H,actual,H,projected
"Hong Kong SAR, China",HKG,2023,54870.0,H,actual,H,projected
"Hong Kong SAR, China",HKG,2024,57410.0,H,actual,H,projected
"Hong Kong SAR, China",HKG,2025,62500.0,H,actual,H,projected
"Hong Kong SAR, China",HKG,2026,65304.966769,H,projected,H,projected
"Hong Kong SAR, China",HKG,2027,68235.818954,H,projected,H,projected
"Hong Kong SAR, China",HKG,2028,71298.206228,H,projected,H,projected
"Hong Kong SAR, China",HKG,2029,74498.031814,H,projected,H,projected
"Hong Kong SAR, China",HKG,2030,77841.463871,H,projected,H,projected
"Hong Kong SAR, China",HKG,2031,81334.947381,H,projected,H,projected
"Hong Kong SAR, China",HKG,2032,84985.216573,H,projected,H,projected
"Hong Kong SAR, China",HKG,2033,88799.307906,H,projected,H,projected
"Hong Kong SAR, China",HKG,2034,92784.57363,H,projected,H,projected
"Hong Kong SAR, China",HKG,2035,96948.695961,H,projected,H,projected
"Hong Kong SAR, China",HKG,2036,101299.701887,H,projected,H,projected
"Hong Kong SAR, China",HKG,2037,105845.978647,H,projected,H,projected
"Hong Kong SAR, China",HKG,2038,110596.28989,H,projected,H,projected
"Hong Kong SAR, China",HKG,2039,115559.792576,H,projected,H,projected
"Hong Kong SAR, China",HKG,2040,120746.054623,H,projected,H,projected
"Hong Kong SAR, China",HKG,2041,126165.073353,H,projected,H,projected
"Hong Kong SAR, China",HKG,2042,131827.294763,H,projected,H,projected
"Hong Kong SAR, China",HKG,2043,137743.633659,H,projected,H,projected
"Hong Kong SAR, China",HKG,2044,143925.494699,H,projected,H,projected
"Hong Kong SAR, China",HKG,2045,150384.794375,H,projected,H,projected
"Hong Kong SAR, China",HKG,2046,157133.983987,H,projected,H,projected
"Hong Kong SAR, China",HKG,2047,164186.07364,H,projected,H,projected
"Hong Kong SAR, China",HKG,2048,171554.657326,H,projected,H,projected
"Hong Kong SAR, China",HKG,2049,179253.939131,H,projected,H,projected
"Hong Kong SAR, China",HKG,2050,187298.760609,H,projected,H,projected
Hungary,HUN,1987,2520.0,UM,actual,H,projected
Hungary,HUN,1988,2840.0,UM,actual,H,projected
Hungary,HUN,1989,2910.0,UM,actual,H,projected
Hungary,HUN,1990,3020.0,UM,actual,H,projected
Hungary,HUN,1991,2910.0,UM,actual,H,projected
Hungary,HUN,1992,3320.0,UM,actual,H,projected
Hungary,HUN,1993,3670.0,UM,actual,H,projected
Hungary,HUN,1994,4040.0,UM,actual,H,projected
Hungary,HUN,1995,4260.0,UM,actual,H,projected
Hungary,HUN,1996,4380.0,UM,actual,H,projected
Hungary,HUN,1997,4410.0,UM,actual,H,projected
Hungary,HUN,1998,4420.0,UM,actual,H,projected
Hungary,HUN,1999,4500.0,UM,actual,H,projected
Hungary,HUN,2000,4630.0,UM,actual,H,projected
Hungary,HUN,2001,4790.0,UM,actual,H,projected
Hungary,HUN,2002,5300.0,UM,actual,H,projected
Hungary,HUN,2003,6630.0,UM,actual,H,projected
Hungary,HUN,2004,8650.0,UM,actual,H,projected
Hungary,HUN,2005,10380.0,UM,actual,H,projected
Hungary,HUN,2006,11230.0,UM,actual,H,projected
Hungary,HUN,2007,11770.0,H,actual,H,projected
Hungary,HUN,2008,13250.0,H,actual,H,projected
Hungary,HUN,2009,13400.0,H,actual,H,projected
Hungary,HUN,2010,13250.0,H,actual,H,projected
Hungary,HUN,2011,13260.0,H,actual,H,projected
Hungary,HUN,2012,13080.0,UM,actual,H,projected
Hungary,HUN,2013,13560.0,UM,actual,H,projected
Hungary,HUN,2014,13630.0,H,actual,H,projected
Hungary,HUN,2015,13310.0,H,actual,H,projected
Hungary,HUN,2016,13230.0,H,actual,H,projected
Hungary,HUN,2017,13310.0,H,actual,H,projected
Hungary,HUN,2018,15180.0,H,actual,H,projected
Hungary,HUN,2019,16840.0,H,actual,H,projected
Hungary,HUN,2020,16330.0,H,actual,H,projected
Hungary,HUN,2021,18070.0,H,actual,H,projected
Hungary,HUN,2022,19200.0,H,actual,H,projected
Hungary,HUN,2023,19820.0,H,actual,H,projected
Hungary,HUN,2024,20800.0,H,actual,H,projected
Hungary,HUN,2025,23850.0,H,actual,H,projected
Hungary,HUN,2026,25185.356644,H,projected,H,projected
Hungary,HUN,2027,26595.479634,H,projected,H,projected
Hungary,HUN,2028,28084.555123,H,projected,H,projected
Hungary,HUN,2029,29657.003646,H,projected,H,projected
Hungary,HUN,2030,31317.493241,H,projected,H,projected
Hungary,HUN,2031,33070.953311,H,projected,H,projected
Hungary,HUN,2032,34922.589253,H,projected,H,projected
Hungary,HUN,2033,36877.897914,H,projected,H,projected
Hungary,HUN,2034,38942.68391,H,projected,H,projected
Hungary,HUN,2035,41123.076852,H,projected,H,projected
Hungary,HUN,2036,43425.549552,H,projected,H,projected
Hungary,HUN,2037,45856.937229,H,projected,H,projected
Hungary,HUN,2038,48424.457807,H,projected,H,projected
Hungary,HUN,2039,51135.733339,H,projected,H,projected
Hungary,HUN,2040,53998.812637,H,projected,H,projected
Hungary,HUN,2041,57022.195161,H,projected,H,projected
Hungary,HUN,2042,60214.856257,H,projected,H,projected
Hungary,HUN,2043,63586.273798,H,projected,H,projected
Hungary,HUN,2044,67146.45632,H,projected,H,projected
Hungary,HUN,2045,70905.972737,H,projected,H,projected
Hungary,HUN,2046,74875.983713,H,projected,H,projected
Hungary,HUN,2047,79068.274795,H,projected,H,projected
Hungary,HUN,2048,83495.291401,H,projected,H,projected
Hungary,HUN,2049,88170.175765,H,projected,H,projected
Hungary,HUN,2050,93106.805953,H,projected,H,projected
Iceland,ISL,1987,19480.0,H,actual,H,projected - cut from 7.2% to the H p90 cap of 7.17%
Iceland,ISL,1988,23940.0,H,actual,H,projected - cut from 7.2% to the H p90 cap of 7.17%
Iceland,ISL,1989,24680.0,H,actual,H,projected - cut from 7.2% to the H p90 cap of 7.17%
Iceland,ISL,1990,25300.0,H,actual,H,projected - cut from 7.2% to the H p90 cap of 7.17%
Iceland,ISL,1991,25760.0,H,actual,H,projected - cut from 7.2% to the H p90 cap of 7.17%
Iceland,ISL,1992,27030.0,H,actual,H,projected - cut from 7.2% to the H p90 cap of 7.17%
Iceland,ISL,1993,26610.0,H,actual,H,projected - cut from 7.2% to the H p90 cap of 7.17%
Iceland,ISL,1994,26170.0,H,actual,H,projected - cut from 7.2% to the H p90 cap of 7.17%
Iceland,ISL,1995,25990.0,H,actual,H,projected - cut from 7.2% to the H p90 cap of 7.17%
Iceland,ISL,1996,27750.0,H,actual,H,projected - cut from 7.2% to the H p90 cap of 7.17%
Iceland,ISL,1997,28690.0,H,actual,H,projected - cut from 7.2% to the H p90 cap of 7.17%
Iceland,ISL,1998,29550.0,H,actual,H,projected - cut from 7.2% to the H p90 cap of 7.17%
Iceland,ISL,1999,30720.0,H,actual,H,projected - cut from 7.2% to the H p90 cap of 7.17%
Iceland,ISL,2000,32170.0,H,actual,H,projected - cut from 7.2% to the H p90 cap of 7.17%
Iceland,ISL,2001,31120.0,H,actual,H,projected - cut from 7.2% to the H p90 cap of 7.17%
Iceland,ISL,2002,31080.0,H,actual,H,projected - cut from 7.2% to the H p90 cap of 7.17%
Iceland,ISL,2003,33810.0,H,actual,H,projected - cut from 7.2% to the H p90 cap of 7.17%
Iceland,ISL,2004,42100.0,H,actual,H,projected - cut from 7.2% to the H p90 cap of 7.17%
Iceland,ISL,2005,51760.0,H,actual,H,projected - cut from 7.2% to the H p90 cap of 7.17%
Iceland,ISL,2006,55160.0,H,actual,H,projected - cut from 7.2% to the H p90 cap of 7.17%
Iceland,ISL,2007,63250.0,H,actual,H,projected - cut from 7.2% to the H p90 cap of 7.17%
Iceland,ISL,2008,52520.0,H,actual,H,projected - cut from 7.2% to the H p90 cap of 7.17%
Iceland,ISL,2009,43740.0,H,actual,H,projected - cut from 7.2% to the H p90 cap of 7.17%
Iceland,ISL,2010,38480.0,H,actual,H,projected - cut from 7.2% to the H p90 cap of 7.17%
Iceland,ISL,2011,39690.0,H,actual,H,projected - cut from 7.2% to the H p90 cap of 7.17%
Iceland,ISL,2012,43190.0,H,actual,H,projected - cut from 7.2% to the H p90 cap of 7.17%
Iceland,ISL,2013,49540.0,H,actual,H,projected - cut from 7.2% to the H p90 cap of 7.17%
Iceland,ISL,2014,50800.0,H,actual,H,projected - cut from 7.2% to the H p90 cap of 7.17%
Iceland,ISL,2015,53170.0,H,actual,H,projected - cut from 7.2% to the H p90 cap of 7.17%
Iceland,ISL,2016,59210.0,H,actual,H,projected - cut from 7.2% to the H p90 cap of 7.17%
Iceland,ISL,2017,62770.0,H,actual,H,projected - cut from 7.2% to the H p90 cap of 7.17%
Iceland,ISL,2018,72840.0,H,actual,H,projected - cut from 7.2% to the H p90 cap of 7.17%
Iceland,ISL,2019,75560.0,H,actual,H,projected - cut from 7.2% to the H p90 cap of 7.17%
Iceland,ISL,2020,66730.0,H,actual,H,projected - cut from 7.2% to the H p90 cap of 7.17%
Iceland,ISL,2021,68000.0,H,actual,H,projected - cut from 7.2% to the H p90 cap of 7.17%
Iceland,ISL,2022,74620.0,H,actual,H,projected - cut from 7.2% to the H p90 cap of 7.17%
Iceland,ISL,2023,80870.0,H,actual,H,projected - cut from 7.2% to the H p90 cap of 7.17%
Iceland,ISL,2024,80910.0,H,actual,H,projected - cut from 7.2% to the H p90 cap of 7.17%
Iceland,ISL,2025,89220.0,H,actual,H,projected - cut from 7.2% to the H p90 cap of 7.17%
Iceland,ISL,2026,95616.09258,H,projected,H,projected - cut from 7.2% to the H p90 cap of 7.17%
Iceland,ISL,2027,102470.714641,H,projected,H,projected - cut from 7.2% to the H p90 cap of 7.17%
Iceland,ISL,2028,109816.737703,H,projected,H,projected - cut from 7.2% to the H p90 cap of 7.17%
Iceland,ISL,2029,117689.389812,H,projected,H,projected - cut from 7.2% to the H p90 cap of 7.17%
Iceland,ISL,2030,126126.424478,H,projected,H,projected - cut from 7.2% to the H p90 cap of 7.17%
Iceland,ISL,2031,135168.301723,H,projected,H,projected - cut from 7.2% to the H p90 cap of 7.17%
Iceland,ISL,2032,144858.382105,H,projected,H,projected - cut from 7.2% to the H p90 cap of 7.17%
Iceland,ISL,2033,155243.13466,H,projected,H,projected - cut from 7.2% to the H p90 cap of 7.17%
Iceland,ISL,2034,166372.35974,H,projected,H,projected - cut from 7.2% to the H p90 cap of 7.17%
Iceland,ISL,2035,178299.427838,H,projected,H,projected - cut from 7.2% to the H p90 cap of 7.17%
Iceland,ISL,2036,191081.53552,H,projected,H,projected - cut from 7.2% to the H p90 cap of 7.17%
Iceland,ISL,2037,204779.97972,H,projected,H,projected - cut from 7.2% to the H p90 cap of 7.17%
Iceland,ISL,2038,219460.451686,H,projected,H,projected - cut from 7.2% to the H p90 cap of 7.17%
Iceland,ISL,2039,235193.352007,H,projected,H,projected - cut from 7.2% to the H p90 cap of 7.17%
Iceland,ISL,2040,252054.128219,H,projected,H,projected - cut from 7.2% to the H p90 cap of 7.17%
Iceland,ISL,2041,270123.636617,H,projected,H,projected - cut from 7.2% to the H p90 cap of 7.17%
Iceland,ISL,2042,289488.530002,H,projected,H,projected - cut from 7.2% to the H p90 cap of 7.17%
Iceland,ISL,2043,310241.673229,H,projected,H,projected - cut from 7.2% to the H p90 cap of 7.17%
Iceland,ISL,2044,332482.588542,H,projected,H,projected - cut from 7.2% to the H p90 cap of 7.17%
Iceland,ISL,2045,356317.932832,H,projected,H,projected - cut from 7.2% to the H p90 cap of 7.17%
Iceland,ISL,2046,381862.009118,H,projected,H,projected - cut from 7.2% to the H p90 cap of 7.17%
Iceland,ISL,2047,409237.31469,H,projected,H,projected - cut from 7.2% to the H p90 cap of 7.17%
Iceland,ISL,2048,438575.128543,H,projected,H,projected - cut from 7.2% to the H p90 cap of 7.17%
Iceland,ISL,2049,470016.140933,H,projected,H,projected - cut from 7.2% to the H p90 cap of 7.17%
Iceland,ISL,2050,503711.12806,H,projected,H,projected - cut from 7.2% to the H p90 cap of 7.17%
India,IND,1987,360.0,L,actual,LM,projected
India,IND,1988,400.0,L,actual,LM,projected
India,IND,1989,390.0,L,actual,LM,projected
India,IND,1990,390.0,L,actual,LM,projected
India,IND,1991,350.0,L,actual,LM,projected
India,IND,1992,350.0,L,actual,LM,projected
India,IND,1993,330.0,L,actual,LM,projected
India,IND,1994,340.0,L,actual,LM,projected
India,IND,1995,370.0,L,actual,LM,projected
India,IND,1996,400.0,L,actual,LM,projected
India,IND,1997,410.0,L,actual,LM,projected
India,IND,1998,410.0,L,actual,LM,projected
India,IND,1999,440.0,L,actual,LM,projected
India,IND,2000,440.0,L,actual,LM,projected
India,IND,2001,450.0,L,actual,LM,projected
India,IND,2002,460.0,L,actual,LM,projected
India,IND,2003,510.0,L,actual,LM,projected
India,IND,2004,610.0,L,actual,LM,projected
India,IND,2005,700.0,L,actual,LM,projected
India,IND,2006,780.0,L,actual,LM,projected
India,IND,2007,910.0,LM,actual,LM,projected
India,IND,2008,990.0,LM,actual,LM,projected
India,IND,2009,1110.0,LM,actual,LM,projected
India,IND,2010,1210.0,LM,actual,LM,projected
India,IND,2011,1350.0,LM,actual,LM,projected
India,IND,2012,1460.0,LM,actual,LM,projected
India,IND,2013,1500.0,LM,actual,LM,projected
India,IND,2014,1540.0,LM,actual,LM,projected
India,IND,2015,1580.0,LM,actual,LM,projected
India,IND,2016,1670.0,LM,actual,LM,projected
India,IND,2017,1790.0,LM,actual,LM,projected
India,IND,2018,1970.0,LM,actual,LM,projected
India,IND,2019,2070.0,LM,actual,LM,projected
India,IND,2020,1900.0,LM,actual,LM,projected
India,IND,2021,2170.0,LM,actual,LM,projected
India,IND,2022,2360.0,LM,actual,LM,projected
India,IND,2023,2490.0,LM,actual,LM,projected
India,IND,2024,2550.0,LM,actual,LM,projected
India,IND,2025,2760.0,LM,actual,LM,projected
India,IND,2026,2937.769272,LM,projected,LM,projected
India,IND,2027,3126.988512,LM,projected,LM,projected
India,IND,2028,3328.395204,LM,projected,LM,projected
India,IND,2029,3542.774331,LM,projected,LM,projected
India,IND,2030,3770.961437,LM,projected,LM,projected
India,IND,2031,4013.845882,LM,projected,LM,projected
India,IND,2032,4272.374309,LM,projected,LM,projected
India,IND,2033,4547.554334,LM,projected,LM,projected
India,IND,2034,4840.458472,LM,projected,LM,projected
India,IND,2035,5152.228319,LM,projected,LM,projected
India,IND,2036,5484.078998,UM,projected,LM,projected
India,IND,2037,5837.3039,UM,projected,LM,projected
India,IND,2038,6213.27972,UM,projected,LM,projected
India,IND,2039,6613.471825,UM,projected,LM,projected
India,IND,2040,7039.439966,UM,projected,LM,projected
India,IND,2041,7492.844355,UM,projected,LM,projected
India,IND,2042,7975.452139,UM,projected,LM,projected
India,IND,2043,8489.144283,UM,projected,LM,projected
India,IND,2044,9035.922904,UM,projected,LM,projected
India,IND,2045,9617.919076,UM,projected,LM,projected
India,IND,2046,10237.401129,UM,projected,LM,projected
India,IND,2047,10896.783499,UM,projected,LM,projected
India,IND,2048,11598.636132,UM,projected,LM,projected
India,IND,2049,12345.6945,UM,projected,LM,projected
India,IND,2050,13140.870268,UM,projected,LM,projected
Indonesia,IDN,1987,500.0,L,actual,UM,projected
Indonesia,IDN,1988,510.0,L,actual,UM,projected
Indonesia,IDN,1989,520.0,L,actual,UM,projected
Indonesia,IDN,1990,560.0,L,actual,UM,projected
Indonesia,IDN,1991,600.0,L,actual,UM,projected
Indonesia,IDN,1992,650.0,L,actual,UM,projected
Indonesia,IDN,1993,730.0,LM,actual,UM,projected
Indonesia,IDN,1994,840.0,LM,actual,UM,projected
Indonesia,IDN,1995,970.0,LM,actual,UM,projected
Indonesia,IDN,1996,1070.0,LM,actual,UM,projected
Indonesia,IDN,1997,1080.0,LM,actual,UM,projected
Indonesia,IDN,1998,640.0,L,actual,UM,projected
Indonesia,IDN,1999,560.0,L,actual,UM,projected
Indonesia,IDN,2000,570.0,L,actual,UM,projected
Indonesia,IDN,2001,700.0,L,actual,UM,projected
Indonesia,IDN,2002,780.0,L,actual,UM,projected
Indonesia,IDN,2003,880.0,LM,actual,UM,projected
Indonesia,IDN,2004,1060.0,LM,actual,UM,projected
Indonesia,IDN,2005,1200.0,LM,actual,UM,projected
Indonesia,IDN,2006,1350.0,LM,actual,UM,projected
Indonesia,IDN,2007,1570.0,LM,actual,UM,projected
Indonesia,IDN,2008,1900.0,LM,actual,UM,projected
Indonesia,IDN,2009,2110.0,LM,actual,UM,projected
Indonesia,IDN,2010,2490.0,LM,actual,UM,projected
Indonesia,IDN,2011,2960.0,LM,actual,UM,projected
Indonesia,IDN,2012,3520.0,LM,actual,UM,projected
Indonesia,IDN,2013,3670.0,LM,actual,UM,projected
Indonesia,IDN,2014,3570.0,LM,actual,UM,projected
Indonesia,IDN,2015,3390.0,LM,actual,UM,projected
Indonesia,IDN,2016,3370.0,LM,actual,UM,projected
Indonesia,IDN,2017,3490.0,LM,actual,UM,projected
Indonesia,IDN,2018,3810.0,LM,actual,UM,projected
Indonesia,IDN,2019,4020.0,UM,actual,UM,projected
Indonesia,IDN,2020,3850.0,LM,actual,UM,projected
Indonesia,IDN,2021,4130.0,LM,actual,UM,projected
Indonesia,IDN,2022,4520.0,UM,actual,UM,projected
Indonesia,IDN,2023,4810.0,UM,actual,UM,projected
Indonesia,IDN,2024,4920.0,UM,actual,UM,projected
Indonesia,IDN,2025,5120.0,UM,actual,UM,projected
Indonesia,IDN,2026,5365.167403,UM,projected,UM,projected
Indonesia,IDN,2027,5622.074465,UM,projected,UM,projected
Indonesia,IDN,2028,5891.283331,UM,projected,UM,projected
Indonesia,IDN,2029,6173.383064,UM,projected,UM,projected
Indonesia,IDN,2030,6468.990934,UM,projected,UM,projected
Indonesia,IDN,2031,6778.753767,UM,projected,UM,projected
Indonesia,IDN,2032,7103.349364,UM,projected,UM,projected
Indonesia,IDN,2033,7443.48798,UM,projected,UM,projected
Indonesia,IDN,2034,7799.913882,UM,projected,UM,projected
Indonesia,IDN,2035,8173.406974,UM,projected,UM,projected
Indonesia,IDN,2036,8564.784505,UM,projected,UM,projected
Indonesia,IDN,2037,8974.902859,UM,projected,UM,projected
Indonesia,IDN,2038,9404.659426,UM,projected,UM,projected
Indonesia,IDN,2039,9854.994568,UM,projected,UM,projected
Indonesia,IDN,2040,10326.893674,UM,projected,UM,projected
Indonesia,IDN,2041,10821.389319,UM,projected,UM,projected
Indonesia,IDN,2042,11339.563521,UM,projected,UM,projected
Indonesia,IDN,2043,11882.550111,UM,projected,UM,projected
Indonesia,IDN,2044,12451.53721,UM,projected,UM,projected
Indonesia,IDN,2045,13047.769835,UM,projected,UM,projected
Indonesia,IDN,2046,13672.552617,UM,projected,UM,projected
Indonesia,IDN,2047,14327.252659,UM,projected,UM,projected
Indonesia,IDN,2048,15013.302527,UM,projected,UM,projected
Indonesia,IDN,2049,15732.203385,UM,projected,UM,projected
Indonesia,IDN,2050,16485.528276,UM,projected,UM,projected
"Iran, Islamic Rep.",IRN,1987,3320.0,UM,actual,UM,projected - raised from 1.2% to the 1.244% floor
"Iran, Islamic Rep.",IRN,1988,2850.0,UM,actual,UM,projected - raised from 1.2% to the 1.244% floor
"Iran, Islamic Rep.",IRN,1989,2440.0,UM,actual,UM,projected - raised from 1.2% to the 1.244% floor
"Iran, Islamic Rep.",IRN,1990,2450.0,LM,actual,UM,projected - raised from 1.2% to the 1.244% floor
"Iran, Islamic Rep.",IRN,1991,2460.0,LM,actual,UM,projected - raised from 1.2% to the 1.244% floor
"Iran, Islamic Rep.",IRN,1992,2270.0,LM,actual,UM,projected - raised from 1.2% to the 1.244% floor
"Iran, Islamic Rep.",IRN,1993,1590.0,LM,actual,UM,projected - raised from 1.2% to the 1.244% floor
"Iran, Islamic Rep.",IRN,1994,1300.0,LM,actual,UM,projected - raised from 1.2% to the 1.244% floor
"Iran, Islamic Rep.",IRN,1995,1270.0,LM,actual,UM,projected - raised from 1.2% to the 1.244% floor
"Iran, Islamic Rep.",IRN,1996,1600.0,LM,actual,UM,projected - raised from 1.2% to the 1.244% floor
"Iran, Islamic Rep.",IRN,1997,1790.0,LM,actual,UM,projected - raised from 1.2% to the 1.244% floor
"Iran, Islamic Rep.",IRN,1998,1770.0,LM,actual,UM,projected - raised from 1.2% to the 1.244% floor
"Iran, Islamic Rep.",IRN,1999,1730.0,LM,actual,UM,projected - raised from 1.2% to the 1.244% floor
"Iran, Islamic Rep.",IRN,2000,1750.0,LM,actual,UM,projected - raised from 1.2% to the 1.244% floor
"Iran, Islamic Rep.",IRN,2001,1780.0,LM,actual,UM,projected - raised from 1.2% to the 1.244% floor
"Iran, Islamic Rep.",IRN,2002,1880.0,LM,actual,UM,projected - raised from 1.2% to the 1.244% floor
"Iran, Islamic Rep.",IRN,2003,2180.0,LM,actual,UM,projected - raised from 1.2% to the 1.244% floor
"Iran, Islamic Rep.",IRN,2004,2450.0,LM,actual,UM,projected - raised from 1.2% to the 1.244% floor
"Iran, Islamic Rep.",IRN,2005,2850.0,LM,actual,UM,projected - raised from 1.2% to the 1.244% floor
"Iran, Islamic Rep.",IRN,2006,3330.0,LM,actual,UM,projected - raised from 1.2% to the 1.244% floor
"Iran, Islamic Rep.",IRN,2007,4070.0,LM,actual,UM,projected - raised from 1.2% to the 1.244% floor
"Iran, Islamic Rep.",IRN,2008,4720.0,LM,actual,UM,projected - raised from 1.2% to the 1.244% floor
"Iran, Islamic Rep.",IRN,2009,5260.0,UM,actual,UM,projected - raised from 1.2% to the 1.244% floor
"Iran, Islamic Rep.",IRN,2010,5910.0,UM,actual,UM,projected - raised from 1.2% to the 1.244% floor
"Iran, Islamic Rep.",IRN,2011,6680.0,UM,actual,UM,projected - raised from 1.2% to the 1.244% floor
"Iran, Islamic Rep.",IRN,2012,7310.0,UM,actual,UM,projected - raised from 1.2% to the 1.244% floor
"Iran, Islamic Rep.",IRN,2013,7220.0,UM,actual,UM,projected - raised from 1.2% to the 1.244% floor
"Iran, Islamic Rep.",IRN,2014,6660.0,UM,actual,UM,projected - raised from 1.2% to the 1.244% floor
"Iran, Islamic Rep.",IRN,2015,5460.0,UM,actual,UM,projected - raised from 1.2% to the 1.244% floor
"Iran, Islamic Rep.",IRN,2016,5530.0,UM,actual,UM,projected - raised from 1.2% to the 1.244% floor
"Iran, Islamic Rep.",IRN,2017,5640.0,UM,actual,UM,projected - raised from 1.2% to the 1.244% floor
"Iran, Islamic Rep.",IRN,2018,5390.0,UM,actual,UM,projected - raised from 1.2% to the 1.244% floor
"Iran, Islamic Rep.",IRN,2019,4710.0,UM,actual,UM,projected - raised from 1.2% to the 1.244% floor
"Iran, Islamic Rep.",IRN,2020,3980.0,LM,actual,UM,projected - raised from 1.2% to the 1.244% floor
"Iran, Islamic Rep.",IRN,2021,4110.0,LM,actual,UM,projected - raised from 1.2% to the 1.244% floor
"Iran, Islamic Rep.",IRN,2022,4390.0,LM,actual,UM,projected - raised from 1.2% to the 1.244% floor
"Iran, Islamic Rep.",IRN,2023,5070.0,UM,actual,UM,projected - raised from 1.2% to the 1.244% floor
"Iran, Islamic Rep.",IRN,2024,5130.0,UM,actual,UM,projected - raised from 1.2% to the 1.244% floor
"Iran, Islamic Rep.",IRN,2025,4650.0,UM,actual,UM,projected - raised from 1.2% to the 1.244% floor
"Iran, Islamic Rep.",IRN,2026,4707.846,UM,projected,UM,projected - raised from 1.2% to the 1.244% floor
"Iran, Islamic Rep.",IRN,2027,4766.411604,UM,projected,UM,projected - raised from 1.2% to the 1.244% floor
"Iran, Islamic Rep.",IRN,2028,4825.705765,UM,projected,UM,projected - raised from 1.2% to the 1.244% floor
"Iran, Islamic Rep.",IRN,2029,4885.737544,UM,projected,UM,projected - raised from 1.2% to the 1.244% floor
"Iran, Islamic Rep.",IRN,2030,4946.516119,UM,projected,UM,projected - raised from 1.2% to the 1.244% floor
"Iran, Islamic Rep.",IRN,2031,5008.05078,UM,projected,UM,projected - raised from 1.2% to the 1.244% floor
"Iran, Islamic Rep.",IRN,2032,5070.350932,UM,projected,UM,projected - raised from 1.2% to the 1.244% floor
"Iran, Islamic Rep.",IRN,2033,5133.426097,UM,projected,UM,projected - raised from 1.2% to the 1.244% floor
"Iran, Islamic Rep.",IRN,2034,5197.285918,UM,projected,UM,projected - raised from 1.2% to the 1.244% floor
"Iran, Islamic Rep.",IRN,2035,5261.940155,UM,projected,UM,projected - raised from 1.2% to the 1.244% floor
"Iran, Islamic Rep.",IRN,2036,5327.39869,UM,projected,UM,projected - raised from 1.2% to the 1.244% floor
"Iran, Islamic Rep.",IRN,2037,5393.67153,UM,projected,UM,projected - raised from 1.2% to the 1.244% floor
"Iran, Islamic Rep.",IRN,2038,5460.768804,UM,projected,UM,projected - raised from 1.2% to the 1.244% floor
"Iran, Islamic Rep.",IRN,2039,5528.700768,UM,projected,UM,projected - raised from 1.2% to the 1.244% floor
"Iran, Islamic Rep.",IRN,2040,5597.477805,UM,projected,UM,projected - raised from 1.2% to the 1.244% floor
"Iran, Islamic Rep.",IRN,2041,5667.110429,UM,projected,UM,projected - raised from 1.2% to the 1.244% floor
"Iran, Islamic Rep.",IRN,2042,5737.609283,UM,projected,UM,projected - raised from 1.2% to the 1.244% floor
"Iran, Islamic Rep.",IRN,2043,5808.985142,UM,projected,UM,projected - raised from 1.2% to the 1.244% floor
"Iran, Islamic Rep.",IRN,2044,5881.248917,UM,projected,UM,projected - raised from 1.2% to the 1.244% floor
"Iran, Islamic Rep.",IRN,2045,5954.411654,UM,projected,UM,projected - raised from 1.2% to the 1.244% floor
"Iran, Islamic Rep.",IRN,2046,6028.484535,UM,projected,UM,projected - raised from 1.2% to the 1.244% floor
"Iran, Islamic Rep.",IRN,2047,6103.478883,UM,projected,UM,projected - raised from 1.2% to the 1.244% floor
"Iran, Islamic Rep.",IRN,2048,6179.40616,UM,projected,UM,projected - raised from 1.2% to the 1.244% floor
"Iran, Islamic Rep.",IRN,2049,6256.277973,UM,projected,UM,projected - raised from 1.2% to the 1.244% floor
"Iran, Islamic Rep.",IRN,2050,6334.10607,UM,projected,UM,projected - raised from 1.2% to the 1.244% floor
Iraq,IRQ,1987,3480.0,UM,actual,UM,projected - raised from 1.1% to the 1.244% floor
Iraq,IRQ,1988,3660.0,UM,actual,UM,projected - raised from 1.1% to the 1.244% floor
Iraq,IRQ,1989,3650.0,UM,actual,UM,projected - raised from 1.1% to the 1.244% floor
Iraq,IRQ,1990,7000.0,UM,actual,UM,projected - raised from 1.1% to the 1.244% floor
Iraq,IRQ,1991,70.0,LM,actual,UM,projected - raised from 1.1% to the 1.244% floor
Iraq,IRQ,1992,50.0,LM,actual,UM,projected - raised from 1.1% to the 1.244% floor
Iraq,IRQ,1993,40.0,LM,actual,UM,projected - raised from 1.1% to the 1.244% floor
Iraq,IRQ,1994,60.0,LM,actual,UM,projected - raised from 1.1% to the 1.244% floor
Iraq,IRQ,1995,120.0,LM,actual,UM,projected - raised from 1.1% to the 1.244% floor
Iraq,IRQ,1996,380.0,LM,actual,UM,projected - raised from 1.1% to the 1.244% floor
Iraq,IRQ,1997,730.0,LM,actual,UM,projected - raised from 1.1% to the 1.244% floor
Iraq,IRQ,1998,890.0,LM,actual,UM,projected - raised from 1.1% to the 1.244% floor
Iraq,IRQ,1999,1240.0,LM,actual,UM,projected - raised from 1.1% to the 1.244% floor
Iraq,IRQ,2000,1530.0,LM,actual,UM,projected - raised from 1.1% to the 1.244% floor
Iraq,IRQ,2001,1660.0,LM,actual,UM,projected - raised from 1.1% to the 1.244% floor
Iraq,IRQ,2002,1330.0,LM,actual,UM,projected - raised from 1.1% to the 1.244% floor
Iraq,IRQ,2003,790.0,LM,actual,UM,projected - raised from 1.1% to the 1.244% floor
Iraq,IRQ,2004,1310.0,LM,actual,UM,projected - raised from 1.1% to the 1.244% floor
Iraq,IRQ,2005,1510.0,LM,actual,UM,projected - raised from 1.1% to the 1.244% floor
Iraq,IRQ,2006,1880.0,LM,actual,UM,projected - raised from 1.1% to the 1.244% floor
Iraq,IRQ,2007,2480.0,LM,actual,UM,projected - raised from 1.1% to the 1.244% floor
Iraq,IRQ,2008,3470.0,LM,actual,UM,projected - raised from 1.1% to the 1.244% floor
Iraq,IRQ,2009,4010.0,LM,actual,UM,projected - raised from 1.1% to the 1.244% floor
Iraq,IRQ,2010,4390.0,LM,actual,UM,projected - raised from 1.1% to the 1.244% floor
Iraq,IRQ,2011,4740.0,LM,actual,UM,projected - raised from 1.1% to the 1.244% floor
Iraq,IRQ,2012,5980.0,UM,actual,UM,projected - raised from 1.1% to the 1.244% floor
Iraq,IRQ,2013,6620.0,UM,actual,UM,projected - raised from 1.1% to the 1.244% floor
Iraq,IRQ,2014,6440.0,UM,actual,UM,projected - raised from 1.1% to the 1.244% floor
Iraq,IRQ,2015,5460.0,UM,actual,UM,projected - raised from 1.1% to the 1.244% floor
Iraq,IRQ,2016,5060.0,UM,actual,UM,projected - raised from 1.1% to the 1.244% floor
Iraq,IRQ,2017,4430.0,UM,actual,UM,projected - raised from 1.1% to the 1.244% floor
Iraq,IRQ,2018,4820.0,UM,actual,UM,projected - raised from 1.1% to the 1.244% floor
Iraq,IRQ,2019,5520.0,UM,actual,UM,projected - raised from 1.1% to the 1.244% floor
Iraq,IRQ,2020,4720.0,UM,actual,UM,projected - raised from 1.1% to the 1.244% floor
Iraq,IRQ,2021,4740.0,UM,actual,UM,projected - raised from 1.1% to the 1.244% floor
Iraq,IRQ,2022,5510.0,UM,actual,UM,projected - raised from 1.1% to the 1.244% floor
Iraq,IRQ,2023,5920.0,UM,actual,UM,projected - raised from 1.1% to the 1.244% floor
Iraq,IRQ,2024,6030.0,UM,actual,UM,projected - raised from 1.1% to the 1.244% floor
Iraq,IRQ,2025,5690.0,UM,actual,UM,projected - raised from 1.1% to the 1.244% floor
Iraq,IRQ,2026,5760.7836,UM,projected,UM,projected - raised from 1.1% to the 1.244% floor
Iraq,IRQ,2027,5832.447748,UM,projected,UM,projected - raised from 1.1% to the 1.244% floor
Iraq,IRQ,2028,5905.003398,UM,projected,UM,projected - raised from 1.1% to the 1.244% floor
Iraq,IRQ,2029,5978.46164,UM,projected,UM,projected - raised from 1.1% to the 1.244% floor
Iraq,IRQ,2030,6052.833703,UM,projected,UM,projected - raised from 1.1% to the 1.244% floor
Iraq,IRQ,2031,6128.130954,UM,projected,UM,projected - raised from 1.1% to the 1.244% floor
Iraq,IRQ,2032,6204.364903,UM,projected,UM,projected - raised from 1.1% to the 1.244% floor
Iraq,IRQ,2033,6281.547203,UM,projected,UM,projected - raised from 1.1% to the 1.244% floor
Iraq,IRQ,2034,6359.68965,UM,projected,UM,projected - raised from 1.1% to the 1.244% floor
Iraq,IRQ,2035,6438.804189,UM,projected,UM,projected - raised from 1.1% to the 1.244% floor
Iraq,IRQ,2036,6518.902913,UM,projected,UM,projected - raised from 1.1% to the 1.244% floor
Iraq,IRQ,2037,6599.998066,UM,projected,UM,projected - raised from 1.1% to the 1.244% floor
Iraq,IRQ,2038,6682.102042,UM,projected,UM,projected - raised from 1.1% to the 1.244% floor
Iraq,IRQ,2039,6765.227391,UM,projected,UM,projected - raised from 1.1% to the 1.244% floor
Iraq,IRQ,2040,6849.38682,UM,projected,UM,projected - raised from 1.1% to the 1.244% floor
Iraq,IRQ,2041,6934.593192,UM,projected,UM,projected - raised from 1.1% to the 1.244% floor
Iraq,IRQ,2042,7020.859531,UM,projected,UM,projected - raised from 1.1% to the 1.244% floor
Iraq,IRQ,2043,7108.199024,UM,projected,UM,projected - raised from 1.1% to the 1.244% floor
Iraq,IRQ,2044,7196.625019,UM,projected,UM,projected - raised from 1.1% to the 1.244% floor
Iraq,IRQ,2045,7286.151035,UM,projected,UM,projected - raised from 1.1% to the 1.244% floor
Iraq,IRQ,2046,7376.790754,UM,projected,UM,projected - raised from 1.1% to the 1.244% floor
Iraq,IRQ,2047,7468.558031,UM,projected,UM,projected - raised from 1.1% to the 1.244% floor
Iraq,IRQ,2048,7561.466892,UM,projected,UM,projected - raised from 1.1% to the 1.244% floor
Iraq,IRQ,2049,7655.531541,UM,projected,UM,projected - raised from 1.1% to the 1.244% floor
Iraq,IRQ,2050,7750.766353,UM,projected,UM,projected - raised from 1.1% to the 1.244% floor
Ireland,IRL,1987,8220.0,H,actual,H,projected
Ireland,IRL,1988,10420.0,H,actual,H,projected
Ireland,IRL,1989,11100.0,H,actual,H,projected
Ireland,IRL,1990,12560.0,H,actual,H,projected
Ireland,IRL,1991,13130.0,H,actual,H,projected
Ireland,IRL,1992,14440.0,H,actual,H,projected
Ireland,IRL,1993,14600.0,H,actual,H,projected
Ireland,IRL,1994,15480.0,H,actual,H,projected
Ireland,IRL,1995,16920.0,H,actual,H,projected
Ireland,IRL,1996,18880.0,H,actual,H,projected
Ireland,IRL,1997,20650.0,H,actual,H,projected
Ireland,IRL,1998,21430.0,H,actual,H,projected
Ireland,IRL,1999,22690.0,H,actual,H,projected
Ireland,IRL,2000,24130.0,H,actual,H,projected
Ireland,IRL,2001,24080.0,H,actual,H,projected
Ireland,IRL,2002,24920.0,H,actual,H,projected
Ireland,IRL,2003,29980.0,H,actual,H,projected
Ireland,IRL,2004,37840.0,H,actual,H,projected
Ireland,IRL,2005,44640.0,H,actual,H,projected
Ireland,IRL,2006,47950.0,H,actual,H,projected
Ireland,IRL,2007,50540.0,H,actual,H,projected
Ireland,IRL,2008,50940.0,H,actual,H,projected
Ireland,IRL,2009,46810.0,H,actual,H,projected
Ireland,IRL,2010,44970.0,H,actual,H,projected
Ireland,IRL,2011,42670.0,H,actual,H,projected
Ireland,IRL,2012,41070.0,H,actual,H,projected
Ireland,IRL,2013,44170.0,H,actual,H,projected
Ireland,IRL,2014,47580.0,H,actual,H,projected
Ireland,IRL,2015,52340.0,H,actual,H,projected
Ireland,IRL,2016,52880.0,H,actual,H,projected
Ireland,IRL,2017,54410.0,H,actual,H,projected
Ireland,IRL,2018,59110.0,H,actual,H,projected
Ireland,IRL,2019,62460.0,H,actual,H,projected
Ireland,IRL,2020,64420.0,H,actual,H,projected
Ireland,IRL,2021,74070.0,H,actual,H,projected
Ireland,IRL,2022,75970.0,H,actual,H,projected
Ireland,IRL,2023,79280.0,H,actual,H,projected
Ireland,IRL,2024,80650.0,H,actual,H,projected
Ireland,IRL,2025,87360.0,H,actual,H,projected
Ireland,IRL,2026,90633.812219,H,projected,H,projected
Ireland,IRL,2027,94030.31041,H,projected,H,projected
Ireland,IRL,2028,97554.092224,H,projected,H,projected
Ireland,IRL,2029,101209.927608,H,projected,H,projected
Ireland,IRL,2030,105002.765265,H,projected,H,projected
Ireland,IRL,2031,108937.73935,H,projected,H,projected
Ireland,IRL,2032,113020.176417,H,projected,H,projected
Ireland,IRL,2033,117255.602638,H,projected,H,projected
Ireland,IRL,2034,121649.751272,H,projected,H,projected
Ireland,IRL,2035,126208.570437,H,projected,H,projected
Ireland,IRL,2036,130938.231152,H,projected,H,projected
Ireland,IRL,2037,135845.135698,H,projected,H,projected
Ireland,IRL,2038,140935.92628,H,projected,H,projected
Ireland,IRL,2039,146217.494018,H,projected,H,projected
Ireland,IRL,2040,151696.988279,H,projected,H,projected
Ireland,IRL,2041,157381.82635,H,projected,H,projected
Ireland,IRL,2042,163279.703481,H,projected,H,projected
Ireland,IRL,2043,169398.603303,H,projected,H,projected
Ireland,IRL,2044,175746.808631,H,projected,H,projected
Ireland,IRL,2045,182332.912679,H,projected,H,projected
Ireland,IRL,2046,189165.830691,H,projected,H,projected
Ireland,IRL,2047,196254.81201,H,projected,H,projected
Ireland,IRL,2048,203609.452598,H,projected,H,projected
Ireland,IRL,2049,211239.708022,H,projected,H,projected
Ireland,IRL,2050,219155.906939,H,projected,H,projected
Isle of Man,IMN,1987,7930.0,H,actual,H,projected - raised from 0.1% to the 1.244% floor
Isle of Man,IMN,1988,10360.0,H,actual,H,projected - raised from 0.1% to the 1.244% floor
Isle of Man,IMN,1989,11430.0,H,actual,H,projected - raised from 0.1% to the 1.244% floor
Isle of Man,IMN,1990,12410.0,UM,actual,H,projected - raised from 0.1% to the 1.244% floor
Isle of Man,IMN,1991,13120.0,UM,actual,H,projected - raised from 0.1% to the 1.244% floor
Isle of Man,IMN,1992,14420.0,UM,actual,H,projected - raised from 0.1% to the 1.244% floor
Isle of Man,IMN,1993,13920.0,UM,actual,H,projected - raised from 0.1% to the 1.244% floor
Isle of Man,IMN,1994,13740.0,UM,actual,H,projected - raised from 0.1% to the 1.244% floor
Isle of Man,IMN,1995,14170.0,UM,actual,H,projected - raised from 0.1% to the 1.244% floor
Isle of Man,IMN,1996,15490.0,UM,actual,H,projected - raised from 0.1% to the 1.244% floor
Isle of Man,IMN,1997,17210.0,UM,actual,H,projected - raised from 0.1% to the 1.244% floor
Isle of Man,IMN,1998,18970.0,UM,actual,H,projected - raised from 0.1% to the 1.244% floor
Isle of Man,IMN,1999,21680.0,UM,actual,H,projected - raised from 0.1% to the 1.244% floor
Isle of Man,IMN,2000,22470.0,UM,actual,H,projected - raised from 0.1% to the 1.244% floor
Isle of Man,IMN,2001,23100.0,UM,actual,H,projected - raised from 0.1% to the 1.244% floor
Isle of Man,IMN,2002,24130.0,H,actual,H,projected - raised from 0.1% to the 1.244% floor
Isle of Man,IMN,2003,27590.0,H,actual,H,projected - raised from 0.1% to the 1.244% floor
Isle of Man,IMN,2004,33670.0,H,actual,H,projected - raised from 0.1% to the 1.244% floor
Isle of Man,IMN,2005,39430.0,H,actual,H,projected - raised from 0.1% to the 1.244% floor
Isle of Man,IMN,2006,44860.0,H,actual,H,projected - raised from 0.1% to the 1.244% floor
Isle of Man,IMN,2007,47950.0,H,actual,H,projected - raised from 0.1% to the 1.244% floor
Isle of Man,IMN,2008,43640.0,H,actual,H,projected - raised from 0.1% to the 1.244% floor
Isle of Man,IMN,2009,46790.0,H,actual,H,projected - raised from 0.1% to the 1.244% floor
Isle of Man,IMN,2010,72410.0,H,actual,H,projected - raised from 0.1% to the 1.244% floor
Isle of Man,IMN,2011,74840.0,H,actual,H,projected - raised from 0.1% to the 1.244% floor
Isle of Man,IMN,2012,82400.0,H,actual,H,projected - raised from 0.1% to the 1.244% floor
Isle of Man,IMN,2013,87680.0,H,actual,H,projected - raised from 0.1% to the 1.244% floor
Isle of Man,IMN,2014,88570.0,H,actual,H,projected - raised from 0.1% to the 1.244% floor
Isle of Man,IMN,2015,83630.0,H,actual,H,projected - raised from 0.1% to the 1.244% floor
Isle of Man,IMN,2016,78690.0,H,actual,H,projected - raised from 0.1% to the 1.244% floor
Isle of Man,IMN,2017,77890.0,H,actual,H,projected - raised from 0.1% to the 1.244% floor
Isle of Man,IMN,2018,83430.0,H,actual,H,projected - raised from 0.1% to the 1.244% floor
Isle of Man,IMN,2019,84470.0,H,actual,H,projected - raised from 0.1% to the 1.244% floor
Isle of Man,IMN,2020,79280.0,H,actual,H,projected - raised from 0.1% to the 1.244% floor
Isle of Man,IMN,2021,76440.0,H,actual,H,projected - raised from 0.1% to the 1.244% floor
Isle of Man,IMN,2022,78440.0,H,actual,H,projected - raised from 0.1% to the 1.244% floor
Isle of Man,IMN,2023,87030.0,H,actual,H,projected - raised from 0.1% to the 1.244% floor
Isle of Man,IMN,2024,,H,actual,H,projected - raised from 0.1% to the 1.244% floor
Isle of Man,IMN,2025,,H,actual,H,projected - raised from 0.1% to the 1.244% floor
Isle of Man,IMN,2026,88112.6532,H,projected,H,projected - raised from 0.1% to the 1.244% floor
Isle of Man,IMN,2027,89208.774606,H,projected,H,projected - raised from 0.1% to the 1.244% floor
Isle of Man,IMN,2028,90318.531762,H,projected,H,projected - raised from 0.1% to the 1.244% floor
Isle of Man,IMN,2029,91442.094297,H,projected,H,projected - raised from 0.1% to the 1.244% floor
Isle of Man,IMN,2030,92579.63395,H,projected,H,projected - raised from 0.1% to the 1.244% floor
Isle of Man,IMN,2031,93731.324596,H,projected,H,projected - raised from 0.1% to the 1.244% floor
Isle of Man,IMN,2032,94897.342274,H,projected,H,projected - raised from 0.1% to the 1.244% floor
Isle of Man,IMN,2033,96077.865212,H,projected,H,projected - raised from 0.1% to the 1.244% floor
Isle of Man,IMN,2034,97273.073856,H,projected,H,projected - raised from 0.1% to the 1.244% floor
Isle of Man,IMN,2035,98483.150894,H,projected,H,projected - raised from 0.1% to the 1.244% floor
Isle of Man,IMN,2036,99708.281291,H,projected,H,projected - raised from 0.1% to the 1.244% floor
Isle of Man,IMN,2037,100948.652311,H,projected,H,projected - raised from 0.1% to the 1.244% floor
Isle of Man,IMN,2038,102204.453545,H,projected,H,projected - raised from 0.1% to the 1.244% floor
Isle of Man,IMN,2039,103475.876948,H,projected,H,projected - raised from 0.1% to the 1.244% floor
Isle of Man,IMN,2040,104763.116857,H,projected,H,projected - raised from 0.1% to the 1.244% floor
Isle of Man,IMN,2041,106066.37003,H,projected,H,projected - raised from 0.1% to the 1.244% floor
Isle of Man,IMN,2042,107385.835674,H,projected,H,projected - raised from 0.1% to the 1.244% floor
Isle of Man,IMN,2043,108721.715469,H,projected,H,projected - raised from 0.1% to the 1.244% floor
Isle of Man,IMN,2044,110074.21361,H,projected,H,projected - raised from 0.1% to the 1.244% floor
Isle of Man,IMN,2045,111443.536827,H,projected,H,projected - raised from 0.1% to the 1.244% floor
Isle of Man,IMN,2046,112829.894425,H,projected,H,projected - raised from 0.1% to the 1.244% floor
Isle of Man,IMN,2047,114233.498312,H,projected,H,projected - raised from 0.1% to the 1.244% floor
Isle of Man,IMN,2048,115654.563031,H,projected,H,projected - raised from 0.1% to the 1.244% floor
Isle of Man,IMN,2049,117093.305795,H,projected,H,projected - raised from 0.1% to the 1.244% floor
Isle of Man,IMN,2050,118549.946519,H,projected,H,projected - raised from 0.1% to the 1.244% floor
Israel,ISR,1987,9000.0,H,actual,H,projected
Israel,ISR,1988,11050.0,H,actual,H,projected
Israel,ISR,1989,11590.0,H,actual,H,projected
Israel,ISR,1990,12860.0,H,actual,H,projected
Israel,ISR,1991,13660.0,H,actual,H,projected
Israel,ISR,1992,15270.0,H,actual,H,projected
Israel,ISR,1993,15670.0,H,actual,H,projected
Israel,ISR,1994,16620.0,H,actual,H,projected
Israel,ISR,1995,18050.0,H,actual,H,projected
Israel,ISR,1996,19560.0,H,actual,H,projected
Israel,ISR,1997,20070.0,H,actual,H,projected
Israel,ISR,1998,19830.0,H,actual,H,projected
Israel,ISR,1999,19500.0,H,actual,H,projected
Israel,ISR,2000,20360.0,H,actual,H,projected
Israel,ISR,2001,20360.0,H,actual,H,projected
Israel,ISR,2002,19550.0,H,actual,H,projected
Israel,ISR,2003,19650.0,H,actual,H,projected
Israel,ISR,2004,20960.0,H,actual,H,projected
Israel,ISR,2005,22490.0,H,actual,H,projected
Israel,ISR,2006,23340.0,H,actual,H,projected
Israel,ISR,2007,25080.0,H,actual,H,projected
Israel,ISR,2008,27300.0,H,actual,H,projected
Israel,ISR,2009,28440.0,H,actual,H,projected
Israel,ISR,2010,30770.0,H,actual,H,projected
Israel,ISR,2011,32820.0,H,actual,H,projected
Israel,ISR,2012,33500.0,H,actual,H,projected
Israel,ISR,2013,35470.0,H,actual,H,projected
Israel,ISR,2014,37000.0,H,actual,H,projected
Israel,ISR,2015,36900.0,H,actual,H,projected
Israel,ISR,2016,37240.0,H,actual,H,projected
Israel,ISR,2017,38600.0,H,actual,H,projected
Israel,ISR,2018,41960.0,H,actual,H,projected
Israel,ISR,2019,44110.0,H,actual,H,projected
Israel,ISR,2020,43330.0,H,actual,H,projected
Israel,ISR,2021,49640.0,H,actual,H,projected
Israel,ISR,2022,55460.0,H,actual,H,projected
Israel,ISR,2023,54480.0,H,actual,H,projected
Israel,ISR,2024,53090.0,H,actual,H,projected
Israel,ISR,2025,56180.0,H,actual,H,projected
Israel,ISR,2026,58645.154428,H,projected,H,projected
Israel,ISR,2027,61218.478781,H,projected,H,projected
Israel,ISR,2028,63904.719508,H,projected,H,projected
Israel,ISR,2029,66708.831332,H,projected,H,projected
Israel,ISR,2030,69635.986386,H,projected,H,projected
Israel,ISR,2031,72691.583756,H,projected,H,projected
Israel,ISR,2032,75881.259434,H,projected,H,projected
Israel,ISR,2033,79210.896719,H,projected,H,projected
Israel,ISR,2034,82686.637068,H,projected,H,projected
Israel,ISR,2035,86314.891421,H,projected,H,projected
Israel,ISR,2036,90102.352026,H,projected,H,projected
Israel,ISR,2037,94056.004787,H,projected,H,projected
Israel,ISR,2038,98183.142143,H,projected,H,projected
Israel,ISR,2039,102491.376526,H,projected,H,projected
Israel,ISR,2040,106988.654395,H,projected,H,projected
Israel,ISR,2041,111683.270899,H,projected,H,projected
Israel,ISR,2042,116583.885171,H,projected,H,projected
Israel,ISR,2043,121699.536306,H,projected,H,projected
Israel,ISR,2044,127039.66003,H,projected,H,projected
Israel,ISR,2045,132614.106105,H,projected,H,projected
Israel,ISR,2046,138433.156495,H,projected,H,projected
Israel,ISR,2047,144507.544333,H,projected,H,projected
Israel,ISR,2048,150848.473717,H,projected,H,projected
Israel,ISR,2049,157467.640378,H,projected,H,projected
Israel,ISR,2050,164377.253247,H,projected,H,projected
Italy,ITA,1987,12190.0,H,actual,H,projected - raised from 1.0% to the 1.244% floor
Italy,ITA,1988,15990.0,H,actual,H,projected - raised from 1.0% to the 1.244% floor
Italy,ITA,1989,17340.0,H,actual,H,projected - raised from 1.0% to the 1.244% floor
Italy,ITA,1990,18710.0,H,actual,H,projected - raised from 1.0% to the 1.244% floor
Italy,ITA,1991,20410.0,H,actual,H,projected - raised from 1.0% to the 1.244% floor
Italy,ITA,1992,23010.0,H,actual,H,projected - raised from 1.0% to the 1.244% floor
Italy,ITA,1993,21640.0,H,actual,H,projected - raised from 1.0% to the 1.244% floor
Italy,ITA,1994,20910.0,H,actual,H,projected - raised from 1.0% to the 1.244% floor
Italy,ITA,1995,20720.0,H,actual,H,projected - raised from 1.0% to the 1.244% floor
Italy,ITA,1996,21880.0,H,actual,H,projected - raised from 1.0% to the 1.244% floor
Italy,ITA,1997,22370.0,H,actual,H,projected - raised from 1.0% to the 1.244% floor
Italy,ITA,1998,22270.0,H,actual,H,projected - raised from 1.0% to the 1.244% floor
Italy,ITA,1999,22050.0,H,actual,H,projected - raised from 1.0% to the 1.244% floor
Italy,ITA,2000,21980.0,H,actual,H,projected - raised from 1.0% to the 1.244% floor
Italy,ITA,2001,21260.0,H,actual,H,projected - raised from 1.0% to the 1.244% floor
Italy,ITA,2002,20830.0,H,actual,H,projected - raised from 1.0% to the 1.244% floor
Italy,ITA,2003,23440.0,H,actual,H,projected - raised from 1.0% to the 1.244% floor
Italy,ITA,2004,28390.0,H,actual,H,projected - raised from 1.0% to the 1.244% floor
Italy,ITA,2005,32480.0,H,actual,H,projected - raised from 1.0% to the 1.244% floor
Italy,ITA,2006,34260.0,H,actual,H,projected - raised from 1.0% to the 1.244% floor
Italy,ITA,2007,35880.0,H,actual,H,projected - raised from 1.0% to the 1.244% floor
Italy,ITA,2008,37870.0,H,actual,H,projected - raised from 1.0% to the 1.244% floor
Italy,ITA,2009,37830.0,H,actual,H,projected - raised from 1.0% to the 1.244% floor
Italy,ITA,2010,37720.0,H,actual,H,projected - raised from 1.0% to the 1.244% floor
Italy,ITA,2011,37710.0,H,actual,H,projected - raised from 1.0% to the 1.244% floor
Italy,ITA,2012,35970.0,H,actual,H,projected - raised from 1.0% to the 1.244% floor
Italy,ITA,2013,35700.0,H,actual,H,projected - raised from 1.0% to the 1.244% floor
Italy,ITA,2014,35370.0,H,actual,H,projected - raised from 1.0% to the 1.244% floor
Italy,ITA,2015,33460.0,H,actual,H,projected - raised from 1.0% to the 1.244% floor
Italy,ITA,2016,32400.0,H,actual,H,projected - raised from 1.0% to the 1.244% floor
Italy,ITA,2017,31790.0,H,actual,H,projected - raised from 1.0% to the 1.244% floor
Italy,ITA,2018,34270.0,H,actual,H,projected - raised from 1.0% to the 1.244% floor
Italy,ITA,2019,35030.0,H,actual,H,projected - raised from 1.0% to the 1.244% floor
Italy,ITA,2020,32600.0,H,actual,H,projected - raised from 1.0% to the 1.244% floor
Italy,ITA,2021,36760.0,H,actual,H,projected - raised from 1.0% to the 1.244% floor
Italy,ITA,2022,39060.0,H,actual,H,projected - raised from 1.0% to the 1.244% floor
Italy,ITA,2023,38750.0,H,actual,H,projected - raised from 1.0% to the 1.244% floor
Italy,ITA,2024,38640.0,H,actual,H,projected - raised from 1.0% to the 1.244% floor
Italy,ITA,2025,42080.0,H,actual,H,projected - raised from 1.0% to the 1.244% floor
Italy,ITA,2026,42603.4752,H,projected,H,projected - raised from 1.0% to the 1.244% floor
Italy,ITA,2027,43133.462431,H,projected,H,projected - raised from 1.0% to the 1.244% floor
Italy,ITA,2028,43670.042704,H,projected,H,projected - raised from 1.0% to the 1.244% floor
Italy,ITA,2029,44213.298035,H,projected,H,projected - raised from 1.0% to the 1.244% floor
Italy,ITA,2030,44763.311463,H,projected,H,projected - raised from 1.0% to the 1.244% floor
Italy,ITA,2031,45320.167058,H,projected,H,projected - raised from 1.0% to the 1.244% floor
Italy,ITA,2032,45883.949936,H,projected,H,projected - raised from 1.0% to the 1.244% floor
Italy,ITA,2033,46454.746273,H,projected,H,projected - raised from 1.0% to the 1.244% floor
Italy,ITA,2034,47032.643317,H,projected,H,projected - raised from 1.0% to the 1.244% floor
Italy,ITA,2035,47617.729399,H,projected,H,projected - raised from 1.0% to the 1.244% floor
Italy,ITA,2036,48210.093953,H,projected,H,projected - raised from 1.0% to the 1.244% floor
Italy,ITA,2037,48809.827522,H,projected,H,projected - raised from 1.0% to the 1.244% floor
Italy,ITA,2038,49417.021776,H,projected,H,projected - raised from 1.0% to the 1.244% floor
Italy,ITA,2039,50031.769527,H,projected,H,projected - raised from 1.0% to the 1.244% floor
Italy,ITA,2040,50654.16474,H,projected,H,projected - raised from 1.0% to the 1.244% floor
Italy,ITA,2041,51284.302549,H,projected,H,projected - raised from 1.0% to the 1.244% floor
Italy,ITA,2042,51922.279273,H,projected,H,projected - raised from 1.0% to the 1.244% floor
Italy,ITA,2043,52568.192427,H,projected,H,projected - raised from 1.0% to the 1.244% floor
Italy,ITA,2044,53222.140741,H,projected,H,projected - raised from 1.0% to the 1.244% floor
Italy,ITA,2045,53884.224172,H,projected,H,projected - raised from 1.0% to the 1.244% floor
Italy,ITA,2046,54554.543921,H,projected,H,projected - raised from 1.0% to the 1.244% floor
Italy,ITA,2047,55233.202447,H,projected,H,projected - raised from 1.0% to the 1.244% floor
Italy,ITA,2048,55920.303485,H,projected,H,projected - raised from 1.0% to the 1.244% floor
Italy,ITA,2049,56615.952061,H,projected,H,projected - raised from 1.0% to the 1.244% floor
Italy,ITA,2050,57320.254504,H,projected,H,projected - raised from 1.0% to the 1.244% floor
Jamaica,JAM,1987,1190.0,LM,actual,UM,projected
Jamaica,JAM,1988,1510.0,LM,actual,UM,projected
Jamaica,JAM,1989,1720.0,LM,actual,UM,projected
Jamaica,JAM,1990,1800.0,LM,actual,UM,projected
Jamaica,JAM,1991,1760.0,LM,actual,UM,projected
Jamaica,JAM,1992,1630.0,LM,actual,UM,projected
Jamaica,JAM,1993,1860.0,LM,actual,UM,projected
Jamaica,JAM,1994,1900.0,LM,actual,UM,projected
Jamaica,JAM,1995,2330.0,LM,actual,UM,projected
Jamaica,JAM,1996,2560.0,LM,actual,UM,projected
Jamaica,JAM,1997,2800.0,LM,actual,UM,projected
Jamaica,JAM,1998,2940.0,LM,actual,UM,projected
Jamaica,JAM,1999,3170.0,LM,actual,UM,projected
Jamaica,JAM,2000,3300.0,LM,actual,UM,projected
Jamaica,JAM,2001,3300.0,LM,actual,UM,projected
Jamaica,JAM,2002,3320.0,LM,actual,UM,projected
Jamaica,JAM,2003,3500.0,LM,actual,UM,projected
Jamaica,JAM,2004,3730.0,LM,actual,UM,projected
Jamaica,JAM,2005,3870.0,LM,actual,UM,projected
Jamaica,JAM,2006,4170.0,LM,actual,UM,projected
Jamaica,JAM,2007,4400.0,UM,actual,UM,projected
Jamaica,JAM,2008,4660.0,UM,actual,UM,projected
Jamaica,JAM,2009,4420.0,UM,actual,UM,projected
Jamaica,JAM,2010,4490.0,UM,actual,UM,projected
Jamaica,JAM,2011,4700.0,UM,actual,UM,projected
Jamaica,JAM,2012,5100.0,UM,actual,UM,projected
Jamaica,JAM,2013,5150.0,UM,actual,UM,projected
Jamaica,JAM,2014,5060.0,UM,actual,UM,projected
Jamaica,JAM,2015,4940.0,UM,actual,UM,projected
Jamaica,JAM,2016,4990.0,UM,actual,UM,projected
Jamaica,JAM,2017,5300.0,UM,actual,UM,projected
Jamaica,JAM,2018,5610.0,UM,actual,UM,projected
Jamaica,JAM,2019,5930.0,UM,actual,UM,projected
Jamaica,JAM,2020,5360.0,UM,actual,UM,projected
Jamaica,JAM,2021,5690.0,UM,actual,UM,projected
Jamaica,JAM,2022,6340.0,UM,actual,UM,projected
Jamaica,JAM,2023,6860.0,UM,actual,UM,projected
Jamaica,JAM,2024,7190.0,UM,actual,UM,projected
Jamaica,JAM,2025,7790.0,UM,actual,UM,projected
Jamaica,JAM,2026,8257.624859,UM,projected,UM,projected
Jamaica,JAM,2027,8753.320708,UM,projected,UM,projected
Jamaica,JAM,2028,9278.772616,UM,projected,UM,projected
Jamaica,JAM,2029,9835.766806,UM,projected,UM,projected
Jamaica,JAM,2030,10426.196725,UM,projected,UM,projected
Jamaica,JAM,2031,11052.069481,UM,projected,UM,projected
Jamaica,JAM,2032,11715.512669,UM,projected,UM,projected
Jamaica,JAM,2033,12418.781599,UM,projected,UM,projected
Jamaica,JAM,2034,13164.266965,UM,projected,UM,projected
Jamaica,JAM,2035,13954.50297,UM,projected,UM,projected
Jamaica,JAM,2036,14792.175947,UM,projected,UM,projected
Jamaica,JAM,2037,15680.133481,UM,projected,UM,projected
Jamaica,JAM,2038,16621.394099,UM,projected,UM,projected
Jamaica,JAM,2039,17619.157523,H,projected,UM,projected
Jamaica,JAM,2040,18676.815554,H,projected,UM,projected
Jamaica,JAM,2041,19797.963595,H,projected,UM,projected
Jamaica,JAM,2042,20986.412881,H,projected,UM,projected
Jamaica,JAM,2043,22246.203429,H,projected,UM,projected
Jamaica,JAM,2044,23581.617774,H,projected,UM,projected
Jamaica,JAM,2045,24997.195526,H,projected,UM,projected
Jamaica,JAM,2046,26497.748805,H,projected,UM,projected
Jamaica,JAM,2047,28088.378593,H,projected,UM,projected
Jamaica,JAM,2048,29774.492083,H,projected,UM,projected
Jamaica,JAM,2049,31561.821052,H,projected,UM,projected
Jamaica,JAM,2050,33456.441351,H,projected,UM,projected
Japan,JPN,1987,18770.0,H,actual,H,projected - raised from -0.7% to the 1.244% floor
Japan,JPN,1988,25750.0,H,actual,H,projected - raised from -0.7% to the 1.244% floor
Japan,JPN,1989,28050.0,H,actual,H,projected - raised from -0.7% to the 1.244% floor
Japan,JPN,1990,28990.0,H,actual,H,projected - raised from -0.7% to the 1.244% floor
Japan,JPN,1991,29660.0,H,actual,H,projected - raised from -0.7% to the 1.244% floor
Japan,JPN,1992,31650.0,H,actual,H,projected - raised from -0.7% to the 1.244% floor
Japan,JPN,1993,34780.0,H,actual,H,projected - raised from -0.7% to the 1.244% floor
Japan,JPN,1994,38380.0,H,actual,H,projected - raised from -0.7% to the 1.244% floor
Japan,JPN,1995,43580.0,H,actual,H,projected - raised from -0.7% to the 1.244% floor
Japan,JPN,1996,44730.0,H,actual,H,projected - raised from -0.7% to the 1.244% floor
Japan,JPN,1997,41610.0,H,actual,H,projected - raised from -0.7% to the 1.244% floor
Japan,JPN,1998,35530.0,H,actual,H,projected - raised from -0.7% to the 1.244% floor
Japan,JPN,1999,34750.0,H,actual,H,projected - raised from -0.7% to the 1.244% floor
Japan,JPN,2000,37330.0,H,actual,H,projected - raised from -0.7% to the 1.244% floor
Japan,JPN,2001,37890.0,H,actual,H,projected - raised from -0.7% to the 1.244% floor
Japan,JPN,2002,35880.0,H,actual,H,projected - raised from -0.7% to the 1.244% floor
Japan,JPN,2003,36120.0,H,actual,H,projected - raised from -0.7% to the 1.244% floor
Japan,JPN,2004,39430.0,H,actual,H,projected - raised from -0.7% to the 1.244% floor
Japan,JPN,2005,41690.0,H,actual,H,projected - raised from -0.7% to the 1.244% floor
Japan,JPN,2006,41030.0,H,actual,H,projected - raised from -0.7% to the 1.244% floor
Japan,JPN,2007,39770.0,H,actual,H,projected - raised from -0.7% to the 1.244% floor
Japan,JPN,2008,39820.0,H,actual,H,projected - raised from -0.7% to the 1.244% floor
Japan,JPN,2009,39540.0,H,actual,H,projected - raised from -0.7% to the 1.244% floor
Japan,JPN,2010,44290.0,H,actual,H,projected - raised from -0.7% to the 1.244% floor
Japan,JPN,2011,47800.0,H,actual,H,projected - raised from -0.7% to the 1.244% floor
Japan,JPN,2012,50540.0,H,actual,H,projected - raised from -0.7% to the 1.244% floor
Japan,JPN,2013,49350.0,H,actual,H,projected - raised from -0.7% to the 1.244% floor
Japan,JPN,2014,45180.0,H,actual,H,projected - raised from -0.7% to the 1.244% floor
Japan,JPN,2015,40140.0,H,actual,H,projected - raised from -0.7% to the 1.244% floor
Japan,JPN,2016,39220.0,H,actual,H,projected - raised from -0.7% to the 1.244% floor
Japan,JPN,2017,39700.0,H,actual,H,projected - raised from -0.7% to the 1.244% floor
Japan,JPN,2018,42720.0,H,actual,H,projected - raised from -0.7% to the 1.244% floor
Japan,JPN,2019,42960.0,H,actual,H,projected - raised from -0.7% to the 1.244% floor
Japan,JPN,2020,41880.0,H,actual,H,projected - raised from -0.7% to the 1.244% floor
Japan,JPN,2021,45160.0,H,actual,H,projected - raised from -0.7% to the 1.244% floor
Japan,JPN,2022,44300.0,H,actual,H,projected - raised from -0.7% to the 1.244% floor
Japan,JPN,2023,40740.0,H,actual,H,projected - raised from -0.7% to the 1.244% floor
Japan,JPN,2024,37170.0,H,actual,H,projected - raised from -0.7% to the 1.244% floor
Japan,JPN,2025,38340.0,H,actual,H,projected - raised from -0.7% to the 1.244% floor
Japan,JPN,2026,38816.9496,H,projected,H,projected - raised from -0.7% to the 1.244% floor
Japan,JPN,2027,39299.832453,H,projected,H,projected - raised from -0.7% to the 1.244% floor
Japan,JPN,2028,39788.722369,H,projected,H,projected - raised from -0.7% to the 1.244% floor
Japan,JPN,2029,40283.694075,H,projected,H,projected - raised from -0.7% to the 1.244% floor
Japan,JPN,2030,40784.823229,H,projected,H,projected - raised from -0.7% to the 1.244% floor
Japan,JPN,2031,41292.18643,H,projected,H,projected - raised from -0.7% to the 1.244% floor
Japan,JPN,2032,41805.861229,H,projected,H,projected - raised from -0.7% to the 1.244% floor
Japan,JPN,2033,42325.926143,H,projected,H,projected - raised from -0.7% to the 1.244% floor
Japan,JPN,2034,42852.460664,H,projected,H,projected - raised from -0.7% to the 1.244% floor
Japan,JPN,2035,43385.545275,H,projected,H,projected - raised from -0.7% to the 1.244% floor
Japan,JPN,2036,43925.261458,H,projected,H,projected - raised from -0.7% to the 1.244% floor
Japan,JPN,2037,44471.691711,H,projected,H,projected - raised from -0.7% to the 1.244% floor
Japan,JPN,2038,45024.919556,H,projected,H,projected - raised from -0.7% to the 1.244% floor
Japan,JPN,2039,45585.029555,H,projected,H,projected - raised from -0.7% to the 1.244% floor
Japan,JPN,2040,46152.107323,H,projected,H,projected - raised from -0.7% to the 1.244% floor
Japan,JPN,2041,46726.239538,H,projected,H,projected - raised from -0.7% to the 1.244% floor
Japan,JPN,2042,47307.513958,H,projected,H,projected - raised from -0.7% to the 1.244% floor
Japan,JPN,2043,47896.019431,H,projected,H,projected - raised from -0.7% to the 1.244% floor
Japan,JPN,2044,48491.845913,H,projected,H,projected - raised from -0.7% to the 1.244% floor
Japan,JPN,2045,49095.084476,H,projected,H,projected - raised from -0.7% to the 1.244% floor
Japan,JPN,2046,49705.827327,H,projected,H,projected - raised from -0.7% to the 1.244% floor
Japan,JPN,2047,50324.167819,H,projected,H,projected - raised from -0.7% to the 1.244% floor
Japan,JPN,2048,50950.200467,H,projected,H,projected - raised from -0.7% to the 1.244% floor
Japan,JPN,2049,51584.02096,H,projected,H,projected - raised from -0.7% to the 1.244% floor
Japan,JPN,2050,52225.726181,H,projected,H,projected - raised from -0.7% to the 1.244% floor
Jordan,JOR,1987,2160.0,LM,actual,UM,projected
Jordan,JOR,1988,2200.0,LM,actual,UM,projected
Jordan,JOR,1989,1580.0,LM,actual,UM,projected
Jordan,JOR,1990,1260.0,LM,actual,UM,projected
Jordan,JOR,1991,1040.0,LM,actual,UM,projected
Jordan,JOR,1992,1200.0,LM,actual,UM,projected
Jordan,JOR,1993,1230.0,LM,actual,UM,projected
Jordan,JOR,1994,1290.0,LM,actual,UM,projected
Jordan,JOR,1995,1370.0,LM,actual,UM,projected
Jordan,JOR,1996,1380.0,LM,actual,UM,projected
Jordan,JOR,1997,1390.0,LM,actual,UM,projected
Jordan,JOR,1998,1410.0,LM,actual,UM,projected
Jordan,JOR,1999,1460.0,LM,actual,UM,projected
Jordan,JOR,2000,1590.0,LM,actual,UM,projected
Jordan,JOR,2001,1650.0,LM,actual,UM,projected
Jordan,JOR,2002,1680.0,LM,actual,UM,projected
Jordan,JOR,2003,1800.0,LM,actual,UM,projected
Jordan,JOR,2004,2050.0,LM,actual,UM,projected
Jordan,JOR,2005,2240.0,LM,actual,UM,projected
Jordan,JOR,2006,2340.0,LM,actual,UM,projected
Jordan,JOR,2007,2500.0,LM,actual,UM,projected
Jordan,JOR,2008,3010.0,LM,actual,UM,projected
Jordan,JOR,2009,3510.0,LM,actual,UM,projected
Jordan,JOR,2010,3950.0,UM,actual,UM,projected
Jordan,JOR,2011,4140.0,UM,actual,UM,projected
Jordan,JOR,2012,4400.0,UM,actual,UM,projected
Jordan,JOR,2013,4510.0,UM,actual,UM,projected
Jordan,JOR,2014,4380.0,UM,actual,UM,projected
Jordan,JOR,2015,4220.0,UM,actual,UM,projected
Jordan,JOR,2016,4200.0,LM,actual,UM,projected
Jordan,JOR,2017,4300.0,UM,actual,UM,projected
Jordan,JOR,2018,4480.0,UM,actual,UM,projected
Jordan,JOR,2019,4580.0,UM,actual,UM,projected
Jordan,JOR,2020,4460.0,UM,actual,UM,projected
Jordan,JOR,2021,4650.0,UM,actual,UM,projected
Jordan,JOR,2022,4810.0,LM,actual,UM,projected
Jordan,JOR,2023,4890.0,LM,actual,UM,projected
Jordan,JOR,2024,4880.0,LM,actual,UM,projected
Jordan,JOR,2025,5260.0,UM,actual,UM,projected
Jordan,JOR,2026,5381.324405,UM,projected,UM,projected
Jordan,JOR,2027,5505.447215,UM,projected,UM,projected
Jordan,JOR,2028,5632.432976,UM,projected,UM,projected
Jordan,JOR,2029,5762.347725,UM,projected,UM,projected
Jordan,JOR,2030,5895.259019,UM,projected,UM,projected
Jordan,JOR,2031,6031.235976,UM,projected,UM,projected
Jordan,JOR,2032,6170.349306,UM,projected,UM,projected
Jordan,JOR,2033,6312.671351,UM,projected,UM,projected
Jordan,JOR,2034,6458.276121,UM,projected,UM,projected
Jordan,JOR,2035,6607.239335,UM,projected,UM,projected
Jordan,JOR,2036,6759.638457,UM,projected,UM,projected
Jordan,JOR,2037,6915.552737,UM,projected,UM,projected
Jordan,JOR,2038,7075.063254,UM,projected,UM,projected
Jordan,JOR,2039,7238.252957,UM,projected,UM,projected
Jordan,JOR,2040,7405.206708,UM,projected,UM,projected
Jordan,JOR,2041,7576.011327,UM,projected,UM,projected
Jordan,JOR,2042,7750.755636,UM,projected,UM,projected
Jordan,JOR,2043,7929.530506,UM,projected,UM,projected
Jordan,JOR,2044,8112.428903,UM,projected,UM,projected
Jordan,JOR,2045,8299.545938,UM,projected,UM,projected
Jordan,JOR,2046,8490.978918,UM,projected,UM,projected
Jordan,JOR,2047,8686.82739,UM,projected,UM,projected
Jordan,JOR,2048,8887.1932,UM,projected,UM,projected
Jordan,JOR,2049,9092.180543,UM,projected,UM,projected
Jordan,JOR,2050,9301.896017,UM,projected,UM,projected
Kazakhstan,KAZ,1991,,LM,actual,UM,projected
Kazakhstan,KAZ,1992,,LM,actual,UM,projected
Kazakhstan,KAZ,1993,1350.0,LM,actual,UM,projected
Kazakhstan,KAZ,1994,1240.0,LM,actual,UM,projected
Kazakhstan,KAZ,1995,1210.0,LM,actual,UM,projected
Kazakhstan,KAZ,1996,1270.0,LM,actual,UM,projected
Kazakhstan,KAZ,1997,1330.0,LM,actual,UM,projected
Kazakhstan,KAZ,1998,1340.0,LM,actual,UM,projected
Kazakhstan,KAZ,1999,1250.0,LM,actual,UM,projected
Kazakhstan,KAZ,2000,1220.0,LM,actual,UM,projected
Kazakhstan,KAZ,2001,1290.0,LM,actual,UM,projected
Kazakhstan,KAZ,2002,1450.0,LM,actual,UM,projected
Kazakhstan,KAZ,2003,1720.0,LM,actual,UM,projected
Kazakhstan,KAZ,2004,2180.0,LM,actual,UM,projected
Kazakhstan,KAZ,2005,2780.0,LM,actual,UM,projected
Kazakhstan,KAZ,2006,3670.0,UM,actual,UM,projected
Kazakhstan,KAZ,2007,4740.0,UM,actual,UM,projected
Kazakhstan,KAZ,2008,5870.0,UM,actual,UM,projected
Kazakhstan,KAZ,2009,6580.0,UM,actual,UM,projected
Kazakhstan,KAZ,2010,7210.0,UM,actual,UM,projected
Kazakhstan,KAZ,2011,8030.0,UM,actual,UM,projected
Kazakhstan,KAZ,2012,9640.0,UM,actual,UM,projected
Kazakhstan,KAZ,2013,11490.0,UM,actual,UM,projected
Kazakhstan,KAZ,2014,11720.0,UM,actual,UM,projected
Kazakhstan,KAZ,2015,11040.0,UM,actual,UM,projected
Kazakhstan,KAZ,2016,8500.0,UM,actual,UM,projected
Kazakhstan,KAZ,2017,7780.0,UM,actual,UM,projected
Kazakhstan,KAZ,2018,7800.0,UM,actual,UM,projected
Kazakhstan,KAZ,2019,8500.0,UM,actual,UM,projected
Kazakhstan,KAZ,2020,8380.0,UM,actual,UM,projected
Kazakhstan,KAZ,2021,8540.0,UM,actual,UM,projected
Kazakhstan,KAZ,2022,9400.0,UM,actual,UM,projected
Kazakhstan,KAZ,2023,10710.0,UM,actual,UM,projected
Kazakhstan,KAZ,2024,12100.0,UM,actual,UM,projected
Kazakhstan,KAZ,2025,13740.0,UM,actual,UM,projected
Kazakhstan,KAZ,2026,14487.707913,UM,projected,UM,projected
Kazakhstan,KAZ,2027,15276.104844,H,projected,UM,projected
Kazakhstan,KAZ,2028,16107.405024,H,projected,UM,projected
Kazakhstan,KAZ,2029,16983.943174,H,projected,UM,projected
Kazakhstan,KAZ,2030,17908.181071,H,projected,UM,projected
Kazakhstan,KAZ,2031,18882.714454,H,projected,UM,projected
Kazakhstan,KAZ,2032,19910.280321,H,projected,UM,projected
Kazakhstan,KAZ,2033,20993.764611,H,projected,UM,projected
Kazakhstan,KAZ,2034,22136.21031,H,projected,UM,projected
Kazakhstan,KAZ,2035,23340.826002,H,projected,UM,projected
Kazakhstan,KAZ,2036,24610.994873,H,projected,UM,projected
Kazakhstan,KAZ,2037,25950.284218,H,projected,UM,projected
Kazakhstan,KAZ,2038,27362.455459,H,projected,UM,projected
Kazakhstan,KAZ,2039,28851.474706,H,projected,UM,projected
Kazakhstan,KAZ,2040,30421.5239,H,projected,UM,projected
Kazakhstan,KAZ,2041,32077.012556,H,projected,UM,projected
Kazakhstan,KAZ,2042,33822.590147,H,projected,UM,projected
Kazakhstan,KAZ,2043,35663.159163,H,projected,UM,projected
Kazakhstan,KAZ,2044,37603.888879,H,projected,UM,projected
Kazakhstan,KAZ,2045,39650.229873,H,projected,UM,projected
Kazakhstan,KAZ,2046,41807.929335,H,projected,UM,projected
Kazakhstan,KAZ,2047,44083.047208,H,projected,UM,projected
Kazakhstan,KAZ,2048,46481.973206,H,projected,UM,projected
Kazakhstan,KAZ,2049,49011.444761,H,projected,UM,projected
Kazakhstan,KAZ,2050,51678.565944,H,projected,UM,projected
Kenya,KEN,1987,390.0,L,actual,LM,projected
Kenya,KEN,1988,420.0,L,actual,LM,projected
Kenya,KEN,1989,410.0,L,actual,LM,projected
Kenya,KEN,1990,390.0,L,actual,LM,projected
Kenya,KEN,1991,360.0,L,actual,LM,projected
Kenya,KEN,1992,340.0,L,actual,LM,projected
Kenya,KEN,1993,280.0,L,actual,LM,projected
Kenya,KEN,1994,270.0,L,actual,LM,projected
Kenya,KEN,1995,280.0,L,actual,LM,projected
Kenya,KEN,1996,350.0,L,actual,LM,projected
Kenya,KEN,1997,400.0,L,actual,LM,projected
Kenya,KEN,1998,450.0,L,actual,LM,projected
Kenya,KEN,1999,450.0,L,actual,LM,projected
Kenya,KEN,2000,430.0,L,actual,LM,projected
Kenya,KEN,2001,410.0,L,actual,LM,projected
Kenya,KEN,2002,390.0,L,actual,LM,projected
Kenya,KEN,2003,420.0,L,actual,LM,projected
Kenya,KEN,2004,460.0,L,actual,LM,projected
Kenya,KEN,2005,520.0,L,actual,LM,projected
Kenya,KEN,2006,590.0,L,actual,LM,projected
Kenya,KEN,2007,710.0,L,actual,LM,projected
Kenya,KEN,2008,830.0,L,actual,LM,projected
Kenya,KEN,2009,830.0,L,actual,LM,projected
Kenya,KEN,2010,930.0,L,actual,LM,projected
Kenya,KEN,2011,1010.0,L,actual,LM,projected
Kenya,KEN,2012,1060.0,L,actual,LM,projected
Kenya,KEN,2013,1130.0,L,actual,LM,projected
Kenya,KEN,2014,1250.0,LM,actual,LM,projected
Kenya,KEN,2015,1320.0,LM,actual,LM,projected
Kenya,KEN,2016,1490.0,LM,actual,LM,projected
Kenya,KEN,2017,1540.0,LM,actual,LM,projected
Kenya,KEN,2018,1720.0,LM,actual,LM,projected
Kenya,KEN,2019,1880.0,LM,actual,LM,projected
Kenya,KEN,2020,1910.0,LM,actual,LM,projected
Kenya,KEN,2021,2070.0,LM,actual,LM,projected
Kenya,KEN,2022,2170.0,LM,actual,LM,projected
Kenya,KEN,2023,2110.0,LM,actual,LM,projected
Kenya,KEN,2024,2070.0,LM,actual,LM,projected
Kenya,KEN,2025,2200.0,LM,actual,LM,projected
Kenya,KEN,2026,2322.222222,LM,projected,LM,projected
Kenya,KEN,2027,2451.234568,LM,projected,LM,projected
Kenya,KEN,2028,2587.414266,LM,projected,LM,projected
Kenya,KEN,2029,2731.159503,LM,projected,LM,projected
Kenya,KEN,2030,2882.890587,LM,projected,LM,projected
Kenya,KEN,2031,3043.051175,LM,projected,LM,projected
Kenya,KEN,2032,3212.109573,LM,projected,LM,projected
Kenya,KEN,2033,3390.560105,LM,projected,LM,projected
Kenya,KEN,2034,3578.924556,LM,projected,LM,projected
Kenya,KEN,2035,3777.753697,LM,projected,LM,projected
Kenya,KEN,2036,3987.628903,LM,projected,LM,projected
Kenya,KEN,2037,4209.163842,LM,projected,LM,projected
Kenya,KEN,2038,4443.006278,LM,projected,LM,projected
Kenya,KEN,2039,4689.83996,LM,projected,LM,projected
Kenya,KEN,2040,4950.386624,LM,projected,LM,projected
Kenya,KEN,2041,5225.408103,LM,projected,LM,projected
Kenya,KEN,2042,5515.708553,LM,projected,LM,projected
Kenya,KEN,2043,5822.136806,UM,projected,LM,projected
Kenya,KEN,2044,6145.588851,UM,projected,LM,projected
Kenya,KEN,2045,6487.010454,UM,projected,LM,projected
Kenya,KEN,2046,6847.399924,UM,projected,LM,projected
Kenya,KEN,2047,7227.811031,UM,projected,LM,projected
Kenya,KEN,2048,7629.356088,UM,projected,LM,projected
Kenya,KEN,2049,8053.209204,UM,projected,LM,projected
Kenya,KEN,2050,8500.609715,UM,projected,LM,projected
Kiribati,KIR,1987,480.0,LM,actual,LM,projected
Kiribati,KIR,1988,600.0,LM,actual,LM,projected
Kiribati,KIR,1989,590.0,LM,actual,LM,projected
Kiribati,KIR,1990,610.0,LM,actual,LM,projected
Kiribati,KIR,1991,830.0,LM,actual,LM,projected
Kiribati,KIR,1992,1020.0,LM,actual,LM,projected
Kiribati,KIR,1993,1080.0,LM,actual,LM,projected
Kiribati,KIR,1994,1180.0,LM,actual,LM,projected
Kiribati,KIR,1995,1290.0,LM,actual,LM,projected
Kiribati,KIR,1996,1200.0,LM,actual,LM,projected
Kiribati,KIR,1997,1440.0,LM,actual,LM,projected
Kiribati,KIR,1998,1540.0,LM,actual,LM,projected
Kiribati,KIR,1999,1340.0,LM,actual,LM,projected
Kiribati,KIR,2000,1370.0,LM,actual,LM,projected
Kiribati,KIR,2001,1340.0,LM,actual,LM,projected
Kiribati,KIR,2002,1220.0,LM,actual,LM,projected
Kiribati,KIR,2003,1200.0,LM,actual,LM,projected
Kiribati,KIR,2004,1430.0,LM,actual,LM,projected
Kiribati,KIR,2005,1620.0,LM,actual,LM,projected
Kiribati,KIR,2006,1670.0,LM,actual,LM,projected
Kiribati,KIR,2007,1790.0,LM,actual,LM,projected
Kiribati,KIR,2008,1860.0,LM,actual,LM,projected
Kiribati,KIR,2009,1850.0,LM,actual,LM,projected
Kiribati,KIR,2010,2030.0,LM,actual,LM,projected
Kiribati,KIR,2011,2110.0,LM,actual,LM,projected
Kiribati,KIR,2012,2630.0,LM,actual,LM,projected
Kiribati,KIR,2013,3040.0,LM,actual,LM,projected
Kiribati,KIR,2014,3260.0,LM,actual,LM,projected
Kiribati,KIR,2015,3490.0,LM,actual,LM,projected
Kiribati,KIR,2016,2990.0,LM,actual,LM,projected
Kiribati,KIR,2017,3130.0,LM,actual,LM,projected
Kiribati,KIR,2018,3280.0,LM,actual,LM,projected
Kiribati,KIR,2019,3610.0,LM,actual,LM,projected
Kiribati,KIR,2020,3070.0,LM,actual,LM,projected
Kiribati,KIR,2021,3150.0,LM,actual,LM,projected
Kiribati,KIR,2022,3280.0,LM,actual,LM,projected
Kiribati,KIR,2023,3710.0,LM,actual,LM,projected
Kiribati,KIR,2024,3580.0,LM,actual,LM,projected
Kiribati,KIR,2025,3930.0,LM,actual,LM,projected
Kiribati,KIR,2026,4103.101927,LM,projected,LM,projected
Kiribati,KIR,2027,4283.828352,LM,projected,LM,projected
Kiribati,KIR,2028,4472.515106,LM,projected,LM,projected
Kiribati,KIR,2029,4669.512812,LM,projected,LM,projected
Kiribati,KIR,2030,4875.187536,LM,projected,LM,projected
Kiribati,KIR,2031,5089.921469,UM,projected,LM,projected
Kiribati,KIR,2032,5314.113636,UM,projected,LM,projected
Kiribati,KIR,2033,5548.180636,UM,projected,LM,projected
Kiribati,KIR,2034,5792.55742,UM,projected,LM,projected
Kiribati,KIR,2035,6047.698095,UM,projected,LM,projected
Kiribati,KIR,2036,6314.07677,UM,projected,LM,projected
Kiribati,KIR,2037,6592.188438,UM,projected,LM,projected
Kiribati,KIR,2038,6882.549894,UM,projected,LM,projected
Kiribati,KIR,2039,7185.700696,UM,projected,LM,projected
Kiribati,KIR,2040,7502.204166,UM,projected,LM,projected
Kiribati,KIR,2041,7832.64844,UM,projected,LM,projected
Kiribati,KIR,2042,8177.64756,UM,projected,LM,projected
Kiribati,KIR,2043,8537.842611,UM,projected,LM,projected
Kiribati,KIR,2044,8913.902918,UM,projected,LM,projected
Kiribati,KIR,2045,9306.527288,UM,projected,LM,projected
Kiribati,KIR,2046,9716.445305,UM,projected,LM,projected
Kiribati,KIR,2047,10144.418691,UM,projected,LM,projected
Kiribati,KIR,2048,10591.242718,UM,projected,LM,projected
Kiribati,KIR,2049,11057.747686,UM,projected,LM,projected
Kiribati,KIR,2050,11544.800468,UM,projected,LM,projected
"Korea, Dem. Rep.",PRK,1990,,LM,actual,L,frozen - only 0 of 10 annual rates
"Korea, Dem. Rep.",PRK,1991,,LM,actual,L,frozen - only 0 of 10 annual rates
"Korea, Dem. Rep.",PRK,1992,,LM,actual,L,frozen - only 0 of 10 annual rates
"Korea, Dem. Rep.",PRK,1993,,LM,actual,L,frozen - only 0 of 10 annual rates
"Korea, Dem. Rep.",PRK,1994,,LM,actual,L,frozen - only 0 of 10 annual rates
"Korea, Dem. Rep.",PRK,1995,,LM,actual,L,frozen - only 0 of 10 annual rates
"Korea, Dem. Rep.",PRK,1996,,LM,actual,L,frozen - only 0 of 10 annual rates
"Korea, Dem. Rep.",PRK,1997,,LM,actual,L,frozen - only 0 of 10 annual rates
"Korea, Dem. Rep.",PRK,1998,,L,actual,L,frozen - only 0 of 10 annual rates
"Korea, Dem. Rep.",PRK,1999,,L,actual,L,frozen - only 0 of 10 annual rates
"Korea, Dem. Rep.",PRK,2000,,L,actual,L,frozen - only 0 of 10 annual rates
"Korea, Dem. Rep.",PRK,2001,,L,actual,L,frozen - only 0 of 10 annual rates
"Korea, Dem. Rep.",PRK,2002,,L,actual,L,frozen - only 0 of 10 annual rates
"Korea, Dem. Rep.",PRK,2003,,L,actual,L,frozen - only 0 of 10 annual rates
"Korea, Dem. Rep.",PRK,2004,,L,actual,L,frozen - only 0 of 10 annual rates
"Korea, Dem. Rep.",PRK,2005,,L,actual,L,frozen - only 0 of 10 annual rates
"Korea, Dem. Rep.",PRK,2006,,L,actual,L,frozen - only 0 of 10 annual rates
"Korea, Dem. Rep.",PRK,2007,,L,actual,L,frozen - only 0 of 10 annual rates
"Korea, Dem. Rep.",PRK,2008,,L,actual,L,frozen - only 0 of 10 annual rates
"Korea, Dem. Rep.",PRK,2009,,L,actual,L,frozen - only 0 of 10 annual rates
"Korea, Dem. Rep.",PRK,2010,,L,actual,L,frozen - only 0 of 10 annual rates
"Korea, Dem. Rep.",PRK,2011,,L,actual,L,frozen - only 0 of 10 annual rates
"Korea, Dem. Rep.",PRK,2012,,L,actual,L,frozen - only 0 of 10 annual rates
"Korea, Dem. Rep.",PRK,2013,,L,actual,L,frozen - only 0 of 10 annual rates
"Korea, Dem. Rep.",PRK,2014,,L,actual,L,frozen - only 0 of 10 annual rates
"Korea, Dem. Rep.",PRK,2015,,L,actual,L,frozen - only 0 of 10 annual rates
"Korea, Dem. Rep.",PRK,2016,,L,actual,L,frozen - only 0 of 10 annual rates
"Korea, Dem. Rep.",PRK,2017,,L,actual,L,frozen - only 0 of 10 annual rates
"Korea, Dem. Rep.",PRK,2018,,L,actual,L,frozen - only 0 of 10 annual rates
"Korea, Dem. Rep.",PRK,2019,,L,actual,L,frozen - only 0 of 10 annual rates
"Korea, Dem. Rep.",PRK,2020,,L,actual,L,frozen - only 0 of 10 annual rates
"Korea, Dem. Rep.",PRK,2021,,L,actual,L,frozen - only 0 of 10 annual rates
"Korea, Dem. Rep.",PRK,2022,,L,actual,L,frozen - only 0 of 10 annual rates
"Korea, Dem. Rep.",PRK,2023,,L,actual,L,frozen - only 0 of 10 annual rates
"Korea, Dem. Rep.",PRK,2024,,L,actual,L,frozen - only 0 of 10 annual rates
"Korea, Dem. Rep.",PRK,2025,,L,actual,L,frozen - only 0 of 10 annual rates
"Korea, Dem. Rep.",PRK,2026,,L,projected,L,frozen - only 0 of 10 annual rates
"Korea, Dem. Rep.",PRK,2027,,L,projected,L,frozen - only 0 of 10 annual rates
"Korea, Dem. Rep.",PRK,2028,,L,projected,L,frozen - only 0 of 10 annual rates
"Korea, Dem. Rep.",PRK,2029,,L,projected,L,frozen - only 0 of 10 annual rates
"Korea, Dem. Rep.",PRK,2030,,L,projected,L,frozen - only 0 of 10 annual rates
"Korea, Dem. Rep.",PRK,2031,,L,projected,L,frozen - only 0 of 10 annual rates
"Korea, Dem. Rep.",PRK,2032,,L,projected,L,frozen - only 0 of 10 annual rates
"Korea, Dem. Rep.",PRK,2033,,L,projected,L,frozen - only 0 of 10 annual rates
"Korea, Dem. Rep.",PRK,2034,,L,projected,L,frozen - only 0 of 10 annual rates
"Korea, Dem. Rep.",PRK,2035,,L,projected,L,frozen - only 0 of 10 annual rates
"Korea, Dem. Rep.",PRK,2036,,L,projected,L,frozen - only 0 of 10 annual rates
"Korea, Dem. Rep.",PRK,2037,,L,projected,L,frozen - only 0 of 10 annual rates
"Korea, Dem. Rep.",PRK,2038,,L,projected,L,frozen - only 0 of 10 annual rates
"Korea, Dem. Rep.",PRK,2039,,L,projected,L,frozen - only 0 of 10 annual rates
"Korea, Dem. Rep.",PRK,2040,,L,projected,L,frozen - only 0 of 10 annual rates
"Korea, Dem. Rep.",PRK,2041,,L,projected,L,frozen - only 0 of 10 annual rates
"Korea, Dem. Rep.",PRK,2042,,L,projected,L,frozen - only 0 of 10 annual rates
"Korea, Dem. Rep.",PRK,2043,,L,projected,L,frozen - only 0 of 10 annual rates
"Korea, Dem. Rep.",PRK,2044,,L,projected,L,frozen - only 0 of 10 annual rates
"Korea, Dem. Rep.",PRK,2045,,L,projected,L,frozen - only 0 of 10 annual rates
"Korea, Dem. Rep.",PRK,2046,,L,projected,L,frozen - only 0 of 10 annual rates
"Korea, Dem. Rep.",PRK,2047,,L,projected,L,frozen - only 0 of 10 annual rates
"Korea, Dem. Rep.",PRK,2048,,L,projected,L,frozen - only 0 of 10 annual rates
"Korea, Dem. Rep.",PRK,2049,,L,projected,L,frozen - only 0 of 10 annual rates
"Korea, Dem. Rep.",PRK,2050,,L,projected,L,frozen - only 0 of 10 annual rates
"Korea, Rep.",KOR,1987,3630.0,UM,actual,H,projected
"Korea, Rep.",KOR,1988,4660.0,UM,actual,H,projected
"Korea, Rep.",KOR,1989,5550.0,UM,actual,H,projected
"Korea, Rep.",KOR,1990,6660.0,UM,actual,H,projected
"Korea, Rep.",KOR,1991,7810.0,UM,actual,H,projected
"Korea, Rep.",KOR,1992,8580.0,UM,actual,H,projected
"Korea, Rep.",KOR,1993,9310.0,UM,actual,H,projected
"Korea, Rep.",KOR,1994,10440.0,UM,actual,H,projected
"Korea, Rep.",KOR,1995,12230.0,H,actual,H,projected
"Korea, Rep.",KOR,1996,13790.0,H,actual,H,projected
"Korea, Rep.",KOR,1997,14030.0,H,actual,H,projected
"Korea, Rep.",KOR,1998,10720.0,UM,actual,H,projected
"Korea, Rep.",KOR,1999,10820.0,UM,actual,H,projected
"Korea, Rep.",KOR,2000,11460.0,UM,actual,H,projected
"Korea, Rep.",KOR,2001,12390.0,H,actual,H,projected
"Korea, Rep.",KOR,2002,13320.0,H,actual,H,projected
"Korea, Rep.",KOR,2003,14290.0,H,actual,H,projected
"Korea, Rep.",KOR,2004,16790.0,H,actual,H,projected
"Korea, Rep.",KOR,2005,19230.0,H,actual,H,projected
"Korea, Rep.",KOR,2006,21610.0,H,actual,H,projected
"Korea, Rep.",KOR,2007,24390.0,H,actual,H,projected
"Korea, Rep.",KOR,2008,24840.0,H,actual,H,projected
"Korea, Rep.",KOR,2009,22960.0,H,actual,H,projected
"Korea, Rep.",KOR,2010,23250.0,H,actual,H,projected
"Korea, Rep.",KOR,2011,24590.0,H,actual,H,projected
"Korea, Rep.",KOR,2012,26780.0,H,actual,H,projected
"Korea, Rep.",KOR,2013,28210.0,H,actual,H,projected
"Korea, Rep.",KOR,2014,29480.0,H,actual,H,projected
"Korea, Rep.",KOR,2015,30130.0,H,actual,H,projected
"Korea, Rep.",KOR,2016,30850.0,H,actual,H,projected
"Korea, Rep.",KOR,2017,31940.0,H,actual,H,projected
"Korea, Rep.",KOR,2018,34610.0,H,actual,H,projected
"Korea, Rep.",KOR,2019,35790.0,H,actual,H,projected
"Korea, Rep.",KOR,2020,35000.0,H,actual,H,projected
"Korea, Rep.",KOR,2021,37450.0,H,actual,H,projected
"Korea, Rep.",KOR,2022,38590.0,H,actual,H,projected
"Korea, Rep.",KOR,2023,38020.0,H,actual,H,projected
"Korea, Rep.",KOR,2024,36750.0,H,actual,H,projected
"Korea, Rep.",KOR,2025,37880.0,H,actual,H,projected
"Korea, Rep.",KOR,2026,39038.917515,H,projected,H,projected
"Korea, Rep.",KOR,2027,40233.291467,H,projected,H,projected
"Korea, Rep.",KOR,2028,41464.206625,H,projected,H,projected
"Korea, Rep.",KOR,2029,42732.780947,H,projected,H,projected
"Korea, Rep.",KOR,2030,44040.166595,H,projected,H,projected
"Korea, Rep.",KOR,2031,45387.550978,H,projected,H,projected
"Korea, Rep.",KOR,2032,46776.157837,H,projected,H,projected
"Korea, Rep.",KOR,2033,48207.24835,H,projected,H,projected
"Korea, Rep.",KOR,2034,49682.12228,H,projected,H,projected
"Korea, Rep.",KOR,2035,51202.119157,H,projected,H,projected
"Korea, Rep.",KOR,2036,52768.619493,H,projected,H,projected
"Korea, Rep.",KOR,2037,54383.046035,H,projected,H,projected
"Korea, Rep.",KOR,2038,56046.865058,H,projected,H,projected
"Korea, Rep.",KOR,2039,57761.587698,H,projected,H,projected
"Korea, Rep.",KOR,2040,59528.771322,H,projected,H,projected
"Korea, Rep.",KOR,2041,61350.020946,H,projected,H,projected
"Korea, Rep.",KOR,2042,63226.990689,H,projected,H,projected
"Korea, Rep.",KOR,2043,65161.385276,H,projected,H,projected
"Korea, Rep.",KOR,2044,67154.961588,H,projected,H,projected
"Korea, Rep.",KOR,2045,69209.530259,H,projected,H,projected
"Korea, Rep.",KOR,2046,71326.957314,H,projected,H,projected
"Korea, Rep.",KOR,2047,73509.165871,H,projected,H,projected
"Korea, Rep.",KOR,2048,75758.137885,H,projected,H,projected
"Korea, Rep.",KOR,2049,78075.915945,H,projected,H,projected
"Korea, Rep.",KOR,2050,80464.605135,H,projected,H,projected
Kosovo,XKX,2008,,LM,actual,UM,projected
Kosovo,XKX,2009,,LM,actual,UM,projected
Kosovo,XKX,2010,3130.0,LM,actual,UM,projected
Kosovo,XKX,2011,3400.0,LM,actual,UM,projected
Kosovo,XKX,2012,3540.0,LM,actual,UM,projected
Kosovo,XKX,2013,3800.0,LM,actual,UM,projected
Kosovo,XKX,2014,3900.0,LM,actual,UM,projected
Kosovo,XKX,2015,3930.0,LM,actual,UM,projected
Kosovo,XKX,2016,3930.0,LM,actual,UM,projected
Kosovo,XKX,2017,3950.0,LM,actual,UM,projected
Kosovo,XKX,2018,4300.0,UM,actual,UM,projected
Kosovo,XKX,2019,4640.0,UM,actual,UM,projected
Kosovo,XKX,2020,4450.0,UM,actual,UM,projected
Kosovo,XKX,2021,5140.0,UM,actual,UM,projected
Kosovo,XKX,2022,5610.0,UM,actual,UM,projected
Kosovo,XKX,2023,6290.0,UM,actual,UM,projected
Kosovo,XKX,2024,6920.0,UM,actual,UM,projected
Kosovo,XKX,2025,7760.0,UM,actual,UM,projected
Kosovo,XKX,2026,8458.583461,UM,projected,UM,projected
Kosovo,XKX,2027,9220.055948,UM,projected,UM,projected
Kosovo,XKX,2028,10050.078963,UM,projected,UM,projected
Kosovo,XKX,2029,10954.823672,UM,projected,UM,projected
Kosovo,XKX,2030,11941.016794,UM,projected,UM,projected
Kosovo,XKX,2031,13015.990613,UM,projected,UM,projected
Kosovo,XKX,2032,14187.73749,UM,projected,UM,projected
Kosovo,XKX,2033,15464.969288,UM,projected,UM,projected
Kosovo,XKX,2034,16857.182144,H,projected,UM,projected
Kosovo,XKX,2035,18374.727072,H,projected,UM,projected
Kosovo,XKX,2036,20028.88692,H,projected,UM,projected
Kosovo,XKX,2037,21831.960262,H,projected,UM,projected
Kosovo,XKX,2038,23797.352833,H,projected,UM,projected
Kosovo,XKX,2039,25939.677201,H,projected,UM,projected
Kosovo,XKX,2040,28274.861411,H,projected,UM,projected
Kosovo,XKX,2041,30820.267407,H,projected,UM,projected
Kosovo,XKX,2042,33594.820121,H,projected,UM,projected
Kosovo,XKX,2043,36619.148175,H,projected,UM,projected
Kosovo,XKX,2044,39915.737254,H,projected,UM,projected
Kosovo,XKX,2045,43509.097288,H,projected,UM,projected
Kosovo,XKX,2046,47425.944679,H,projected,UM,projected
Kosovo,XKX,2047,51695.400936,H,projected,UM,projected
Kosovo,XKX,2048,56349.209194,H,projected,UM,projected
Kosovo,XKX,2049,61421.970219,H,projected,UM,projected
Kosovo,XKX,2050,66951.399666,H,projected,UM,projected
Kuwait,KWT,1987,14700.0,H,actual,H,projected
Kuwait,KWT,1988,13830.0,H,actual,H,projected
Kuwait,KWT,1989,16600.0,H,actual,H,projected
Kuwait,KWT,1990,16460.0,H,actual,H,projected
Kuwait,KWT,1991,12450.0,H,actual,H,projected
Kuwait,KWT,1992,16200.0,H,actual,H,projected
Kuwait,KWT,1993,18590.0,H,actual,H,projected
Kuwait,KWT,1994,18550.0,H,actual,H,projected
Kuwait,KWT,1995,19590.0,H,actual,H,projected
Kuwait,KWT,1996,19620.0,H,actual,H,projected
Kuwait,KWT,1997,20550.0,H,actual,H,projected
Kuwait,KWT,1998,19540.0,H,actual,H,projected
Kuwait,KWT,1999,17330.0,H,actual,H,projected
Kuwait,KWT,2000,18810.0,H,actual,H,projected
Kuwait,KWT,2001,19550.0,H,actual,H,projected
Kuwait,KWT,2002,19640.0,H,actual,H,projected
Kuwait,KWT,2003,23150.0,H,actual,H,projected
Kuwait,KWT,2004,29080.0,H,actual,H,projected
Kuwait,KWT,2005,35740.0,H,actual,H,projected
Kuwait,KWT,2006,42460.0,H,actual,H,projected
Kuwait,KWT,2007,47510.0,H,actual,H,projected
Kuwait,KWT,2008,51800.0,H,actual,H,projected
Kuwait,KWT,2009,45410.0,H,actual,H,projected
Kuwait,KWT,2010,42850.0,H,actual,H,projected
Kuwait,KWT,2011,44350.0,H,actual,H,projected
Kuwait,KWT,2012,50830.0,H,actual,H,projected
Kuwait,KWT,2013,53530.0,H,actual,H,projected
Kuwait,KWT,2014,51350.0,H,actual,H,projected
Kuwait,KWT,2015,41830.0,H,actual,H,projected
Kuwait,KWT,2016,34920.0,H,actual,H,projected
Kuwait,KWT,2017,30650.0,H,actual,H,projected
Kuwait,KWT,2018,32340.0,H,actual,H,projected
Kuwait,KWT,2019,35680.0,H,actual,H,projected
Kuwait,KWT,2020,33150.0,H,actual,H,projected
Kuwait,KWT,2021,35990.0,H,actual,H,projected
Kuwait,KWT,2022,39120.0,H,actual,H,projected
Kuwait,KWT,2023,42040.0,H,actual,H,projected
Kuwait,KWT,2024,41110.0,H,actual,H,projected
Kuwait,KWT,2025,,H,actual,H,projected
Kuwait,KWT,2026,43376.750408,H,projected,H,projected
Kuwait,KWT,2027,45768.486401,H,projected,H,projected
Kuwait,KWT,2028,48292.099517,H,projected,H,projected
Kuwait,KWT,2029,50954.861285,H,projected,H,projected
Kuwait,KWT,2030,53764.444175,H,projected,H,projected
Kuwait,KWT,2031,56728.943707,H,projected,H,projected
Kuwait,KWT,2032,59856.901778,H,projected,H,projected
Kuwait,KWT,2033,63157.331272,H,projected,H,projected
Kuwait,KWT,2034,66639.742034,H,projected,H,projected
Kuwait,KWT,2035,70314.168267,H,projected,H,projected
Kuwait,KWT,2036,74191.197447,H,projected,H,projected
Kuwait,KWT,2037,78282.00083,H,projected,H,projected
Kuwait,KWT,2038,82598.365639,H,projected,H,projected
Kuwait,KWT,2039,87152.72903,H,projected,H,projected
Kuwait,KWT,2040,91958.213926,H,projected,H,projected
Kuwait,KWT,2041,97028.666831,H,projected,H,projected
Kuwait,KWT,2042,102378.697726,H,projected,H,projected
Kuwait,KWT,2043,108023.722168,H,projected,H,projected
Kuwait,KWT,2044,113980.005707,H,projected,H,projected
Kuwait,KWT,2045,120264.710753,H,projected,H,projected
Kuwait,KWT,2046,126895.946027,H,projected,H,projected
Kuwait,KWT,2047,133892.818745,H,projected,H,projected
Kuwait,KWT,2048,141275.489664,H,projected,H,projected
Kuwait,KWT,2049,149065.231182,H,projected,H,projected
Kuwait,KWT,2050,157284.488628,H,projected,H,projected
Kyrgyz Republic,KGZ,1991,,LM,actual,LM,projected - cut from 7.5% to the LM p90 cap of 7.47%
Kyrgyz Republic,KGZ,1992,510.0,LM,actual,LM,projected - cut from 7.5% to the LM p90 cap of 7.47%
Kyrgyz Republic,KGZ,1993,450.0,LM,actual,LM,projected - cut from 7.5% to the LM p90 cap of 7.47%
Kyrgyz Republic,KGZ,1994,370.0,L,actual,LM,projected - cut from 7.5% to the LM p90 cap of 7.47%
Kyrgyz Republic,KGZ,1995,360.0,L,actual,LM,projected - cut from 7.5% to the LM p90 cap of 7.47%
Kyrgyz Republic,KGZ,1996,390.0,L,actual,LM,projected - cut from 7.5% to the LM p90 cap of 7.47%
Kyrgyz Republic,KGZ,1997,390.0,L,actual,LM,projected - cut from 7.5% to the LM p90 cap of 7.47%
Kyrgyz Republic,KGZ,1998,360.0,L,actual,LM,projected - cut from 7.5% to the LM p90 cap of 7.47%
Kyrgyz Republic,KGZ,1999,300.0,L,actual,LM,projected - cut from 7.5% to the LM p90 cap of 7.47%
Kyrgyz Republic,KGZ,2000,280.0,L,actual,LM,projected - cut from 7.5% to the LM p90 cap of 7.47%
Kyrgyz Republic,KGZ,2001,280.0,L,actual,LM,projected - cut from 7.5% to the LM p90 cap of 7.47%
Kyrgyz Republic,KGZ,2002,290.0,L,actual,LM,projected - cut from 7.5% to the LM p90 cap of 7.47%
Kyrgyz Republic,KGZ,2003,340.0,L,actual,LM,projected - cut from 7.5% to the LM p90 cap of 7.47%
Kyrgyz Republic,KGZ,2004,400.0,L,actual,LM,projected - cut from 7.5% to the LM p90 cap of 7.47%
Kyrgyz Republic,KGZ,2005,450.0,L,actual,LM,projected - cut from 7.5% to the LM p90 cap of 7.47%
Kyrgyz Republic,KGZ,2006,500.0,L,actual,LM,projected - cut from 7.5% to the LM p90 cap of 7.47%
Kyrgyz Republic,KGZ,2007,610.0,L,actual,LM,projected - cut from 7.5% to the LM p90 cap of 7.47%
Kyrgyz Republic,KGZ,2008,760.0,L,actual,LM,projected - cut from 7.5% to the LM p90 cap of 7.47%
Kyrgyz Republic,KGZ,2009,860.0,L,actual,LM,projected - cut from 7.5% to the LM p90 cap of 7.47%
Kyrgyz Republic,KGZ,2010,850.0,L,actual,LM,projected - cut from 7.5% to the LM p90 cap of 7.47%
Kyrgyz Republic,KGZ,2011,870.0,L,actual,LM,projected - cut from 7.5% to the LM p90 cap of 7.47%
Kyrgyz Republic,KGZ,2012,1030.0,L,actual,LM,projected - cut from 7.5% to the LM p90 cap of 7.47%
Kyrgyz Republic,KGZ,2013,1180.0,LM,actual,LM,projected - cut from 7.5% to the LM p90 cap of 7.47%
Kyrgyz Republic,KGZ,2014,1230.0,LM,actual,LM,projected - cut from 7.5% to the LM p90 cap of 7.47%
Kyrgyz Republic,KGZ,2015,1160.0,LM,actual,LM,projected - cut from 7.5% to the LM p90 cap of 7.47%
Kyrgyz Republic,KGZ,2016,1090.0,LM,actual,LM,projected - cut from 7.5% to the LM p90 cap of 7.47%
Kyrgyz Republic,KGZ,2017,1090.0,LM,actual,LM,projected - cut from 7.5% to the LM p90 cap of 7.47%
Kyrgyz Republic,KGZ,2018,1200.0,LM,actual,LM,projected - cut from 7.5% to the LM p90 cap of 7.47%
Kyrgyz Republic,KGZ,2019,1240.0,LM,actual,LM,projected - cut from 7.5% to the LM p90 cap of 7.47%
Kyrgyz Republic,KGZ,2020,1210.0,LM,actual,LM,projected - cut from 7.5% to the LM p90 cap of 7.47%
Kyrgyz Republic,KGZ,2021,1270.0,LM,actual,LM,projected - cut from 7.5% to the LM p90 cap of 7.47%
Kyrgyz Republic,KGZ,2022,1540.0,LM,actual,LM,projected - cut from 7.5% to the LM p90 cap of 7.47%
Kyrgyz Republic,KGZ,2023,1840.0,LM,actual,LM,projected - cut from 7.5% to the LM p90 cap of 7.47%
Kyrgyz Republic,KGZ,2024,2260.0,LM,actual,LM,projected - cut from 7.5% to the LM p90 cap of 7.47%
Kyrgyz Republic,KGZ,2025,2800.0,LM,actual,LM,projected - cut from 7.5% to the LM p90 cap of 7.47%
Kyrgyz Republic,KGZ,2026,3009.1068,LM,projected,LM,projected - cut from 7.5% to the LM p90 cap of 7.47%
Kyrgyz Republic,KGZ,2027,3233.829905,LM,projected,LM,projected - cut from 7.5% to the LM p90 cap of 7.47%
Kyrgyz Republic,KGZ,2028,3475.335556,LM,projected,LM,projected - cut from 7.5% to the LM p90 cap of 7.47%
Kyrgyz Republic,KGZ,2029,3734.877091,LM,projected,LM,projected - cut from 7.5% to the LM p90 cap of 7.47%
Kyrgyz Republic,KGZ,2030,4013.801447,LM,projected,LM,projected - cut from 7.5% to the LM p90 cap of 7.47%
Kyrgyz Republic,KGZ,2031,4313.556153,LM,projected,LM,projected - cut from 7.5% to the LM p90 cap of 7.47%
Kyrgyz Republic,KGZ,2032,4635.69684,LM,projected,LM,projected - cut from 7.5% to the LM p90 cap of 7.47%
Kyrgyz Republic,KGZ,2033,4981.895315,LM,projected,LM,projected - cut from 7.5% to the LM p90 cap of 7.47%
Kyrgyz Republic,KGZ,2034,5353.948239,UM,projected,LM,projected - cut from 7.5% to the LM p90 cap of 7.47%
Kyrgyz Republic,KGZ,2035,5753.786448,UM,projected,LM,projected - cut from 7.5% to the LM p90 cap of 7.47%
Kyrgyz Republic,KGZ,2036,6183.484973,UM,projected,LM,projected - cut from 7.5% to the LM p90 cap of 7.47%
Kyrgyz Republic,KGZ,2037,6645.273815,UM,projected,LM,projected - cut from 7.5% to the LM p90 cap of 7.47%
Kyrgyz Republic,KGZ,2038,7141.549509,UM,projected,LM,projected - cut from 7.5% to the LM p90 cap of 7.47%
Kyrgyz Republic,KGZ,2039,7674.887567,UM,projected,LM,projected - cut from 7.5% to the LM p90 cap of 7.47%
Kyrgyz Republic,KGZ,2040,8248.055846,UM,projected,LM,projected - cut from 7.5% to the LM p90 cap of 7.47%
Kyrgyz Republic,KGZ,2041,8864.028904,UM,projected,LM,projected - cut from 7.5% to the LM p90 cap of 7.47%
Kyrgyz Republic,KGZ,2042,9526.003447,UM,projected,LM,projected - cut from 7.5% to the LM p90 cap of 7.47%
Kyrgyz Republic,KGZ,2043,10237.414911,UM,projected,LM,projected - cut from 7.5% to the LM p90 cap of 7.47%
Kyrgyz Republic,KGZ,2044,11001.955293,UM,projected,LM,projected - cut from 7.5% to the LM p90 cap of 7.47%
Kyrgyz Republic,KGZ,2045,11823.592317,UM,projected,LM,projected - cut from 7.5% to the LM p90 cap of 7.47%
Kyrgyz Republic,KGZ,2046,12706.590015,UM,projected,LM,projected - cut from 7.5% to the LM p90 cap of 7.47%
Kyrgyz Republic,KGZ,2047,13655.530863,UM,projected,LM,projected - cut from 7.5% to the LM p90 cap of 7.47%
Kyrgyz Republic,KGZ,2048,14675.339564,UM,projected,LM,projected - cut from 7.5% to the LM p90 cap of 7.47%
Kyrgyz Republic,KGZ,2049,15771.308598,UM,projected,LM,projected - cut from 7.5% to the LM p90 cap of 7.47%
Kyrgyz Republic,KGZ,2050,16949.125695,UM,projected,LM,projected - cut from 7.5% to the LM p90 cap of 7.47%
Lao PDR,LAO,1987,430.0,L,actual,LM,projected
Lao PDR,LAO,1988,250.0,L,actual,LM,projected
Lao PDR,LAO,1989,210.0,L,actual,LM,projected
Lao PDR,LAO,1990,190.0,L,actual,LM,projected
Lao PDR,LAO,1991,210.0,L,actual,LM,projected
Lao PDR,LAO,1992,240.0,L,actual,LM,projected
Lao PDR,LAO,1993,270.0,L,actual,LM,projected
Lao PDR,LAO,1994,310.0,L,actual,LM,projected
Lao PDR,LAO,1995,350.0,L,actual,LM,projected
Lao PDR,LAO,1996,380.0,L,actual,LM,projected
Lao PDR,LAO,1997,370.0,L,actual,LM,projected
Lao PDR,LAO,1998,300.0,L,actual,LM,projected
Lao PDR,LAO,1999,280.0,L,actual,LM,projected
Lao PDR,LAO,2000,280.0,L,actual,LM,projected
Lao PDR,LAO,2001,300.0,L,actual,LM,projected
Lao PDR,LAO,2002,310.0,L,actual,LM,projected
Lao PDR,LAO,2003,330.0,L,actual,LM,projected
Lao PDR,LAO,2004,380.0,L,actual,LM,projected
Lao PDR,LAO,2005,450.0,L,actual,LM,projected
Lao PDR,LAO,2006,500.0,L,actual,LM,projected
Lao PDR,LAO,2007,600.0,L,actual,LM,projected
Lao PDR,LAO,2008,740.0,L,actual,LM,projected
Lao PDR,LAO,2009,880.0,L,actual,LM,projected
Lao PDR,LAO,2010,990.0,LM,actual,LM,projected
Lao PDR,LAO,2011,1130.0,LM,actual,LM,projected
Lao PDR,LAO,2012,1350.0,LM,actual,LM,projected
Lao PDR,LAO,2013,1590.0,LM,actual,LM,projected
Lao PDR,LAO,2014,1810.0,LM,actual,LM,projected
Lao PDR,LAO,2015,1960.0,LM,actual,LM,projected
Lao PDR,LAO,2016,2110.0,LM,actual,LM,projected
Lao PDR,LAO,2017,2240.0,LM,actual,LM,projected
Lao PDR,LAO,2018,2460.0,LM,actual,LM,projected
Lao PDR,LAO,2019,2520.0,LM,actual,LM,projected
Lao PDR,LAO,2020,2470.0,LM,actual,LM,projected
Lao PDR,LAO,2021,2500.0,LM,actual,LM,projected
Lao PDR,LAO,2022,2300.0,LM,actual,LM,projected
Lao PDR,LAO,2023,2110.0,LM,actual,LM,projected
Lao PDR,LAO,2024,2000.0,LM,actual,LM,projected
Lao PDR,LAO,2025,2150.0,LM,actual,LM,projected
Lao PDR,LAO,2026,2189.276192,LM,projected,LM,projected
Lao PDR,LAO,2027,2229.269882,LM,projected,LM,projected
Lao PDR,LAO,2028,2269.994176,LM,projected,LM,projected
Lao PDR,LAO,2029,2311.462422,LM,projected,LM,projected
Lao PDR,LAO,2030,2353.688209,LM,projected,LM,projected
Lao PDR,LAO,2031,2396.685377,LM,projected,LM,projected
Lao PDR,LAO,2032,2440.468017,LM,projected,LM,projected
Lao PDR,LAO,2033,2485.050478,LM,projected,LM,projected
Lao PDR,LAO,2034,2530.447371,LM,projected,LM,projected
Lao PDR,LAO,2035,2576.673575,LM,projected,LM,projected
Lao PDR,LAO,2036,2623.744239,LM,projected,LM,projected
Lao PDR,LAO,2037,2671.674789,LM,projected,LM,projected
Lao PDR,LAO,2038,2720.480935,LM,projected,LM,projected
Lao PDR,LAO,2039,2770.178671,LM,projected,LM,projected
Lao PDR,LAO,2040,2820.784285,LM,projected,LM,projected
Lao PDR,LAO,2041,2872.314362,LM,projected,LM,projected
Lao PDR,LAO,2042,2924.785791,LM,projected,LM,projected
Lao PDR,LAO,2043,2978.215767,LM,projected,LM,projected
Lao PDR,LAO,2044,3032.621802,LM,projected,LM,projected
Lao PDR,LAO,2045,3088.021726,LM,projected,LM,projected
Lao PDR,LAO,2046,3144.433696,LM,projected,LM,projected
Lao PDR,LAO,2047,3201.8762,LM,projected,LM,projected
Lao PDR,LAO,2048,3260.368063,LM,projected,LM,projected
Lao PDR,LAO,2049,3319.928455,LM,projected,LM,projected
Lao PDR,LAO,2050,3380.576896,LM,projected,LM,projected
Latvia,LVA,1991,,UM,actual,H,projected
Latvia,LVA,1992,,LM,actual,H,projected
Latvia,LVA,1993,,LM,actual,H,projected
Latvia,LVA,1994,,LM,actual,H,projected
Latvia,LVA,1995,,LM,actual,H,projected
Latvia,LVA,1996,,LM,actual,H,projected
Latvia,LVA,1997,2640.0,LM,actual,H,projected
Latvia,LVA,1998,2790.0,LM,actual,H,projected
Latvia,LVA,1999,2910.0,LM,actual,H,projected
Latvia,LVA,2000,3240.0,LM,actual,H,projected
Latvia,LVA,2001,3520.0,UM,actual,H,projected
Latvia,LVA,2002,3850.0,UM,actual,H,projected
Latvia,LVA,2003,4530.0,UM,actual,H,projected
Latvia,LVA,2004,5610.0,UM,actual,H,projected
Latvia,LVA,2005,7120.0,UM,actual,H,projected
Latvia,LVA,2006,8590.0,UM,actual,H,projected
Latvia,LVA,2007,10730.0,UM,actual,H,projected
Latvia,LVA,2008,12830.0,UM,actual,H,projected
Latvia,LVA,2009,13360.0,H,actual,H,projected
Latvia,LVA,2010,12250.0,UM,actual,H,projected
Latvia,LVA,2011,12470.0,UM,actual,H,projected
Latvia,LVA,2012,13430.0,H,actual,H,projected
Latvia,LVA,2013,14340.0,H,actual,H,projected
Latvia,LVA,2014,14810.0,H,actual,H,projected
Latvia,LVA,2015,14580.0,H,actual,H,projected
Latvia,LVA,2016,14300.0,H,actual,H,projected
Latvia,LVA,2017,14360.0,H,actual,H,projected
Latvia,LVA,2018,16010.0,H,actual,H,projected
Latvia,LVA,2019,17010.0,H,actual,H,projected
Latvia,LVA,2020,17350.0,H,actual,H,projected
Latvia,LVA,2021,19310.0,H,actual,H,projected
Latvia,LVA,2022,20630.0,H,actual,H,projected
Latvia,LVA,2023,21000.0,H,actual,H,projected
Latvia,LVA,2024,21520.0,H,actual,H,projected
Latvia,LVA,2025,24980.0,H,actual,H,projected
Latvia,LVA,2026,26069.413605,H,projected,H,projected
Latvia,LVA,2027,27206.338098,H,projected,H,projected
Latvia,LVA,2028,28392.845498,H,projected,H,projected
Latvia,LVA,2029,29631.098187,H,projected,H,projected
Latvia,LVA,2030,30923.35285,H,projected,H,projected
Latvia,LVA,2031,32271.964591,H,projected,H,projected
Latvia,LVA,2032,33679.391223,H,projected,H,projected
Latvia,LVA,2033,35148.197748,H,projected,H,projected
Latvia,LVA,2034,36681.061031,H,projected,H,projected
Latvia,LVA,2035,38280.774678,H,projected,H,projected
Latvia,LVA,2036,39950.254131,H,projected,H,projected
Latvia,LVA,2037,41692.541976,H,projected,H,projected
Latvia,LVA,2038,43510.81349,H,projected,H,projected
Latvia,LVA,2039,45408.382432,H,projected,H,projected
Latvia,LVA,2040,47388.707075,H,projected,H,projected
Latvia,LVA,2041,49455.396514,H,projected,H,projected
Latvia,LVA,2042,51612.217242,H,projected,H,projected
Latvia,LVA,2043,53863.100014,H,projected,H,projected
Latvia,LVA,2044,56212.147009,H,projected,H,projected
Latvia,LVA,2045,58663.63931,H,projected,H,projected
Latvia,LVA,2046,61222.044705,H,projected,H,projected
Latvia,LVA,2047,63892.025826,H,projected,H,projected
Latvia,LVA,2048,66678.448651,H,projected,H,projected
Latvia,LVA,2049,69586.391369,H,projected,H,projected
Latvia,LVA,2050,72621.153637,H,projected,H,projected
Lebanon,LBN,1987,,LM,actual,LM,projected - raised from -4.0% to the 1.244% floor
Lebanon,LBN,1988,,LM,actual,LM,projected - raised from -4.0% to the 1.244% floor
Lebanon,LBN,1989,,LM,actual,LM,projected - raised from -4.0% to the 1.244% floor
Lebanon,LBN,1990,1020.0,LM,actual,LM,projected - raised from -4.0% to the 1.244% floor
Lebanon,LBN,1991,1350.0,LM,actual,LM,projected - raised from -4.0% to the 1.244% floor
Lebanon,LBN,1992,1580.0,LM,actual,LM,projected - raised from -4.0% to the 1.244% floor
Lebanon,LBN,1993,1880.0,LM,actual,LM,projected - raised from -4.0% to the 1.244% floor
Lebanon,LBN,1994,2280.0,LM,actual,LM,projected - raised from -4.0% to the 1.244% floor
Lebanon,LBN,1995,2820.0,LM,actual,LM,projected - raised from -4.0% to the 1.244% floor
Lebanon,LBN,1996,3330.0,LM,actual,LM,projected - raised from -4.0% to the 1.244% floor
Lebanon,LBN,1997,3560.0,UM,actual,LM,projected - raised from -4.0% to the 1.244% floor
Lebanon,LBN,1998,3750.0,UM,actual,LM,projected - raised from -4.0% to the 1.244% floor
Lebanon,LBN,1999,3950.0,UM,actual,LM,projected - raised from -4.0% to the 1.244% floor
Lebanon,LBN,2000,4090.0,UM,actual,LM,projected - raised from -4.0% to the 1.244% floor
Lebanon,LBN,2001,4040.0,UM,actual,LM,projected - raised from -4.0% to the 1.244% floor
Lebanon,LBN,2002,3940.0,UM,actual,LM,projected - raised from -4.0% to the 1.244% floor
Lebanon,LBN,2003,3670.0,UM,actual,LM,projected - raised from -4.0% to the 1.244% floor
Lebanon,LBN,2004,4700.0,UM,actual,LM,projected - raised from -4.0% to the 1.244% floor
Lebanon,LBN,2005,4910.0,UM,actual,LM,projected - raised from -4.0% to the 1.244% floor
Lebanon,LBN,2006,4870.0,UM,actual,LM,projected - raised from -4.0% to the 1.244% floor
Lebanon,LBN,2007,5320.0,UM,actual,LM,projected - raised from -4.0% to the 1.244% floor
Lebanon,LBN,2008,5860.0,UM,actual,LM,projected - raised from -4.0% to the 1.244% floor
Lebanon,LBN,2009,6620.0,UM,actual,LM,projected - raised from -4.0% to the 1.244% floor
Lebanon,LBN,2010,7340.0,UM,actual,LM,projected - raised from -4.0% to the 1.244% floor
Lebanon,LBN,2011,7720.0,UM,actual,LM,projected - raised from -4.0% to the 1.244% floor
Lebanon,LBN,2012,8000.0,UM,actual,LM,projected - raised from -4.0% to the 1.244% floor
Lebanon,LBN,2013,7880.0,UM,actual,LM,projected - raised from -4.0% to the 1.244% floor
Lebanon,LBN,2014,7440.0,UM,actual,LM,projected - raised from -4.0% to the 1.244% floor
Lebanon,LBN,2015,7360.0,UM,actual,LM,projected - raised from -4.0% to the 1.244% floor
Lebanon,LBN,2016,7670.0,UM,actual,LM,projected - raised from -4.0% to the 1.244% floor
Lebanon,LBN,2017,8260.0,UM,actual,LM,projected - raised from -4.0% to the 1.244% floor
Lebanon,LBN,2018,8700.0,UM,actual,LM,projected - raised from -4.0% to the 1.244% floor
Lebanon,LBN,2019,8630.0,UM,actual,LM,projected - raised from -4.0% to the 1.244% floor
Lebanon,LBN,2020,6350.0,UM,actual,LM,projected - raised from -4.0% to the 1.244% floor
Lebanon,LBN,2021,4770.0,LM,actual,LM,projected - raised from -4.0% to the 1.244% floor
Lebanon,LBN,2022,4130.0,LM,actual,LM,projected - raised from -4.0% to the 1.244% floor
Lebanon,LBN,2023,3710.0,LM,actual,LM,projected - raised from -4.0% to the 1.244% floor
Lebanon,LBN,2024,3560.0,LM,actual,LM,projected - raised from -4.0% to the 1.244% floor
Lebanon,LBN,2025,,LM,actual,LM,projected - raised from -4.0% to the 1.244% floor
Lebanon,LBN,2026,3604.2864,LM,projected,LM,projected - raised from -4.0% to the 1.244% floor
Lebanon,LBN,2027,3649.123723,LM,projected,LM,projected - raised from -4.0% to the 1.244% floor
Lebanon,LBN,2028,3694.518822,LM,projected,LM,projected - raised from -4.0% to the 1.244% floor
Lebanon,LBN,2029,3740.478636,LM,projected,LM,projected - raised from -4.0% to the 1.244% floor
Lebanon,LBN,2030,3787.01019,LM,projected,LM,projected - raised from -4.0% to the 1.244% floor
Lebanon,LBN,2031,3834.120597,LM,projected,LM,projected - raised from -4.0% to the 1.244% floor
Lebanon,LBN,2032,3881.817057,LM,projected,LM,projected - raised from -4.0% to the 1.244% floor
Lebanon,LBN,2033,3930.106861,LM,projected,LM,projected - raised from -4.0% to the 1.244% floor
Lebanon,LBN,2034,3978.997391,LM,projected,LM,projected - raised from -4.0% to the 1.244% floor
Lebanon,LBN,2035,4028.496118,LM,projected,LM,projected - raised from -4.0% to the 1.244% floor
Lebanon,LBN,2036,4078.61061,LM,projected,LM,projected - raised from -4.0% to the 1.244% floor
Lebanon,LBN,2037,4129.348526,LM,projected,LM,projected - raised from -4.0% to the 1.244% floor
Lebanon,LBN,2038,4180.717622,LM,projected,LM,projected - raised from -4.0% to the 1.244% floor
Lebanon,LBN,2039,4232.725749,LM,projected,LM,projected - raised from -4.0% to the 1.244% floor
Lebanon,LBN,2040,4285.380857,LM,projected,LM,projected - raised from -4.0% to the 1.244% floor
Lebanon,LBN,2041,4338.690995,LM,projected,LM,projected - raised from -4.0% to the 1.244% floor
Lebanon,LBN,2042,4392.664311,LM,projected,LM,projected - raised from -4.0% to the 1.244% floor
Lebanon,LBN,2043,4447.309055,LM,projected,LM,projected - raised from -4.0% to the 1.244% floor
Lebanon,LBN,2044,4502.63358,LM,projected,LM,projected - raised from -4.0% to the 1.244% floor
Lebanon,LBN,2045,4558.646342,LM,projected,LM,projected - raised from -4.0% to the 1.244% floor
Lebanon,LBN,2046,4615.355902,LM,projected,LM,projected - raised from -4.0% to the 1.244% floor
Lebanon,LBN,2047,4672.770929,LM,projected,LM,projected - raised from -4.0% to the 1.244% floor
Lebanon,LBN,2048,4730.9002,LM,projected,LM,projected - raised from -4.0% to the 1.244% floor
Lebanon,LBN,2049,4789.752598,LM,projected,LM,projected - raised from -4.0% to the 1.244% floor
Lebanon,LBN,2050,4849.337121,LM,projected,LM,projected - raised from -4.0% to the 1.244% floor
Lesotho,LSO,1987,390.0,L,actual,LM,projected - raised from 0.5% to the 1.244% floor
Lesotho,LSO,1988,460.0,L,actual,LM,projected - raised from 0.5% to the 1.244% floor
Lesotho,LSO,1989,490.0,L,actual,LM,projected - raised from 0.5% to the 1.244% floor
Lesotho,LSO,1990,510.0,L,actual,LM,projected - raised from 0.5% to the 1.244% floor
Lesotho,LSO,1991,550.0,L,actual,LM,projected - raised from 0.5% to the 1.244% floor
Lesotho,LSO,1992,620.0,L,actual,LM,projected - raised from 0.5% to the 1.244% floor
Lesotho,LSO,1993,630.0,L,actual,LM,projected - raised from 0.5% to the 1.244% floor
Lesotho,LSO,1994,660.0,L,actual,LM,projected - raised from 0.5% to the 1.244% floor
Lesotho,LSO,1995,670.0,LM,actual,LM,projected - raised from 0.5% to the 1.244% floor
Lesotho,LSO,1996,690.0,L,actual,LM,projected - raised from 0.5% to the 1.244% floor
Lesotho,LSO,1997,690.0,L,actual,LM,projected - raised from 0.5% to the 1.244% floor
Lesotho,LSO,1998,620.0,L,actual,LM,projected - raised from 0.5% to the 1.244% floor
Lesotho,LSO,1999,610.0,L,actual,LM,projected - raised from 0.5% to the 1.244% floor
Lesotho,LSO,2000,590.0,L,actual,LM,projected - raised from 0.5% to the 1.244% floor
Lesotho,LSO,2001,650.0,L,actual,LM,projected - raised from 0.5% to the 1.244% floor
Lesotho,LSO,2002,600.0,L,actual,LM,projected - raised from 0.5% to the 1.244% floor
Lesotho,LSO,2003,680.0,L,actual,LM,projected - raised from 0.5% to the 1.244% floor
Lesotho,LSO,2004,820.0,L,actual,LM,projected - raised from 0.5% to the 1.244% floor
Lesotho,LSO,2005,1040.0,LM,actual,LM,projected - raised from 0.5% to the 1.244% floor
Lesotho,LSO,2006,1160.0,LM,actual,LM,projected - raised from 0.5% to the 1.244% floor
Lesotho,LSO,2007,1320.0,LM,actual,LM,projected - raised from 0.5% to the 1.244% floor
Lesotho,LSO,2008,1310.0,LM,actual,LM,projected - raised from 0.5% to the 1.244% floor
Lesotho,LSO,2009,1190.0,LM,actual,LM,projected - raised from 0.5% to the 1.244% floor
Lesotho,LSO,2010,1270.0,LM,actual,LM,projected - raised from 0.5% to the 1.244% floor
Lesotho,LSO,2011,1350.0,LM,actual,LM,projected - raised from 0.5% to the 1.244% floor
Lesotho,LSO,2012,1490.0,LM,actual,LM,projected - raised from 0.5% to the 1.244% floor
Lesotho,LSO,2013,1440.0,LM,actual,LM,projected - raised from 0.5% to the 1.244% floor
Lesotho,LSO,2014,1330.0,LM,actual,LM,projected - raised from 0.5% to the 1.244% floor
Lesotho,LSO,2015,1280.0,LM,actual,LM,projected - raised from 0.5% to the 1.244% floor
Lesotho,LSO,2016,1240.0,LM,actual,LM,projected - raised from 0.5% to the 1.244% floor
Lesotho,LSO,2017,1160.0,LM,actual,LM,projected - raised from 0.5% to the 1.244% floor
Lesotho,LSO,2018,1250.0,LM,actual,LM,projected - raised from 0.5% to the 1.244% floor
Lesotho,LSO,2019,1290.0,LM,actual,LM,projected - raised from 0.5% to the 1.244% floor
Lesotho,LSO,2020,1170.0,LM,actual,LM,projected - raised from 0.5% to the 1.244% floor
Lesotho,LSO,2021,1190.0,LM,actual,LM,projected - raised from 0.5% to the 1.244% floor
Lesotho,LSO,2022,1270.0,LM,actual,LM,projected - raised from 0.5% to the 1.244% floor
Lesotho,LSO,2023,1260.0,LM,actual,LM,projected - raised from 0.5% to the 1.244% floor
Lesotho,LSO,2024,1240.0,LM,actual,LM,projected - raised from 0.5% to the 1.244% floor
Lesotho,LSO,2025,1280.0,LM,actual,LM,projected - raised from 0.5% to the 1.244% floor
Lesotho,LSO,2026,1295.9232,LM,projected,LM,projected - raised from 0.5% to the 1.244% floor
Lesotho,LSO,2027,1312.044485,LM,projected,LM,projected - raised from 0.5% to the 1.244% floor
Lesotho,LSO,2028,1328.366318,LM,projected,LM,projected - raised from 0.5% to the 1.244% floor
Lesotho,LSO,2029,1344.891195,LM,projected,LM,projected - raised from 0.5% to the 1.244% floor
Lesotho,LSO,2030,1361.621641,LM,projected,LM,projected - raised from 0.5% to the 1.244% floor
Lesotho,LSO,2031,1378.560215,LM,projected,LM,projected - raised from 0.5% to the 1.244% floor
Lesotho,LSO,2032,1395.709504,LM,projected,LM,projected - raised from 0.5% to the 1.244% floor
Lesotho,LSO,2033,1413.07213,LM,projected,LM,projected - raised from 0.5% to the 1.244% floor
Lesotho,LSO,2034,1430.650747,LM,projected,LM,projected - raised from 0.5% to the 1.244% floor
Lesotho,LSO,2035,1448.448043,LM,projected,LM,projected - raised from 0.5% to the 1.244% floor
Lesotho,LSO,2036,1466.466736,LM,projected,LM,projected - raised from 0.5% to the 1.244% floor
Lesotho,LSO,2037,1484.709582,LM,projected,LM,projected - raised from 0.5% to the 1.244% floor
Lesotho,LSO,2038,1503.17937,LM,projected,LM,projected - raised from 0.5% to the 1.244% floor
Lesotho,LSO,2039,1521.878921,LM,projected,LM,projected - raised from 0.5% to the 1.244% floor
Lesotho,LSO,2040,1540.811095,LM,projected,LM,projected - raised from 0.5% to the 1.244% floor
Lesotho,LSO,2041,1559.978785,LM,projected,LM,projected - raised from 0.5% to the 1.244% floor
Lesotho,LSO,2042,1579.384921,LM,projected,LM,projected - raised from 0.5% to the 1.244% floor
Lesotho,LSO,2043,1599.032469,LM,projected,LM,projected - raised from 0.5% to the 1.244% floor
Lesotho,LSO,2044,1618.924433,LM,projected,LM,projected - raised from 0.5% to the 1.244% floor
Lesotho,LSO,2045,1639.063853,LM,projected,LM,projected - raised from 0.5% to the 1.244% floor
Lesotho,LSO,2046,1659.453807,LM,projected,LM,projected - raised from 0.5% to the 1.244% floor
Lesotho,LSO,2047,1680.097413,LM,projected,LM,projected - raised from 0.5% to the 1.244% floor
Lesotho,LSO,2048,1700.997825,LM,projected,LM,projected - raised from 0.5% to the 1.244% floor
Lesotho,LSO,2049,1722.158238,LM,projected,LM,projected - raised from 0.5% to the 1.244% floor
Lesotho,LSO,2050,1743.581886,LM,projected,LM,projected - raised from 0.5% to the 1.244% floor
Liberia,LBR,1987,380.0,L,actual,L,projected
Liberia,LBR,1988,410.0,L,actual,L,projected
Liberia,LBR,1989,430.0,L,actual,L,projected
Liberia,LBR,1990,250.0,L,actual,L,projected
Liberia,LBR,1991,250.0,L,actual,L,projected
Liberia,LBR,1992,150.0,L,actual,L,projected
Liberia,LBR,1993,100.0,L,actual,L,projected
Liberia,LBR,1994,80.0,L,actual,L,projected
Liberia,LBR,1995,80.0,L,actual,L,projected
Liberia,LBR,1996,100.0,L,actual,L,projected
Liberia,LBR,1997,160.0,L,actual,L,projected
Liberia,LBR,1998,180.0,L,actual,L,projected
Liberia,LBR,1999,170.0,L,actual,L,projected
Liberia,LBR,2000,190.0,L,actual,L,projected
Liberia,LBR,2001,210.0,L,actual,L,projected
Liberia,LBR,2002,250.0,L,actual,L,projected
Liberia,LBR,2003,180.0,L,actual,L,projected
Liberia,LBR,2004,210.0,L,actual,L,projected
Liberia,LBR,2005,240.0,L,actual,L,projected
Liberia,LBR,2006,270.0,L,actual,L,projected
Liberia,LBR,2007,310.0,L,actual,L,projected
Liberia,LBR,2008,370.0,L,actual,L,projected
Liberia,LBR,2009,410.0,L,actual,L,projected
Liberia,LBR,2010,440.0,L,actual,L,projected
Liberia,LBR,2011,500.0,L,actual,L,projected
Liberia,LBR,2012,540.0,L,actual,L,projected
Liberia,LBR,2013,610.0,L,actual,L,projected
Liberia,LBR,2014,620.0,L,actual,L,projected
Liberia,LBR,2015,620.0,L,actual,L,projected
Liberia,LBR,2016,610.0,L,actual,L,projected
Liberia,LBR,2017,620.0,L,actual,L,projected
Liberia,LBR,2018,620.0,L,actual,L,projected
Liberia,LBR,2019,600.0,L,actual,L,projected
Liberia,LBR,2020,570.0,L,actual,L,projected
Liberia,LBR,2021,630.0,L,actual,L,projected
Liberia,LBR,2022,660.0,L,actual,L,projected
Liberia,LBR,2023,710.0,L,actual,L,projected
Liberia,LBR,2024,750.0,L,actual,L,projected
Liberia,LBR,2025,830.0,L,actual,L,projected
Liberia,LBR,2026,856.565183,L,projected,L,projected
Liberia,LBR,2027,883.980619,L,projected,L,projected
Liberia,LBR,2028,912.273519,L,projected,L,projected
Liberia,LBR,2029,941.471969,L,projected,L,projected
Liberia,LBR,2030,971.604952,L,projected,L,projected
Liberia,LBR,2031,1002.702378,L,projected,L,projected
Liberia,LBR,2032,1034.795116,L,projected,L,projected
Liberia,LBR,2033,1067.915022,L,projected,L,projected
Liberia,LBR,2034,1102.094972,L,projected,L,projected
Liberia,LBR,2035,1137.368894,L,projected,L,projected
Liberia,LBR,2036,1173.771801,L,projected,L,projected
Liberia,LBR,2037,1211.339829,L,projected,L,projected
Liberia,LBR,2038,1250.110269,L,projected,L,projected
Liberia,LBR,2039,1290.121605,L,projected,L,projected
Liberia,LBR,2040,1331.413553,L,projected,L,projected
Liberia,LBR,2041,1374.027101,L,projected,L,projected
Liberia,LBR,2042,1418.00455,L,projected,L,projected
Liberia,LBR,2043,1463.389551,L,projected,L,projected
Liberia,LBR,2044,1510.227155,LM,projected,L,projected
Liberia,LBR,2045,1558.563856,LM,projected,L,projected
Liberia,LBR,2046,1608.447633,LM,projected,L,projected
Liberia,LBR,2047,1659.928002,LM,projected,L,projected
Liberia,LBR,2048,1713.056065,LM,projected,L,projected
Liberia,LBR,2049,1767.884557,LM,projected,L,projected
Liberia,LBR,2050,1824.467903,LM,projected,L,projected
Libya,LBY,1987,6230.0,UM,actual,UM,projected - raised from 0.9% to the 1.244% floor
Libya,LBY,1988,6570.0,UM,actual,UM,projected - raised from 0.9% to the 1.244% floor
Libya,LBY,1989,6700.0,UM,actual,UM,projected - raised from 0.9% to the 1.244% floor
Libya,LBY,1990,6460.0,UM,actual,UM,projected - raised from 0.9% to the 1.244% floor
Libya,LBY,1991,7260.0,UM,actual,UM,projected - raised from 0.9% to the 1.244% floor
Libya,LBY,1992,7320.0,UM,actual,UM,projected - raised from 0.9% to the 1.244% floor
Libya,LBY,1993,6800.0,UM,actual,UM,projected - raised from 0.9% to the 1.244% floor
Libya,LBY,1994,6610.0,UM,actual,UM,projected - raised from 0.9% to the 1.244% floor
Libya,LBY,1995,6050.0,UM,actual,UM,projected - raised from 0.9% to the 1.244% floor
Libya,LBY,1996,5900.0,UM,actual,UM,projected - raised from 0.9% to the 1.244% floor
Libya,LBY,1997,5810.0,UM,actual,UM,projected - raised from 0.9% to the 1.244% floor
Libya,LBY,1998,5500.0,UM,actual,UM,projected - raised from 0.9% to the 1.244% floor
Libya,LBY,1999,4990.0,UM,actual,UM,projected - raised from 0.9% to the 1.244% floor
Libya,LBY,2000,5930.0,UM,actual,UM,projected - raised from 0.9% to the 1.244% floor
Libya,LBY,2001,6130.0,UM,actual,UM,projected - raised from 0.9% to the 1.244% floor
Libya,LBY,2002,5190.0,UM,actual,UM,projected - raised from 0.9% to the 1.244% floor
Libya,LBY,2003,5160.0,UM,actual,UM,projected - raised from 0.9% to the 1.244% floor
Libya,LBY,2004,5150.0,UM,actual,UM,projected - raised from 0.9% to the 1.244% floor
Libya,LBY,2005,6760.0,UM,actual,UM,projected - raised from 0.9% to the 1.244% floor
Libya,LBY,2006,8540.0,UM,actual,UM,projected - raised from 0.9% to the 1.244% floor
Libya,LBY,2007,10500.0,UM,actual,UM,projected - raised from 0.9% to the 1.244% floor
Libya,LBY,2008,12020.0,UM,actual,UM,projected - raised from 0.9% to the 1.244% floor
Libya,LBY,2009,11140.0,UM,actual,UM,projected - raised from 0.9% to the 1.244% floor
Libya,LBY,2010,11550.0,UM,actual,UM,projected - raised from 0.9% to the 1.244% floor
Libya,LBY,2011,6080.0,UM,actual,UM,projected - raised from 0.9% to the 1.244% floor
Libya,LBY,2012,13310.0,UM,actual,UM,projected - raised from 0.9% to the 1.244% floor
Libya,LBY,2013,11960.0,UM,actual,UM,projected - raised from 0.9% to the 1.244% floor
Libya,LBY,2014,9130.0,UM,actual,UM,projected - raised from 0.9% to the 1.244% floor
Libya,LBY,2015,8370.0,UM,actual,UM,projected - raised from 0.9% to the 1.244% floor
Libya,LBY,2016,7670.0,UM,actual,UM,projected - raised from 0.9% to the 1.244% floor
Libya,LBY,2017,9760.0,UM,actual,UM,projected - raised from 0.9% to the 1.244% floor
Libya,LBY,2018,11000.0,UM,actual,UM,projected - raised from 0.9% to the 1.244% floor
Libya,LBY,2019,10100.0,UM,actual,UM,projected - raised from 0.9% to the 1.244% floor
Libya,LBY,2020,7000.0,UM,actual,UM,projected - raised from 0.9% to the 1.244% floor
Libya,LBY,2021,6950.0,UM,actual,UM,projected - raised from 0.9% to the 1.244% floor
Libya,LBY,2022,6010.0,UM,actual,UM,projected - raised from 0.9% to the 1.244% floor
Libya,LBY,2023,6160.0,UM,actual,UM,projected - raised from 0.9% to the 1.244% floor
Libya,LBY,2024,6790.0,UM,actual,UM,projected - raised from 0.9% to the 1.244% floor
Libya,LBY,2025,7250.0,UM,actual,UM,projected - raised from 0.9% to the 1.244% floor
Libya,LBY,2026,7340.19,UM,projected,UM,projected - raised from 0.9% to the 1.244% floor
Libya,LBY,2027,7431.501964,UM,projected,UM,projected - raised from 0.9% to the 1.244% floor
Libya,LBY,2028,7523.949848,UM,projected,UM,projected - raised from 0.9% to the 1.244% floor
Libya,LBY,2029,7617.547784,UM,projected,UM,projected - raised from 0.9% to the 1.244% floor
Libya,LBY,2030,7712.310079,UM,projected,UM,projected - raised from 0.9% to the 1.244% floor
Libya,LBY,2031,7808.251216,UM,projected,UM,projected - raised from 0.9% to the 1.244% floor
Libya,LBY,2032,7905.385861,UM,projected,UM,projected - raised from 0.9% to the 1.244% floor
Libya,LBY,2033,8003.728861,UM,projected,UM,projected - raised from 0.9% to the 1.244% floor
Libya,LBY,2034,8103.295248,UM,projected,UM,projected - raised from 0.9% to the 1.244% floor
Libya,LBY,2035,8204.100241,UM,projected,UM,projected - raised from 0.9% to the 1.244% floor
Libya,LBY,2036,8306.159248,UM,projected,UM,projected - raised from 0.9% to the 1.244% floor
Libya,LBY,2037,8409.487869,UM,projected,UM,projected - raised from 0.9% to the 1.244% floor
Libya,LBY,2038,8514.101898,UM,projected,UM,projected - raised from 0.9% to the 1.244% floor
Libya,LBY,2039,8620.017326,UM,projected,UM,projected - raised from 0.9% to the 1.244% floor
Libya,LBY,2040,8727.250341,UM,projected,UM,projected - raised from 0.9% to the 1.244% floor
Libya,LBY,2041,8835.817336,UM,projected,UM,projected - raised from 0.9% to the 1.244% floor
Libya,LBY,2042,8945.734903,UM,projected,UM,projected - raised from 0.9% to the 1.244% floor
Libya,LBY,2043,9057.019845,UM,projected,UM,projected - raised from 0.9% to the 1.244% floor
Libya,LBY,2044,9169.689172,UM,projected,UM,projected - raised from 0.9% to the 1.244% floor
Libya,LBY,2045,9283.760106,UM,projected,UM,projected - raised from 0.9% to the 1.244% floor
Libya,LBY,2046,9399.250081,UM,projected,UM,projected - raised from 0.9% to the 1.244% floor
Libya,LBY,2047,9516.176752,UM,projected,UM,projected - raised from 0.9% to the 1.244% floor
Libya,LBY,2048,9634.557991,UM,projected,UM,projected - raised from 0.9% to the 1.244% floor
Libya,LBY,2049,9754.411893,UM,projected,UM,projected - raised from 0.9% to the 1.244% floor
Libya,LBY,2050,9875.756777,UM,projected,UM,projected - raised from 0.9% to the 1.244% floor
Liechtenstein,LIE,1987,31480.0,,actual,H,frozen - only 0 of 10 annual rates
Liechtenstein,LIE,1988,41760.0,,actual,H,frozen - only 0 of 10 annual rates
Liechtenstein,LIE,1989,43830.0,,actual,H,frozen - only 0 of 10 annual rates
Liechtenstein,LIE,1990,45550.0,,actual,H,frozen - only 0 of 10 annual rates
Liechtenstein,LIE,1991,47500.0,,actual,H,frozen - only 0 of 10 annual rates
Liechtenstein,LIE,1992,54210.0,,actual,H,frozen - only 0 of 10 annual rates
Liechtenstein,LIE,1993,56490.0,,actual,H,frozen - only 0 of 10 annual rates
Liechtenstein,LIE,1994,61900.0,H,actual,H,frozen - only 0 of 10 annual rates
Liechtenstein,LIE,1995,70290.0,H,actual,H,frozen - only 0 of 10 annual rates
Liechtenstein,LIE,1996,79390.0,H,actual,H,frozen - only 0 of 10 annual rates
Liechtenstein,LIE,1997,81680.0,H,actual,H,frozen - only 0 of 10 annual rates
Liechtenstein,LIE,1998,79220.0,H,actual,H,frozen - only 0 of 10 annual rates
Liechtenstein,LIE,1999,79990.0,H,actual,H,frozen - only 0 of 10 annual rates
Liechtenstein,LIE,2000,80170.0,H,actual,H,frozen - only 0 of 10 annual rates
Liechtenstein,LIE,2001,68970.0,H,actual,H,frozen - only 0 of 10 annual rates
Liechtenstein,LIE,2002,65420.0,H,actual,H,frozen - only 0 of 10 annual rates
Liechtenstein,LIE,2003,68640.0,H,actual,H,frozen - only 0 of 10 annual rates
Liechtenstein,LIE,2004,78690.0,H,actual,H,frozen - only 0 of 10 annual rates
Liechtenstein,LIE,2005,92620.0,H,actual,H,frozen - only 0 of 10 annual rates
Liechtenstein,LIE,2006,103870.0,H,actual,H,frozen - only 0 of 10 annual rates
Liechtenstein,LIE,2007,112050.0,H,actual,H,frozen - only 0 of 10 annual rates
Liechtenstein,LIE,2008,121890.0,H,actual,H,frozen - only 0 of 10 annual rates
Liechtenstein,LIE,2009,116380.0,H,actual,H,frozen - only 0 of 10 annual rates
Liechtenstein,LIE,2010,,H,actual,H,frozen - only 0 of 10 annual rates
Liechtenstein,LIE,2011,,H,actual,H,frozen - only 0 of 10 annual rates
Liechtenstein,LIE,2012,,H,actual,H,frozen - only 0 of 10 annual rates
Liechtenstein,LIE,2013,,H,actual,H,frozen - only 0 of 10 annual rates
Liechtenstein,LIE,2014,,H,actual,H,frozen - only 0 of 10 annual rates
Liechtenstein,LIE,2015,,H,actual,H,frozen - only 0 of 10 annual rates
Liechtenstein,LIE,2016,,H,actual,H,frozen - only 0 of 10 annual rates
Liechtenstein,LIE,2017,,H,actual,H,frozen - only 0 of 10 annual rates
Liechtenstein,LIE,2018,,H,actual,H,frozen - only 0 of 10 annual rates
Liechtenstein,LIE,2019,,H,actual,H,frozen - only 0 of 10 annual rates
Liechtenstein,LIE,2020,,H,actual,H,frozen - only 0 of 10 annual rates
Liechtenstein,LIE,2021,,H,actual,H,frozen - only 0 of 10 annual rates
Liechtenstein,LIE,2022,,H,actual,H,frozen - only 0 of 10 annual rates
Liechtenstein,LIE,2023,,H,actual,H,frozen - only 0 of 10 annual rates
Liechtenstein,LIE,2024,,H,actual,H,frozen - only 0 of 10 annual rates
Liechtenstein,LIE,2025,,H,actual,H,frozen - only 0 of 10 annual rates
Liechtenstein,LIE,2026,,H,projected,H,frozen - only 0 of 10 annual rates
Liechtenstein,LIE,2027,,H,projected,H,frozen - only 0 of 10 annual rates
Liechtenstein,LIE,2028,,H,projected,H,frozen - only 0 of 10 annual rates
Liechtenstein,LIE,2029,,H,projected,H,frozen - only 0 of 10 annual rates
Liechtenstein,LIE,2030,,H,projected,H,frozen - only 0 of 10 annual rates
Liechtenstein,LIE,2031,,H,projected,H,frozen - only 0 of 10 annual rates
Liechtenstein,LIE,2032,,H,projected,H,frozen - only 0 of 10 annual rates
Liechtenstein,LIE,2033,,H,projected,H,frozen - only 0 of 10 annual rates
Liechtenstein,LIE,2034,,H,projected,H,frozen - only 0 of 10 annual rates
Liechtenstein,LIE,2035,,H,projected,H,frozen - only 0 of 10 annual rates
Liechtenstein,LIE,2036,,H,projected,H,frozen - only 0 of 10 annual rates
Liechtenstein,LIE,2037,,H,projected,H,frozen - only 0 of 10 annual rates
Liechtenstein,LIE,2038,,H,projected,H,frozen - only 0 of 10 annual rates
Liechtenstein,LIE,2039,,H,projected,H,frozen - only 0 of 10 annual rates
Liechtenstein,LIE,2040,,H,projected,H,frozen - only 0 of 10 annual rates
Liechtenstein,LIE,2041,,H,projected,H,frozen - only 0 of 10 annual rates
Liechtenstein,LIE,2042,,H,projected,H,frozen - only 0 of 10 annual rates
Liechtenstein,LIE,2043,,H,projected,H,frozen - only 0 of 10 annual rates
Liechtenstein,LIE,2044,,H,projected,H,frozen - only 0 of 10 annual rates
Liechtenstein,LIE,2045,,H,projected,H,frozen - only 0 of 10 annual rates
Liechtenstein,LIE,2046,,H,projected,H,frozen - only 0 of 10 annual rates
Liechtenstein,LIE,2047,,H,projected,H,frozen - only 0 of 10 annual rates
Liechtenstein,LIE,2048,,H,projected,H,frozen - only 0 of 10 annual rates
Liechtenstein,LIE,2049,,H,projected,H,frozen - only 0 of 10 annual rates
Liechtenstein,LIE,2050,,H,projected,H,frozen - only 0 of 10 annual rates
Lithuania,LTU,1991,,UM,actual,H,projected - cut from 7.5% to the H p90 cap of 7.17%
Lithuania,LTU,1992,,LM,actual,H,projected - cut from 7.5% to the H p90 cap of 7.17%
Lithuania,LTU,1993,,LM,actual,H,projected - cut from 7.5% to the H p90 cap of 7.17%
Lithuania,LTU,1994,,LM,actual,H,projected - cut from 7.5% to the H p90 cap of 7.17%
Lithuania,LTU,1995,,LM,actual,H,projected - cut from 7.5% to the H p90 cap of 7.17%
Lithuania,LTU,1996,,LM,actual,H,projected - cut from 7.5% to the H p90 cap of 7.17%
Lithuania,LTU,1997,2610.0,LM,actual,H,projected - cut from 7.5% to the H p90 cap of 7.17%
Lithuania,LTU,1998,2870.0,LM,actual,H,projected - cut from 7.5% to the H p90 cap of 7.17%
Lithuania,LTU,1999,2990.0,LM,actual,H,projected - cut from 7.5% to the H p90 cap of 7.17%
Lithuania,LTU,2000,3220.0,LM,actual,H,projected - cut from 7.5% to the H p90 cap of 7.17%
Lithuania,LTU,2001,3460.0,UM,actual,H,projected - cut from 7.5% to the H p90 cap of 7.17%
Lithuania,LTU,2002,3830.0,UM,actual,H,projected - cut from 7.5% to the H p90 cap of 7.17%
Lithuania,LTU,2003,4700.0,UM,actual,H,projected - cut from 7.5% to the H p90 cap of 7.17%
Lithuania,LTU,2004,6020.0,UM,actual,H,projected - cut from 7.5% to the H p90 cap of 7.17%
Lithuania,LTU,2005,7580.0,UM,actual,H,projected - cut from 7.5% to the H p90 cap of 7.17%
Lithuania,LTU,2006,8810.0,UM,actual,H,projected - cut from 7.5% to the H p90 cap of 7.17%
Lithuania,LTU,2007,10590.0,UM,actual,H,projected - cut from 7.5% to the H p90 cap of 7.17%
Lithuania,LTU,2008,12670.0,UM,actual,H,projected - cut from 7.5% to the H p90 cap of 7.17%
Lithuania,LTU,2009,12480.0,UM,actual,H,projected - cut from 7.5% to the H p90 cap of 7.17%
Lithuania,LTU,2010,12430.0,UM,actual,H,projected - cut from 7.5% to the H p90 cap of 7.17%
Lithuania,LTU,2011,13200.0,UM,actual,H,projected - cut from 7.5% to the H p90 cap of 7.17%
Lithuania,LTU,2012,14040.0,H,actual,H,projected - cut from 7.5% to the H p90 cap of 7.17%
Lithuania,LTU,2013,15310.0,H,actual,H,projected - cut from 7.5% to the H p90 cap of 7.17%
Lithuania,LTU,2014,16020.0,H,actual,H,projected - cut from 7.5% to the H p90 cap of 7.17%
Lithuania,LTU,2015,15220.0,H,actual,H,projected - cut from 7.5% to the H p90 cap of 7.17%
Lithuania,LTU,2016,14890.0,H,actual,H,projected - cut from 7.5% to the H p90 cap of 7.17%
Lithuania,LTU,2017,15260.0,H,actual,H,projected - cut from 7.5% to the H p90 cap of 7.17%
Lithuania,LTU,2018,17550.0,H,actual,H,projected - cut from 7.5% to the H p90 cap of 7.17%
Lithuania,LTU,2019,19200.0,H,actual,H,projected - cut from 7.5% to the H p90 cap of 7.17%
Lithuania,LTU,2020,19800.0,H,actual,H,projected - cut from 7.5% to the H p90 cap of 7.17%
Lithuania,LTU,2021,22040.0,H,actual,H,projected - cut from 7.5% to the H p90 cap of 7.17%
Lithuania,LTU,2022,23840.0,H,actual,H,projected - cut from 7.5% to the H p90 cap of 7.17%
Lithuania,LTU,2023,25360.0,H,actual,H,projected - cut from 7.5% to the H p90 cap of 7.17%
Lithuania,LTU,2024,27110.0,H,actual,H,projected - cut from 7.5% to the H p90 cap of 7.17%
Lithuania,LTU,2025,30500.0,H,actual,H,projected - cut from 7.5% to the H p90 cap of 7.17%
Lithuania,LTU,2026,32686.5145,H,projected,H,projected - cut from 7.5% to the H p90 cap of 7.17%
Lithuania,LTU,2027,35029.778038,H,projected,H,projected - cut from 7.5% to the H p90 cap of 7.17%
Lithuania,LTU,2028,37541.027796,H,projected,H,projected - cut from 7.5% to the H p90 cap of 7.17%
Lithuania,LTU,2029,40232.306537,H,projected,H,projected - cut from 7.5% to the H p90 cap of 7.17%
Lithuania,LTU,2030,43116.520361,H,projected,H,projected - cut from 7.5% to the H p90 cap of 7.17%
Lithuania,LTU,2031,46207.500589,H,projected,H,projected - cut from 7.5% to the H p90 cap of 7.17%
Lithuania,LTU,2032,49520.070099,H,projected,H,projected - cut from 7.5% to the H p90 cap of 7.17%
Lithuania,LTU,2033,53070.114404,H,projected,H,projected - cut from 7.5% to the H p90 cap of 7.17%
Lithuania,LTU,2034,56874.657835,H,projected,H,projected - cut from 7.5% to the H p90 cap of 7.17%
Lithuania,LTU,2035,60951.945181,H,projected,H,projected - cut from 7.5% to the H p90 cap of 7.17%
Lithuania,LTU,2036,65321.529179,H,projected,H,projected - cut from 7.5% to the H p90 cap of 7.17%
Lithuania,LTU,2037,70004.364284,H,projected,H,projected - cut from 7.5% to the H p90 cap of 7.17%
Lithuania,LTU,2038,75022.907156,H,projected,H,projected - cut from 7.5% to the H p90 cap of 7.17%
Lithuania,LTU,2039,80401.224347,H,projected,H,projected - cut from 7.5% to the H p90 cap of 7.17%
Lithuania,LTU,2040,86165.107719,H,projected,H,projected - cut from 7.5% to the H p90 cap of 7.17%
Lithuania,LTU,2041,92342.198126,H,projected,H,projected - cut from 7.5% to the H p90 cap of 7.17%
Lithuania,LTU,2042,98962.117968,H,projected,H,projected - cut from 7.5% to the H p90 cap of 7.17%
Lithuania,LTU,2043,106056.613243,H,projected,H,projected - cut from 7.5% to the H p90 cap of 7.17%
Lithuania,LTU,2044,113659.705789,H,projected,H,projected - cut from 7.5% to the H p90 cap of 7.17%
Lithuania,LTU,2045,121807.856438,H,projected,H,projected - cut from 7.5% to the H p90 cap of 7.17%
Lithuania,LTU,2046,130540.139858,H,projected,H,projected - cut from 7.5% to the H p90 cap of 7.17%
Lithuania,LTU,2047,139898.431944,H,projected,H,projected - cut from 7.5% to the H p90 cap of 7.17%
Lithuania,LTU,2048,149927.610632,H,projected,H,projected - cut from 7.5% to the H p90 cap of 7.17%
Lithuania,LTU,2049,160675.77111,H,projected,H,projected - cut from 7.5% to the H p90 cap of 7.17%
Lithuania,LTU,2050,172194.456465,H,projected,H,projected - cut from 7.5% to the H p90 cap of 7.17%
Luxembourg,LUX,1987,19980.0,H,actual,H,projected
Luxembourg,LUX,1988,25870.0,H,actual,H,projected
Luxembourg,LUX,1989,28540.0,H,actual,H,projected
Luxembourg,LUX,1990,31330.0,H,actual,H,projected
Luxembourg,LUX,1991,35170.0,H,actual,H,projected
Luxembourg,LUX,1992,38990.0,H,actual,H,projected
Luxembourg,LUX,1993,40050.0,H,actual,H,projected
Luxembourg,LUX,1994,41330.0,H,actual,H,projected
Luxembourg,LUX,1995,45760.0,H,actual,H,projected
Luxembourg,LUX,1996,48560.0,H,actual,H,projected
Luxembourg,LUX,1997,49360.0,H,actual,H,projected
Luxembourg,LUX,1998,46350.0,H,actual,H,projected
Luxembourg,LUX,1999,46520.0,H,actual,H,projected
Luxembourg,LUX,2000,45690.0,H,actual,H,projected
Luxembourg,LUX,2001,45000.0,H,actual,H,projected
Luxembourg,LUX,2002,42520.0,H,actual,H,projected
Luxembourg,LUX,2003,46050.0,H,actual,H,projected
Luxembourg,LUX,2004,62680.0,H,actual,H,projected
Luxembourg,LUX,2005,73180.0,H,actual,H,projected
Luxembourg,LUX,2006,71370.0,H,actual,H,projected
Luxembourg,LUX,2007,85730.0,H,actual,H,projected
Luxembourg,LUX,2008,86000.0,H,actual,H,projected
Luxembourg,LUX,2009,70650.0,H,actual,H,projected
Luxembourg,LUX,2010,77640.0,H,actual,H,projected
Luxembourg,LUX,2011,79210.0,H,actual,H,projected
Luxembourg,LUX,2012,87950.0,H,actual,H,projected
Luxembourg,LUX,2013,85160.0,H,actual,H,projected
Luxembourg,LUX,2014,86760.0,H,actual,H,projected
Luxembourg,LUX,2015,73530.0,H,actual,H,projected
Luxembourg,LUX,2016,73730.0,H,actual,H,projected
Luxembourg,LUX,2017,75800.0,H,actual,H,projected
Luxembourg,LUX,2018,80120.0,H,actual,H,projected
Luxembourg,LUX,2019,79280.0,H,actual,H,projected
Luxembourg,LUX,2020,80090.0,H,actual,H,projected
Luxembourg,LUX,2021,86850.0,H,actual,H,projected
Luxembourg,LUX,2022,84190.0,H,actual,H,projected
Luxembourg,LUX,2023,88480.0,H,actual,H,projected
Luxembourg,LUX,2024,84650.0,H,actual,H,projected
Luxembourg,LUX,2025,95720.0,H,actual,H,projected
Luxembourg,LUX,2026,97552.672486,H,projected,H,projected
Luxembourg,LUX,2027,99420.433652,H,projected,H,projected
Luxembourg,LUX,2028,101323.955313,H,projected,H,projected
Luxembourg,LUX,2029,103263.922144,H,projected,H,projected
Luxembourg,LUX,2030,105241.031932,H,projected,H,projected
Luxembourg,LUX,2031,107255.995823,H,projected,H,projected
Luxembourg,LUX,2032,109309.538578,H,projected,H,projected
Luxembourg,LUX,2033,111402.398835,H,projected,H,projected
Luxembourg,LUX,2034,113535.329375,H,projected,H,projected
Luxembourg,LUX,2035,115709.09739,H,projected,H,projected
Luxembourg,LUX,2036,117924.484761,H,projected,H,projected
Luxembourg,LUX,2037,120182.288341,H,projected,H,projected
Luxembourg,LUX,2038,122483.320238,H,projected,H,projected
Luxembourg,LUX,2039,124828.408109,H,projected,H,projected
Luxembourg,LUX,2040,127218.395458,H,projected,H,projected
Luxembourg,LUX,2041,129654.141938,H,projected,H,projected
Luxembourg,LUX,2042,132136.523662,H,projected,H,projected
Luxembourg,LUX,2043,134666.433517,H,projected,H,projected
Luxembourg,LUX,2044,137244.781486,H,projected,H,projected
Luxembourg,LUX,2045,139872.494972,H,projected,H,projected
Luxembourg,LUX,2046,142550.519137,H,projected,H,projected
Luxembourg,LUX,2047,145279.817239,H,projected,H,projected
Luxembourg,LUX,2048,148061.370978,H,projected,H,projected
Luxembourg,LUX,2049,150896.180849,H,projected,H,projected
Luxembourg,LUX,2050,153785.266504,H,projected,H,projected
"Macao SAR, China",MAC,1987,6540.0,UM,actual,H,projected
"Macao SAR, China",MAC,1988,7600.0,UM,actual,H,projected
"Macao SAR, China",MAC,1989,8270.0,UM,actual,H,projected
"Macao SAR, China",MAC,1990,9210.0,UM,actual,H,projected
"Macao SAR, China",MAC,1991,10050.0,UM,actual,H,projected
"Macao SAR, China",MAC,1992,12280.0,UM,actual,H,projected
"Macao SAR, China",MAC,1993,13800.0,UM,actual,H,projected
"Macao SAR, China",MAC,1994,15260.0,H,actual,H,projected
"Macao SAR, China",MAC,1995,16420.0,H,actual,H,projected
"Macao SAR, China",MAC,1996,16580.0,H,actual,H,projected
"Macao SAR, China",MAC,1997,16670.0,H,actual,H,projected
"Macao SAR, China",MAC,1998,15230.0,H,actual,H,projected
"Macao SAR, China",MAC,1999,14330.0,H,actual,H,projected
"Macao SAR, China",MAC,2000,14620.0,H,actual,H,projected
"Macao SAR, China",MAC,2001,15910.0,H,actual,H,projected
"Macao SAR, China",MAC,2002,16670.0,H,actual,H,projected
"Macao SAR, China",MAC,2003,18510.0,H,actual,H,projected
"Macao SAR, China",MAC,2004,23050.0,H,actual,H,projected
"Macao SAR, China",MAC,2005,24430.0,H,actual,H,projected
"Macao SAR, China",MAC,2006,25920.0,H,actual,H,projected
"Macao SAR, China",MAC,2007,33070.0,H,actual,H,projected
"Macao SAR, China",MAC,2008,32190.0,H,actual,H,projected
"Macao SAR, China",MAC,2009,35520.0,H,actual,H,projected
"Macao SAR, China",MAC,2010,45370.0,H,actual,H,projected
"Macao SAR, China",MAC,2011,54620.0,H,actual,H,projected
"Macao SAR, China",MAC,2012,60370.0,H,actual,H,projected
"Macao SAR, China",MAC,2013,67830.0,H,actual,H,projected
"Macao SAR, China",MAC,2014,68530.0,H,actual,H,projected
"Macao SAR, China",MAC,2015,57990.0,H,actual,H,projected
"Macao SAR, China",MAC,2016,59680.0,H,actual,H,projected
"Macao SAR, China",MAC,2017,66890.0,H,actual,H,projected
"Macao SAR, China",MAC,2018,72780.0,H,actual,H,projected
"Macao SAR, China",MAC,2019,71600.0,H,actual,H,projected
"Macao SAR, China",MAC,2020,43810.0,H,actual,H,projected
"Macao SAR, China",MAC,2021,46220.0,H,actual,H,projected
"Macao SAR, China",MAC,2022,45210.0,H,actual,H,projected
"Macao SAR, China",MAC,2023,64780.0,H,actual,H,projected
"Macao SAR, China",MAC,2024,69920.0,H,actual,H,projected
"Macao SAR, China",MAC,2025,,H,actual,H,projected
"Macao SAR, China",MAC,2026,73766.318192,H,projected,H,projected
"Macao SAR, China",MAC,2027,77824.223393,H,projected,H,projected
"Macao SAR, China",MAC,2028,82105.355061,H,projected,H,projected
"Macao SAR, China",MAC,2029,86621.992945,H,projected,H,projected
"Macao SAR, China",MAC,2030,91387.092306,H,projected,H,projected
"Macao SAR, China",MAC,2031,96414.321077,H,projected,H,projected
"Macao SAR, China",MAC,2032,101718.099068,H,projected,H,projected
"Macao SAR, China",MAC,2033,107313.639327,H,projected,H,projected
"Macao SAR, China",MAC,2034,113216.991776,H,projected,H,projected
"Macao SAR, China",MAC,2035,119445.089246,H,projected,H,projected
"Macao SAR, China",MAC,2036,126015.79605,H,projected,H,projected
"Macao SAR, China",MAC,2037,132947.95922,H,projected,H,projected
"Macao SAR, China",MAC,2038,140261.462569,H,projected,H,projected
"Macao SAR, China",MAC,2039,147977.283724,H,projected,H,projected
"Macao SAR, China",MAC,2040,156117.554297,H,projected,H,projected
"Macao SAR, China",MAC,2041,164705.623364,H,projected,H,projected
"Macao SAR, China",MAC,2042,173766.124444,H,projected,H,projected
"Macao SAR, China",MAC,2043,183325.046149,H,projected,H,projected
"Macao SAR, China",MAC,2044,193409.806734,H,projected,H,projected
"Macao SAR, China",MAC,2045,204049.332738,H,projected,H,projected
"Macao SAR, China",MAC,2046,215274.141957,H,projected,H,projected
"Macao SAR, China",MAC,2047,227116.430981,H,projected,H,projected
"Macao SAR, China",MAC,2048,239610.16754,H,projected,H,projected
"Macao SAR, China",MAC,2049,252791.187941,H,projected,H,projected
"Macao SAR, China",MAC,2050,266697.299855,H,projected,H,projected
Madagascar,MDG,1987,350.0,L,actual,L,projected
Madagascar,MDG,1988,330.0,L,actual,L,projected
Madagascar,MDG,1989,290.0,L,actual,L,projected
Madagascar,MDG,1990,300.0,L,actual,L,projected
Madagascar,MDG,1991,260.0,L,actual,L,projected
Madagascar,MDG,1992,280.0,L,actual,L,projected
Madagascar,MDG,1993,280.0,L,actual,L,projected
Madagascar,MDG,1994,270.0,L,actual,L,projected
Madagascar,MDG,1995,270.0,L,actual,L,projected
Madagascar,MDG,1996,280.0,L,actual,L,projected
Madagascar,MDG,1997,290.0,L,actual,L,projected
Madagascar,MDG,1998,290.0,L,actual,L,projected
Madagascar,MDG,1999,270.0,L,actual,L,projected
Madagascar,MDG,2000,280.0,L,actual,L,projected
Madagascar,MDG,2001,290.0,L,actual,L,projected
Madagascar,MDG,2002,260.0,L,actual,L,projected
Madagascar,MDG,2003,320.0,L,actual,L,projected
Madagascar,MDG,2004,330.0,L,actual,L,projected
Madagascar,MDG,2005,320.0,L,actual,L,projected
Madagascar,MDG,2006,310.0,L,actual,L,projected
Madagascar,MDG,2007,360.0,L,actual,L,projected
Madagascar,MDG,2008,430.0,L,actual,L,projected
Madagascar,MDG,2009,450.0,L,actual,L,projected
Madagascar,MDG,2010,450.0,L,actual,L,projected
Madagascar,MDG,2011,460.0,L,actual,L,projected
Madagascar,MDG,2012,470.0,L,actual,L,projected
Madagascar,MDG,2013,490.0,L,actual,L,projected
Madagascar,MDG,2014,500.0,L,actual,L,projected
Madagascar,MDG,2015,470.0,L,actual,L,projected
Madagascar,MDG,2016,450.0,L,actual,L,projected
Madagascar,MDG,2017,450.0,L,actual,L,projected
Madagascar,MDG,2018,480.0,L,actual,L,projected
Madagascar,MDG,2019,500.0,L,actual,L,projected
Madagascar,MDG,2020,450.0,L,actual,L,projected
Madagascar,MDG,2021,470.0,L,actual,L,projected
Madagascar,MDG,2022,500.0,L,actual,L,projected
Madagascar,MDG,2023,510.0,L,actual,L,projected
Madagascar,MDG,2024,520.0,L,actual,L,projected
Madagascar,MDG,2025,560.0,L,actual,L,projected
Madagascar,MDG,2026,577.266667,L,projected,L,projected
Madagascar,MDG,2027,595.065722,L,projected,L,projected
Madagascar,MDG,2028,613.413582,L,projected,L,projected
Madagascar,MDG,2029,632.327167,L,projected,L,projected
Madagascar,MDG,2030,651.823922,L,projected,L,projected
Madagascar,MDG,2031,671.921826,L,projected,L,projected
Madagascar,MDG,2032,692.639416,L,projected,L,projected
Madagascar,MDG,2033,713.995798,L,projected,L,projected
Madagascar,MDG,2034,736.010668,L,projected,L,projected
Madagascar,MDG,2035,758.70433,L,projected,L,projected
Madagascar,MDG,2036,782.097714,L,projected,L,projected
Madagascar,MDG,2037,806.212393,L,projected,L,projected
Madagascar,MDG,2038,831.070609,L,projected,L,projected
Madagascar,MDG,2039,856.695286,L,projected,L,projected
Madagascar,MDG,2040,883.110057,L,projected,L,projected
Madagascar,MDG,2041,910.339284,L,projected,L,projected
Madagascar,MDG,2042,938.408079,L,projected,L,projected
Madagascar,MDG,2043,967.342328,L,projected,L,projected
Madagascar,MDG,2044,997.168716,L,projected,L,projected
Madagascar,MDG,2045,1027.914752,L,projected,L,projected
Madagascar,MDG,2046,1059.60879,L,projected,L,projected
Madagascar,MDG,2047,1092.280061,L,projected,L,projected
Madagascar,MDG,2048,1125.958696,L,projected,L,projected
Madagascar,MDG,2049,1160.675756,L,projected,L,projected
Madagascar,MDG,2050,1196.463258,L,projected,L,projected
Malawi,MWI,1987,230.0,L,actual,L,projected
Malawi,MWI,1988,240.0,L,actual,L,projected
Malawi,MWI,1989,240.0,L,actual,L,projected
Malawi,MWI,1990,270.0,L,actual,L,projected
Malawi,MWI,1991,310.0,L,actual,L,projected
Malawi,MWI,1992,290.0,L,actual,L,projected
Malawi,MWI,1993,310.0,L,actual,L,projected
Malawi,MWI,1994,230.0,L,actual,L,projected
Malawi,MWI,1995,230.0,L,actual,L,projected
Malawi,MWI,1996,250.0,L,actual,L,projected
Malawi,MWI,1997,290.0,L,actual,L,projected
Malawi,MWI,1998,290.0,L,actual,L,projected
Malawi,MWI,1999,260.0,L,actual,L,projected
Malawi,MWI,2000,230.0,L,actual,L,projected
Malawi,MWI,2001,210.0,L,actual,L,projected
Malawi,MWI,2002,250.0,L,actual,L,projected
Malawi,MWI,2003,320.0,L,actual,L,projected
Malawi,MWI,2004,440.0,L,actual,L,projected
Malawi,MWI,2005,430.0,L,actual,L,projected
Malawi,MWI,2006,440.0,L,actual,L,projected
Malawi,MWI,2007,480.0,L,actual,L,projected
Malawi,MWI,2008,530.0,L,actual,L,projected
Malawi,MWI,2009,590.0,L,actual,L,projected
Malawi,MWI,2010,650.0,L,actual,L,projected
Malawi,MWI,2011,710.0,L,actual,L,projected
Malawi,MWI,2012,650.0,L,actual,L,projected
Malawi,MWI,2013,590.0,L,actual,L,projected
Malawi,MWI,2014,530.0,L,actual,L,projected
Malawi,MWI,2015,510.0,L,actual,L,projected
Malawi,MWI,2016,490.0,L,actual,L,projected
Malawi,MWI,2017,480.0,L,actual,L,projected
Malawi,MWI,2018,490.0,L,actual,L,projected
Malawi,MWI,2019,540.0,L,actual,L,projected
Malawi,MWI,2020,560.0,L,actual,L,projected
Malawi,MWI,2021,600.0,L,actual,L,projected
Malawi,MWI,2022,610.0,L,actual,L,projected
Malawi,MWI,2023,620.0,L,actual,L,projected
Malawi,MWI,2024,570.0,L,actual,L,projected
Malawi,MWI,2025,600.0,L,actual,L,projected
Malawi,MWI,2026,611.25,L,projected,L,projected
Malawi,MWI,2027,622.710937,L,projected,L,projected
Malawi,MWI,2028,634.386768,L,projected,L,projected
Malawi,MWI,2029,646.281519,L,projected,L,projected
Malawi,MWI,2030,658.399298,L,projected,L,projected
Malawi,MWI,2031,670.744285,L,projected,L,projected
Malawi,MWI,2032,683.32074,L,projected,L,projected
Malawi,MWI,2033,696.133004,L,projected,L,projected
Malawi,MWI,2034,709.185498,L,projected,L,projected
Malawi,MWI,2035,722.482726,L,projected,L,projected
Malawi,MWI,2036,736.029277,L,projected,L,projected
Malawi,MWI,2037,749.829826,L,projected,L,projected
Malawi,MWI,2038,763.889135,L,projected,L,projected
Malawi,MWI,2039,778.212057,L,projected,L,projected
Malawi,MWI,2040,792.803533,L,projected,L,projected
Malawi,MWI,2041,807.668599,L,projected,L,projected
Malawi,MWI,2042,822.812385,L,projected,L,projected
Malawi,MWI,2043,838.240117,L,projected,L,projected
Malawi,MWI,2044,853.957119,L,projected,L,projected
Malawi,MWI,2045,869.968815,L,projected,L,projected
Malawi,MWI,2046,886.280731,L,projected,L,projected
Malawi,MWI,2047,902.898494,L,projected,L,projected
Malawi,MWI,2048,919.827841,L,projected,L,projected
Malawi,MWI,2049,937.074613,L,projected,L,projected
Malawi,MWI,2050,954.644762,L,projected,L,projected
Malaysia,MYS,1987,1990.0,LM,actual,UM,projected
Malaysia,MYS,1988,2170.0,LM,actual,UM,projected
Malaysia,MYS,1989,2290.0,LM,actual,UM,projected
Malaysia,MYS,1990,2420.0,LM,actual,UM,projected
Malaysia,MYS,1991,2590.0,LM,actual,UM,projected
Malaysia,MYS,1992,2900.0,UM,actual,UM,projected
Malaysia,MYS,1993,3260.0,UM,actual,UM,projected
Malaysia,MYS,1994,3630.0,UM,actual,UM,projected
Malaysia,MYS,1995,4080.0,UM,actual,UM,projected
Malaysia,MYS,1996,4540.0,UM,actual,UM,projected
Malaysia,MYS,1997,4660.0,UM,actual,UM,projected
Malaysia,MYS,1998,3670.0,UM,actual,UM,projected
Malaysia,MYS,1999,3420.0,UM,actual,UM,projected
Malaysia,MYS,2000,3490.0,UM,actual,UM,projected
Malaysia,MYS,2001,3570.0,UM,actual,UM,projected
Malaysia,MYS,2002,3810.0,UM,actual,UM,projected
Malaysia,MYS,2003,4170.0,UM,actual,UM,projected
Malaysia,MYS,2004,4720.0,UM,actual,UM,projected
Malaysia,MYS,2005,5240.0,UM,actual,UM,projected
Malaysia,MYS,2006,5790.0,UM,actual,UM,projected
Malaysia,MYS,2007,6560.0,UM,actual,UM,projected
Malaysia,MYS,2008,7420.0,UM,actual,UM,projected
Malaysia,MYS,2009,7500.0,UM,actual,UM,projected
Malaysia,MYS,2010,8130.0,UM,actual,UM,projected
Malaysia,MYS,2011,8890.0,UM,actual,UM,projected
Malaysia,MYS,2012,9980.0,UM,actual,UM,projected
Malaysia,MYS,2013,10590.0,UM,actual,UM,projected
Malaysia,MYS,2014,10840.0,UM,actual,UM,projected
Malaysia,MYS,2015,10350.0,UM,actual,UM,projected
Malaysia,MYS,2016,9800.0,UM,actual,UM,projected
Malaysia,MYS,2017,9560.0,UM,actual,UM,projected
Malaysia,MYS,2018,10200.0,UM,actual,UM,projected
Malaysia,MYS,2019,10750.0,UM,actual,UM,projected
Malaysia,MYS,2020,10110.0,UM,actual,UM,projected
Malaysia,MYS,2021,10520.0,UM,actual,UM,projected
Malaysia,MYS,2022,11620.0,UM,actual,UM,projected
Malaysia,MYS,2023,11700.0,UM,actual,UM,projected
Malaysia,MYS,2024,11650.0,UM,actual,UM,projected
Malaysia,MYS,2025,12380.0,UM,actual,UM,projected
Malaysia,MYS,2026,12673.644863,UM,projected,UM,projected
Malaysia,MYS,2027,12974.254776,UM,projected,UM,projected
Malaysia,MYS,2028,13281.994943,UM,projected,UM,projected
Malaysia,MYS,2029,13597.03449,UM,projected,UM,projected
Malaysia,MYS,2030,13919.546553,UM,projected,UM,projected
Malaysia,MYS,2031,14249.708374,UM,projected,UM,projected
Malaysia,MYS,2032,14587.701401,UM,projected,UM,projected
Malaysia,MYS,2033,14933.711384,UM,projected,UM,projected
Malaysia,MYS,2034,15287.928479,UM,projected,UM,projected
Malaysia,MYS,2035,15650.547354,UM,projected,UM,projected
Malaysia,MYS,2036,16021.767293,UM,projected,UM,projected
Malaysia,MYS,2037,16401.792306,UM,projected,UM,projected
Malaysia,MYS,2038,16790.831245,UM,projected,UM,projected
Malaysia,MYS,2039,17189.097913,H,projected,UM,projected
Malaysia,MYS,2040,17596.811185,H,projected,UM,projected
Malaysia,MYS,2041,18014.195128,H,projected,UM,projected
Malaysia,MYS,2042,18441.479124,H,projected,UM,projected
Malaysia,MYS,2043,18878.897995,H,projected,UM,projected
Malaysia,MYS,2044,19326.692133,H,projected,UM,projected
Malaysia,MYS,2045,19785.107631,H,projected,UM,projected
Malaysia,MYS,2046,20254.396422,H,projected,UM,projected
Malaysia,MYS,2047,20734.816412,H,projected,UM,projected
Malaysia,MYS,2048,21226.631624,H,projected,UM,projected
Malaysia,MYS,2049,21730.112347,H,projected,UM,projected
Malaysia,MYS,2050,22245.535277,H,projected,UM,projected
Maldives,MDV,1987,670.0,L,actual,UM,projected
Maldives,MDV,1988,820.0,L,actual,UM,projected
Maldives,MDV,1989,820.0,L,actual,UM,projected
Maldives,MDV,1990,920.0,L,actual,UM,projected
Maldives,MDV,1991,900.0,L,actual,UM,projected
Maldives,MDV,1992,990.0,L,actual,UM,projected
Maldives,MDV,1993,1090.0,LM,actual,UM,projected
Maldives,MDV,1994,1250.0,LM,actual,UM,projected
Maldives,MDV,1995,1530.0,LM,actual,UM,projected
Maldives,MDV,1996,1640.0,LM,actual,UM,projected
Maldives,MDV,1997,1740.0,LM,actual,UM,projected
Maldives,MDV,1998,1830.0,LM,actual,UM,projected
Maldives,MDV,1999,1950.0,LM,actual,UM,projected
Maldives,MDV,2000,2050.0,LM,actual,UM,projected
Maldives,MDV,2001,2240.0,LM,actual,UM,projected
Maldives,MDV,2002,2650.0,LM,actual,UM,projected
Maldives,MDV,2003,3470.0,LM,actual,UM,projected
Maldives,MDV,2004,3890.0,LM,actual,UM,projected
Maldives,MDV,2005,3660.0,LM,actual,UM,projected
Maldives,MDV,2006,4710.0,LM,actual,UM,projected
Maldives,MDV,2007,4570.0,LM,actual,UM,projected
Maldives,MDV,2008,5500.0,LM,actual,UM,projected
Maldives,MDV,2009,5490.0,LM,actual,UM,projected
Maldives,MDV,2010,6000.0,UM,actual,UM,projected
Maldives,MDV,2011,6720.0,UM,actual,UM,projected
Maldives,MDV,2012,6810.0,UM,actual,UM,projected
Maldives,MDV,2013,7050.0,UM,actual,UM,projected
Maldives,MDV,2014,7720.0,UM,actual,UM,projected
Maldives,MDV,2015,8210.0,UM,actual,UM,projected
Maldives,MDV,2016,8720.0,UM,actual,UM,projected
Maldives,MDV,2017,9400.0,UM,actual,UM,projected
Maldives,MDV,2018,10220.0,UM,actual,UM,projected
Maldives,MDV,2019,10730.0,UM,actual,UM,projected
Maldives,MDV,2020,7050.0,UM,actual,UM,projected
Maldives,MDV,2021,9350.0,UM,actual,UM,projected
Maldives,MDV,2022,10570.0,UM,actual,UM,projected
Maldives,MDV,2023,11130.0,UM,actual,UM,projected
Maldives,MDV,2024,11540.0,UM,actual,UM,projected
Maldives,MDV,2025,12950.0,UM,actual,UM,projected
Maldives,MDV,2026,13857.154092,UM,projected,UM,projected
Maldives,MDV,2027,14827.854789,H,projected,UM,projected
Maldives,MDV,2028,15866.553564,H,projected,UM,projected
Maldives,MDV,2029,16978.013718,H,projected,UM,projected
Maldives,MDV,2030,18167.33222,H,projected,UM,projected
Maldives,MDV,2031,19439.96309,H,projected,UM,projected
Maldives,MDV,2032,20801.742399,H,projected,UM,projected
Maldives,MDV,2033,22258.915042,H,projected,UM,projected
Maldives,MDV,2034,23818.163371,H,projected,UM,projected
Maldives,MDV,2035,25486.637838,H,projected,UM,projected
Maldives,MDV,2036,27271.989792,H,projected,UM,projected
Maldives,MDV,2037,29182.406558,H,projected,UM,projected
Maldives,MDV,2038,31226.648991,H,projected,UM,projected
Maldives,MDV,2039,33414.091647,H,projected,UM,projected
Maldives,MDV,2040,35754.765775,H,projected,UM,projected
Maldives,MDV,2041,38259.405317,H,projected,UM,projected
Maldives,MDV,2042,40939.496133,H,projected,UM,projected
Maldives,MDV,2043,43807.328676,H,projected,UM,projected
Maldives,MDV,2044,46876.054348,H,projected,UM,projected
Maldives,MDV,2045,50159.745815,H,projected,UM,projected
Maldives,MDV,2046,53673.46154,H,projected,UM,projected
Maldives,MDV,2047,57433.314841,H,projected,UM,projected
Maldives,MDV,2048,61456.547779,H,projected,UM,projected
Maldives,MDV,2049,65761.610233,H,projected,UM,projected
Maldives,MDV,2050,70368.244502,H,projected,UM,projected
Mali,MLI,1987,250.0,L,actual,L,projected
Mali,MLI,1988,330.0,L,actual,L,projected
Mali,MLI,1989,340.0,L,actual,L,projected
Mali,MLI,1990,330.0,L,actual,L,projected
Mali,MLI,1991,380.0,L,actual,L,projected
Mali,MLI,1992,390.0,L,actual,L,projected
Mali,MLI,1993,390.0,L,actual,L,projected
Mali,MLI,1994,350.0,L,actual,L,projected
Mali,MLI,1995,330.0,L,actual,L,projected
Mali,MLI,1996,330.0,L,actual,L,projected
Mali,MLI,1997,340.0,L,actual,L,projected
Mali,MLI,1998,340.0,L,actual,L,projected
Mali,MLI,1999,350.0,L,actual,L,projected
Mali,MLI,2000,330.0,L,actual,L,projected
Mali,MLI,2001,340.0,L,actual,L,projected
Mali,MLI,2002,330.0,L,actual,L,projected
Mali,MLI,2003,400.0,L,actual,L,projected
Mali,MLI,2004,450.0,L,actual,L,projected
Mali,MLI,2005,510.0,L,actual,L,projected
Mali,MLI,2006,550.0,L,actual,L,projected
Mali,MLI,2007,590.0,L,actual,L,projected
Mali,MLI,2008,670.0,L,actual,L,projected
Mali,MLI,2009,740.0,L,actual,L,projected
Mali,MLI,2010,780.0,L,actual,L,projected
Mali,MLI,2011,830.0,L,actual,L,projected
Mali,MLI,2012,830.0,L,actual,L,projected
Mali,MLI,2013,880.0,L,actual,L,projected
Mali,MLI,2014,910.0,L,actual,L,projected
Mali,MLI,2015,890.0,L,actual,L,projected
Mali,MLI,2016,870.0,L,actual,L,projected
Mali,MLI,2017,860.0,L,actual,L,projected
Mali,MLI,2018,930.0,L,actual,L,projected
Mali,MLI,2019,960.0,L,actual,L,projected
Mali,MLI,2020,930.0,L,actual,L,projected
Mali,MLI,2021,960.0,L,actual,L,projected
Mali,MLI,2022,1000.0,L,actual,L,projected
Mali,MLI,2023,1010.0,L,actual,L,projected
Mali,MLI,2024,1030.0,L,actual,L,projected
Mali,MLI,2025,1120.0,L,actual,L,projected
Mali,MLI,2026,1149.153625,L,projected,L,projected
Mali,MLI,2027,1179.06612,L,projected,L,projected
Mali,MLI,2028,1209.757237,L,projected,L,projected
Mali,MLI,2029,1241.247245,LM,projected,L,projected
Mali,MLI,2030,1273.556939,LM,projected,L,projected
Mali,MLI,2031,1306.707654,LM,projected,L,projected
Mali,MLI,2032,1340.721284,LM,projected,L,projected
Mali,MLI,2033,1375.620289,LM,projected,L,projected
Mali,MLI,2034,1411.427715,LM,projected,L,projected
Mali,MLI,2035,1448.16721,LM,projected,L,projected
Mali,MLI,2036,1485.863035,LM,projected,L,projected
Mali,MLI,2037,1524.540083,LM,projected,L,projected
Mali,MLI,2038,1564.223896,LM,projected,L,projected
Mali,MLI,2039,1604.940679,LM,projected,L,projected
Mali,MLI,2040,1646.71732,LM,projected,L,projected
Mali,MLI,2041,1689.581409,LM,projected,L,projected
Mali,MLI,2042,1733.561251,LM,projected,L,projected
Mali,MLI,2043,1778.685889,LM,projected,L,projected
Mali,MLI,2044,1824.985123,LM,projected,L,projected
Mali,MLI,2045,1872.489526,LM,projected,L,projected
Mali,MLI,2046,1921.23047,LM,projected,L,projected
Mali,MLI,2047,1971.240142,LM,projected,L,projected
Mali,MLI,2048,2022.551567,LM,projected,L,projected
Mali,MLI,2049,2075.19863,LM,projected,L,projected
Mali,MLI,2050,2129.216097,LM,projected,L,projected
Malta,MLT,1987,4930.0,UM,actual,H,projected
Malta,MLT,1988,6260.0,UM,actual,H,projected
Malta,MLT,1989,6910.0,H,actual,H,projected
Malta,MLT,1990,7600.0,UM,actual,H,projected
Malta,MLT,1991,7940.0,UM,actual,H,projected
Malta,MLT,1992,8720.0,UM,actual,H,projected
Malta,MLT,1993,8570.0,UM,actual,H,projected
Malta,MLT,1994,8600.0,UM,actual,H,projected
Malta,MLT,1995,9320.0,UM,actual,H,projected
Malta,MLT,1996,10080.0,UM,actual,H,projected
Malta,MLT,1997,10610.0,UM,actual,H,projected
Malta,MLT,1998,10350.0,H,actual,H,projected
Malta,MLT,1999,10800.0,UM,actual,H,projected
Malta,MLT,2000,11480.0,H,actual,H,projected
Malta,MLT,2001,11030.0,UM,actual,H,projected
Malta,MLT,2002,10770.0,H,actual,H,projected
Malta,MLT,2003,12210.0,H,actual,H,projected
Malta,MLT,2004,14200.0,H,actual,H,projected
Malta,MLT,2005,15380.0,H,actual,H,projected
Malta,MLT,2006,16330.0,H,actual,H,projected
Malta,MLT,2007,17990.0,H,actual,H,projected
Malta,MLT,2008,20320.0,H,actual,H,projected
Malta,MLT,2009,20110.0,H,actual,H,projected
Malta,MLT,2010,21440.0,H,actual,H,projected
Malta,MLT,2011,22060.0,H,actual,H,projected
Malta,MLT,2012,22450.0,H,actual,H,projected
Malta,MLT,2013,23330.0,H,actual,H,projected
Malta,MLT,2014,24590.0,H,actual,H,projected
Malta,MLT,2015,25470.0,H,actual,H,projected
Malta,MLT,2016,23820.0,H,actual,H,projected
Malta,MLT,2017,26690.0,H,actual,H,projected
Malta,MLT,2018,29030.0,H,actual,H,projected
Malta,MLT,2019,29830.0,H,actual,H,projected
Malta,MLT,2020,26910.0,H,actual,H,projected
Malta,MLT,2021,32440.0,H,actual,H,projected
Malta,MLT,2022,34840.0,H,actual,H,projected
Malta,MLT,2023,35720.0,H,actual,H,projected
Malta,MLT,2024,36540.0,H,actual,H,projected
Malta,MLT,2025,41440.0,H,actual,H,projected
Malta,MLT,2026,43543.91784,H,projected,H,projected
Malta,MLT,2027,45754.652048,H,projected,H,projected
Malta,MLT,2028,48077.625713,H,projected,H,projected
Malta,MLT,2029,50518.537259,H,projected,H,projected
Malta,MLT,2030,53083.374416,H,projected,H,projected
Malta,MLT,2031,55778.428915,H,projected,H,projected
Malta,MLT,2032,58610.311919,H,projected,H,projected
Malta,MLT,2033,61585.970241,H,projected,H,projected
Malta,MLT,2034,64712.703385,H,projected,H,projected
Malta,MLT,2035,67998.181452,H,projected,H,projected
Malta,MLT,2036,71450.463958,H,projected,H,projected
Malta,MLT,2037,75078.0196,H,projected,H,projected
Malta,MLT,2038,78889.747033,H,projected,H,projected
Malta,MLT,2039,82894.996699,H,projected,H,projected
Malta,MLT,2040,87103.593765,H,projected,H,projected
Malta,MLT,2041,91525.862222,H,projected,H,projected
Malta,MLT,2042,96172.650213,H,projected,H,projected
Malta,MLT,2043,101055.356644,H,projected,H,projected
Malta,MLT,2044,106185.959146,H,projected,H,projected
Malta,MLT,2045,111577.043456,H,projected,H,projected
Malta,MLT,2046,117241.834292,H,projected,H,projected
Malta,MLT,2047,123194.227795,H,projected,H,projected
Malta,MLT,2048,129448.825615,H,projected,H,projected
Malta,MLT,2049,136020.97073,H,projected,H,projected
Malta,MLT,2050,142926.785087,H,projected,H,projected
Marshall Islands,MHL,1987,2060.0,,actual,UM,projected
Marshall Islands,MHL,1988,2270.0,,actual,UM,projected
Marshall Islands,MHL,1989,2170.0,,actual,UM,projected
Marshall Islands,MHL,1990,2210.0,,actual,UM,projected
Marshall Islands,MHL,1991,2240.0,LM,actual,UM,projected
Marshall Islands,MHL,1992,2500.0,LM,actual,UM,projected
Marshall Islands,MHL,1993,2690.0,LM,actual,UM,projected
Marshall Islands,MHL,1994,2890.0,LM,actual,UM,projected
Marshall Islands,MHL,1995,3210.0,LM,actual,UM,projected
Marshall Islands,MHL,1996,2790.0,LM,actual,UM,projected
Marshall Islands,MHL,1997,2630.0,LM,actual,UM,projected
Marshall Islands,MHL,1998,2690.0,LM,actual,UM,projected
Marshall Islands,MHL,1999,2810.0,LM,actual,UM,projected
Marshall Islands,MHL,2000,2940.0,LM,actual,UM,projected
Marshall Islands,MHL,2001,3100.0,LM,actual,UM,projected
Marshall Islands,MHL,2002,3100.0,LM,actual,UM,projected
Marshall Islands,MHL,2003,3200.0,LM,actual,UM,projected
Marshall Islands,MHL,2004,3400.0,LM,actual,UM,projected
Marshall Islands,MHL,2005,3610.0,LM,actual,UM,projected
Marshall Islands,MHL,2006,3540.0,LM,actual,UM,projected
Marshall Islands,MHL,2007,3730.0,LM,actual,UM,projected
Marshall Islands,MHL,2008,3630.0,LM,actual,UM,projected
Marshall Islands,MHL,2009,3730.0,LM,actual,UM,projected
Marshall Islands,MHL,2010,3820.0,LM,actual,UM,projected
Marshall Islands,MHL,2011,3860.0,LM,actual,UM,projected
Marshall Islands,MHL,2012,3860.0,UM,actual,UM,projected
Marshall Islands,MHL,2013,4350.0,UM,actual,UM,projected
Marshall Islands,MHL,2014,4560.0,UM,actual,UM,projected
Marshall Islands,MHL,2015,4980.0,UM,actual,UM,projected
Marshall Islands,MHL,2016,5060.0,UM,actual,UM,projected
Marshall Islands,MHL,2017,5310.0,UM,actual,UM,projected
Marshall Islands,MHL,2018,6040.0,UM,actual,UM,projected
Marshall Islands,MHL,2019,6770.0,UM,actual,UM,projected
Marshall Islands,MHL,2020,6610.0,UM,actual,UM,projected
Marshall Islands,MHL,2021,6720.0,UM,actual,UM,projected
Marshall Islands,MHL,2022,7580.0,UM,actual,UM,projected
Marshall Islands,MHL,2023,7960.0,UM,actual,UM,projected
Marshall Islands,MHL,2024,8510.0,UM,actual,UM,projected
Marshall Islands,MHL,2025,9710.0,UM,actual,UM,projected
Marshall Islands,MHL,2026,10288.849044,UM,projected,UM,projected
Marshall Islands,MHL,2027,10902.205422,UM,projected,UM,projected
Marshall Islands,MHL,2028,11552.126245,UM,projected,UM,projected
Marshall Islands,MHL,2029,12240.791253,UM,projected,UM,projected
Marshall Islands,MHL,2030,12970.510132,UM,projected,UM,projected
Marshall Islands,MHL,2031,13743.730255,UM,projected,UM,projected
Marshall Islands,MHL,2032,14563.044892,UM,projected,UM,projected
Marshall Islands,MHL,2033,15431.201906,UM,projected,UM,projected
Marshall Islands,MHL,2034,16351.112974,H,projected,UM,projected
Marshall Islands,MHL,2035,17325.863347,H,projected,UM,projected
Marshall Islands,MHL,2036,18358.722197,H,projected,UM,projected
Marshall Islands,MHL,2037,19453.153586,H,projected,UM,projected
Marshall Islands,MHL,2038,20612.828083,H,projected,UM,projected
Marshall Islands,MHL,2039,21841.635068,H,projected,UM,projected
Marshall Islands,MHL,2040,23143.695787,H,projected,UM,projected
Marshall Islands,MHL,2041,24523.377165,H,projected,UM,projected
Marshall Islands,MHL,2042,25985.306457,H,projected,UM,projected
Marshall Islands,MHL,2043,27534.386767,H,projected,UM,projected
Marshall Islands,MHL,2044,29175.813487,H,projected,UM,projected
Marshall Islands,MHL,2045,30915.091731,H,projected,UM,projected
Marshall Islands,MHL,2046,32758.054789,H,projected,UM,projected
Marshall Islands,MHL,2047,34710.883697,H,projected,UM,projected
Marshall Islands,MHL,2048,36780.127966,H,projected,UM,projected
Marshall Islands,MHL,2049,38972.727545,H,projected,UM,projected
Marshall Islands,MHL,2050,41296.036101,H,projected,UM,projected
Mauritania,MRT,1987,690.0,L,actual,LM,projected
Mauritania,MRT,1988,770.0,L,actual,LM,projected
Mauritania,MRT,1989,800.0,L,actual,LM,projected
Mauritania,MRT,1990,760.0,L,actual,LM,projected
Mauritania,MRT,1991,840.0,L,actual,LM,projected
Mauritania,MRT,1992,940.0,L,actual,LM,projected
Mauritania,MRT,1993,980.0,L,actual,LM,projected
Mauritania,MRT,1994,870.0,L,actual,LM,projected
Mauritania,MRT,1995,900.0,L,actual,LM,projected
Mauritania,MRT,1996,970.0,L,actual,LM,projected
Mauritania,MRT,1997,880.0,L,actual,LM,projected
Mauritania,MRT,1998,840.0,L,actual,LM,projected
Mauritania,MRT,1999,820.0,L,actual,LM,projected
Mauritania,MRT,2000,730.0,L,actual,LM,projected
Mauritania,MRT,2001,660.0,L,actual,LM,projected
Mauritania,MRT,2002,660.0,L,actual,LM,projected
Mauritania,MRT,2003,730.0,L,actual,LM,projected
Mauritania,MRT,2004,820.0,L,actual,LM,projected
Mauritania,MRT,2005,960.0,L,actual,LM,projected
Mauritania,MRT,2006,1180.0,L,actual,LM,projected
Mauritania,MRT,2007,1260.0,L,actual,LM,projected
Mauritania,MRT,2008,1430.0,L,actual,LM,projected
Mauritania,MRT,2009,1500.0,L,actual,LM,projected
Mauritania,MRT,2010,1550.0,LM,actual,LM,projected
Mauritania,MRT,2011,1640.0,L,actual,LM,projected
Mauritania,MRT,2012,1800.0,LM,actual,LM,projected
Mauritania,MRT,2013,1890.0,LM,actual,LM,projected
Mauritania,MRT,2014,1790.0,LM,actual,LM,projected
Mauritania,MRT,2015,1680.0,LM,actual,LM,projected
Mauritania,MRT,2016,1550.0,LM,actual,LM,projected
Mauritania,MRT,2017,1560.0,LM,actual,LM,projected
Mauritania,MRT,2018,1680.0,LM,actual,LM,projected
Mauritania,MRT,2019,1720.0,LM,actual,LM,projected
Mauritania,MRT,2020,1720.0,LM,actual,LM,projected
Mauritania,MRT,2021,1810.0,LM,actual,LM,projected
Mauritania,MRT,2022,2010.0,LM,actual,LM,projected
Mauritania,MRT,2023,2140.0,LM,actual,LM,projected
Mauritania,MRT,2024,2110.0,LM,actual,LM,projected
Mauritania,MRT,2025,2210.0,LM,actual,LM,projected
Mauritania,MRT,2026,2288.679192,LM,projected,LM,projected
Mauritania,MRT,2027,2370.159477,LM,projected,LM,projected
Mauritania,MRT,2028,2454.540578,LM,projected,LM,projected
Mauritania,MRT,2029,2541.925768,LM,projected,LM,projected
Mauritania,MRT,2030,2632.421996,LM,projected,LM,projected
Mauritania,MRT,2031,2726.140022,LM,projected,LM,projected
Mauritania,MRT,2032,2823.194544,LM,projected,LM,projected
Mauritania,MRT,2033,2923.704347,LM,projected,LM,projected
Mauritania,MRT,2034,3027.792445,LM,projected,LM,projected
Mauritania,MRT,2035,3135.586229,LM,projected,LM,projected
Mauritania,MRT,2036,3247.217628,LM,projected,LM,projected
Mauritania,MRT,2037,3362.823266,LM,projected,LM,projected
Mauritania,MRT,2038,3482.544631,LM,projected,LM,projected
Mauritania,MRT,2039,3606.52825,LM,projected,LM,projected
Mauritania,MRT,2040,3734.925865,LM,projected,LM,projected
Mauritania,MRT,2041,3867.894621,LM,projected,LM,projected
Mauritania,MRT,2042,4005.597256,LM,projected,LM,projected
Mauritania,MRT,2043,4148.202304,LM,projected,LM,projected
Mauritania,MRT,2044,4295.884297,LM,projected,LM,projected
Mauritania,MRT,2045,4448.823983,LM,projected,LM,projected
Mauritania,MRT,2046,4607.208543,LM,projected,LM,projected
Mauritania,MRT,2047,4771.231821,LM,projected,LM,projected
Mauritania,MRT,2048,4941.094565,LM,projected,LM,projected
Mauritania,MRT,2049,5117.004669,LM,projected,LM,projected
Mauritania,MRT,2050,5299.177426,LM,projected,LM,projected
Mauritius,MUS,1987,1640.0,LM,actual,UM,projected
Mauritius,MUS,1988,2090.0,LM,actual,UM,projected
Mauritius,MUS,1989,2250.0,LM,actual,UM,projected
Mauritius,MUS,1990,2460.0,LM,actual,UM,projected
Mauritius,MUS,1991,2650.0,LM,actual,UM,projected
Mauritius,MUS,1992,3030.0,UM,actual,UM,projected
Mauritius,MUS,1993,3160.0,UM,actual,UM,projected
Mauritius,MUS,1994,3280.0,UM,actual,UM,projected
Mauritius,MUS,1995,3520.0,UM,actual,UM,projected
Mauritius,MUS,1996,3840.0,UM,actual,UM,projected
Mauritius,MUS,1997,3950.0,UM,actual,UM,projected
Mauritius,MUS,1998,3830.0,UM,actual,UM,projected
Mauritius,MUS,1999,3710.0,UM,actual,UM,projected
Mauritius,MUS,2000,3960.0,UM,actual,UM,projected
Mauritius,MUS,2001,4030.0,UM,actual,UM,projected
Mauritius,MUS,2002,4010.0,UM,actual,UM,projected
Mauritius,MUS,2003,4470.0,UM,actual,UM,projected
Mauritius,MUS,2004,5240.0,UM,actual,UM,projected
Mauritius,MUS,2005,5670.0,UM,actual,UM,projected
Mauritius,MUS,2006,5910.0,UM,actual,UM,projected
Mauritius,MUS,2007,6460.0,UM,actual,UM,projected
Mauritius,MUS,2008,7390.0,UM,actual,UM,projected
Mauritius,MUS,2009,7730.0,UM,actual,UM,projected
Mauritius,MUS,2010,8210.0,UM,actual,UM,projected
Mauritius,MUS,2011,8530.0,UM,actual,UM,projected
Mauritius,MUS,2012,9700.0,UM,actual,UM,projected
Mauritius,MUS,2013,10360.0,UM,actual,UM,projected
Mauritius,MUS,2014,10720.0,UM,actual,UM,projected
Mauritius,MUS,2015,10660.0,UM,actual,UM,projected
Mauritius,MUS,2016,10650.0,UM,actual,UM,projected
Mauritius,MUS,2017,11020.0,UM,actual,UM,projected
Mauritius,MUS,2018,12190.0,UM,actual,UM,projected
Mauritius,MUS,2019,12710.0,H,actual,UM,projected
Mauritius,MUS,2020,10780.0,UM,actual,UM,projected
Mauritius,MUS,2021,10900.0,UM,actual,UM,projected
Mauritius,MUS,2022,11810.0,UM,actual,UM,projected
Mauritius,MUS,2023,12530.0,UM,actual,UM,projected
Mauritius,MUS,2024,12960.0,UM,actual,UM,projected
Mauritius,MUS,2025,14040.0,UM,actual,UM,projected
Mauritius,MUS,2026,14583.345897,H,projected,UM,projected
Mauritius,MUS,2027,15147.719198,H,projected,UM,projected
Mauritius,MUS,2028,15733.933661,H,projected,UM,projected
Mauritius,MUS,2029,16342.834537,H,projected,UM,projected
Mauritius,MUS,2030,16975.299785,H,projected,UM,projected
Mauritius,MUS,2031,17632.241343,H,projected,UM,projected
Mauritius,MUS,2032,18314.606442,H,projected,UM,projected
Mauritius,MUS,2033,19023.378967,H,projected,UM,projected
Mauritius,MUS,2034,19759.580883,H,projected,UM,projected
Mauritius,MUS,2035,20524.273703,H,projected,UM,projected
Mauritius,MUS,2036,21318.56002,H,projected,UM,projected
Mauritius,MUS,2037,22143.585099,H,projected,UM,projected
Mauritius,MUS,2038,23000.538525,H,projected,UM,projected
Mauritius,MUS,2039,23890.65592,H,projected,UM,projected
Mauritius,MUS,2040,24815.220725,H,projected,UM,projected
Mauritius,MUS,2041,25775.566049,H,projected,UM,projected
Mauritius,MUS,2042,26773.076594,H,projected,UM,projected
Mauritius,MUS,2043,27809.190647,H,projected,UM,projected
Mauritius,MUS,2044,28885.402158,H,projected,UM,projected
Mauritius,MUS,2045,30003.262894,H,projected,UM,projected
Mauritius,MUS,2046,31164.384673,H,projected,UM,projected
Mauritius,MUS,2047,32370.441691,H,projected,UM,projected
Mauritius,MUS,2048,33623.172935,H,projected,UM,projected
Mauritius,MUS,2049,34924.38469,H,projected,UM,projected
Mauritius,MUS,2050,36275.953145,H,projected,UM,projected
Mexico,MEX,1987,2070.0,LM,actual,UM,projected
Mexico,MEX,1988,2120.0,LM,actual,UM,projected
Mexico,MEX,1989,2400.0,LM,actual,UM,projected
Mexico,MEX,1990,2820.0,UM,actual,UM,projected
Mexico,MEX,1991,3280.0,UM,actual,UM,projected
Mexico,MEX,1992,3810.0,UM,actual,UM,projected
Mexico,MEX,1993,4640.0,UM,actual,UM,projected
Mexico,MEX,1994,5540.0,UM,actual,UM,projected
Mexico,MEX,1995,5110.0,UM,actual,UM,projected
Mexico,MEX,1996,4900.0,UM,actual,UM,projected
Mexico,MEX,1997,4930.0,UM,actual,UM,projected
Mexico,MEX,1998,5340.0,UM,actual,UM,projected
Mexico,MEX,1999,5850.0,UM,actual,UM,projected
Mexico,MEX,2000,6570.0,UM,actual,UM,projected
Mexico,MEX,2001,7100.0,UM,actual,UM,projected
Mexico,MEX,2002,7490.0,UM,actual,UM,projected
Mexico,MEX,2003,7780.0,UM,actual,UM,projected
Mexico,MEX,2004,8240.0,UM,actual,UM,projected
Mexico,MEX,2005,8490.0,UM,actual,UM,projected
Mexico,MEX,2006,9140.0,UM,actual,UM,projected
Mexico,MEX,2007,9720.0,UM,actual,UM,projected
Mexico,MEX,2008,10260.0,UM,actual,UM,projected
Mexico,MEX,2009,9230.0,UM,actual,UM,projected
Mexico,MEX,2010,9470.0,UM,actual,UM,projected
Mexico,MEX,2011,9760.0,UM,actual,UM,projected
Mexico,MEX,2012,10500.0,UM,actual,UM,projected
Mexico,MEX,2013,10710.0,UM,actual,UM,projected
Mexico,MEX,2014,10950.0,UM,actual,UM,projected
Mexico,MEX,2015,10580.0,UM,actual,UM,projected
Mexico,MEX,2016,9740.0,UM,actual,UM,projected
Mexico,MEX,2017,9270.0,UM,actual,UM,projected
Mexico,MEX,2018,9560.0,UM,actual,UM,projected
Mexico,MEX,2019,9860.0,UM,actual,UM,projected
Mexico,MEX,2020,8920.0,UM,actual,UM,projected
Mexico,MEX,2021,9880.0,UM,actual,UM,projected
Mexico,MEX,2022,10730.0,UM,actual,UM,projected
Mexico,MEX,2023,11990.0,UM,actual,UM,projected
Mexico,MEX,2024,12760.0,UM,actual,UM,projected
Mexico,MEX,2025,13730.0,UM,actual,UM,projected
Mexico,MEX,2026,14386.30043,UM,projected,UM,projected
Mexico,MEX,2027,15073.972328,H,projected,UM,projected
Mexico,MEX,2028,15794.515264,H,projected,UM,projected
Mexico,MEX,2029,16549.500491,H,projected,UM,projected
Mexico,MEX,2030,17340.574365,H,projected,UM,projected
Mexico,MEX,2031,18169.46194,H,projected,UM,projected
Mexico,MEX,2032,19037.97073,H,projected,UM,projected
Mexico,MEX,2033,19947.994646,H,projected,UM,projected
Mexico,MEX,2034,20901.518132,H,projected,UM,projected
Mexico,MEX,2035,21900.620487,H,projected,UM,projected
Mexico,MEX,2036,22947.480403,H,projected,UM,projected
Mexico,MEX,2037,24044.380713,H,projected,UM,projected
Mexico,MEX,2038,25193.713371,H,projected,UM,projected
Mexico,MEX,2039,26397.984669,H,projected,UM,projected
Mexico,MEX,2040,27659.820699,H,projected,UM,projected
Mexico,MEX,2041,28981.973081,H,projected,UM,projected
Mexico,MEX,2042,30367.324967,H,projected,UM,projected
Mexico,MEX,2043,31818.897322,H,projected,UM,projected
Mexico,MEX,2044,33339.855515,H,projected,UM,projected
Mexico,MEX,2045,34933.516222,H,projected,UM,projected
Mexico,MEX,2046,36603.354658,H,projected,UM,projected
Mexico,MEX,2047,38353.012152,H,projected,UM,projected
Mexico,MEX,2048,40186.304094,H,projected,UM,projected
Mexico,MEX,2049,42107.228249,H,projected,UM,projected
Mexico,MEX,2050,44119.973479,H,projected,UM,projected
"Micronesia, Fed. Sts.",FSM,1987,1470.0,,actual,UM,projected
"Micronesia, Fed. Sts.",FSM,1988,1610.0,,actual,UM,projected
"Micronesia, Fed. Sts.",FSM,1989,1590.0,,actual,UM,projected
"Micronesia, Fed. Sts.",FSM,1990,1700.0,,actual,UM,projected
"Micronesia, Fed. Sts.",FSM,1991,1830.0,LM,actual,UM,projected
"Micronesia, Fed. Sts.",FSM,1992,1900.0,LM,actual,UM,projected
"Micronesia, Fed. Sts.",FSM,1993,2060.0,LM,actual,UM,projected
"Micronesia, Fed. Sts.",FSM,1994,2070.0,LM,actual,UM,projected
"Micronesia, Fed. Sts.",FSM,1995,2140.0,LM,actual,UM,projected
"Micronesia, Fed. Sts.",FSM,1996,2080.0,LM,actual,UM,projected
"Micronesia, Fed. Sts.",FSM,1997,1860.0,LM,actual,UM,projected
"Micronesia, Fed. Sts.",FSM,1998,1870.0,LM,actual,UM,projected
"Micronesia, Fed. Sts.",FSM,1999,1950.0,LM,actual,UM,projected
"Micronesia, Fed. Sts.",FSM,2000,2090.0,LM,actual,UM,projected
"Micronesia, Fed. Sts.",FSM,2001,2120.0,LM,actual,UM,projected
"Micronesia, Fed. Sts.",FSM,2002,2120.0,LM,actual,UM,projected
"Micronesia, Fed. Sts.",FSM,2003,2220.0,LM,actual,UM,projected
"Micronesia, Fed. Sts.",FSM,2004,2280.0,LM,actual,UM,projected
"Micronesia, Fed. Sts.",FSM,2005,2400.0,LM,actual,UM,projected
"Micronesia, Fed. Sts.",FSM,2006,2400.0,LM,actual,UM,projected
"Micronesia, Fed. Sts.",FSM,2007,2410.0,LM,actual,UM,projected
"Micronesia, Fed. Sts.",FSM,2008,2430.0,LM,actual,UM,projected
"Micronesia, Fed. Sts.",FSM,2009,2660.0,LM,actual,UM,projected
"Micronesia, Fed. Sts.",FSM,2010,2740.0,LM,actual,UM,projected
"Micronesia, Fed. Sts.",FSM,2011,2920.0,LM,actual,UM,projected
"Micronesia, Fed. Sts.",FSM,2012,3030.0,LM,actual,UM,projected
"Micronesia, Fed. Sts.",FSM,2013,3090.0,LM,actual,UM,projected
"Micronesia, Fed. Sts.",FSM,2014,3090.0,LM,actual,UM,projected
"Micronesia, Fed. Sts.",FSM,2015,3460.0,LM,actual,UM,projected
"Micronesia, Fed. Sts.",FSM,2016,3400.0,LM,actual,UM,projected
"Micronesia, Fed. Sts.",FSM,2017,3430.0,LM,actual,UM,projected
"Micronesia, Fed. Sts.",FSM,2018,3420.0,LM,actual,UM,projected
"Micronesia, Fed. Sts.",FSM,2019,3850.0,LM,actual,UM,projected
"Micronesia, Fed. Sts.",FSM,2020,4070.0,LM,actual,UM,projected
"Micronesia, Fed. Sts.",FSM,2021,4090.0,LM,actual,UM,projected
"Micronesia, Fed. Sts.",FSM,2022,4020.0,LM,actual,UM,projected
"Micronesia, Fed. Sts.",FSM,2023,4270.0,LM,actual,UM,projected
"Micronesia, Fed. Sts.",FSM,2024,4490.0,LM,actual,UM,projected
"Micronesia, Fed. Sts.",FSM,2025,4760.0,UM,actual,UM,projected
"Micronesia, Fed. Sts.",FSM,2026,4903.622951,UM,projected,UM,projected
"Micronesia, Fed. Sts.",FSM,2027,5051.579421,UM,projected,UM,projected
"Micronesia, Fed. Sts.",FSM,2028,5204.000165,UM,projected,UM,projected
"Micronesia, Fed. Sts.",FSM,2029,5361.019884,UM,projected,UM,projected
"Micronesia, Fed. Sts.",FSM,2030,5522.777341,UM,projected,UM,projected
"Micronesia, Fed. Sts.",FSM,2031,5689.415487,UM,projected,UM,projected
"Micronesia, Fed. Sts.",FSM,2032,5861.081588,UM,projected,UM,projected
"Micronesia, Fed. Sts.",FSM,2033,6037.927352,UM,projected,UM,projected
"Micronesia, Fed. Sts.",FSM,2034,6220.109062,UM,projected,UM,projected
"Micronesia, Fed. Sts.",FSM,2035,6407.787721,UM,projected,UM,projected
"Micronesia, Fed. Sts.",FSM,2036,6601.129188,UM,projected,UM,projected
"Micronesia, Fed. Sts.",FSM,2037,6800.304325,UM,projected,UM,projected
"Micronesia, Fed. Sts.",FSM,2038,7005.489152,UM,projected,UM,projected
"Micronesia, Fed. Sts.",FSM,2039,7216.864997,UM,projected,UM,projected
"Micronesia, Fed. Sts.",FSM,2040,7434.618662,UM,projected,UM,projected
"Micronesia, Fed. Sts.",FSM,2041,7658.942585,UM,projected,UM,projected
"Micronesia, Fed. Sts.",FSM,2042,7890.035008,UM,projected,UM,projected
"Micronesia, Fed. Sts.",FSM,2043,8128.100157,UM,projected,UM,projected
"Micronesia, Fed. Sts.",FSM,2044,8373.348419,UM,projected,UM,projected
"Micronesia, Fed. Sts.",FSM,2045,8625.99653,UM,projected,UM,projected
"Micronesia, Fed. Sts.",FSM,2046,8886.267765,UM,projected,UM,projected
"Micronesia, Fed. Sts.",FSM,2047,9154.392134,UM,projected,UM,projected
"Micronesia, Fed. Sts.",FSM,2048,9430.60659,UM,projected,UM,projected
"Micronesia, Fed. Sts.",FSM,2049,9715.155234,UM,projected,UM,projected
"Micronesia, Fed. Sts.",FSM,2050,10008.289533,UM,projected,UM,projected
Moldova,MDA,1991,,LM,actual,UM,projected - cut from 11.5% to the UM p90 cap of 9.07%
Moldova,MDA,1992,790.0,LM,actual,UM,projected - cut from 11.5% to the UM p90 cap of 9.07%
Moldova,MDA,1993,800.0,LM,actual,UM,projected - cut from 11.5% to the UM p90 cap of 9.07%
Moldova,MDA,1994,570.0,LM,actual,UM,projected - cut from 11.5% to the UM p90 cap of 9.07%
Moldova,MDA,1995,590.0,LM,actual,UM,projected - cut from 11.5% to the UM p90 cap of 9.07%
Moldova,MDA,1996,600.0,L,actual,UM,projected - cut from 11.5% to the UM p90 cap of 9.07%
Moldova,MDA,1997,630.0,L,actual,UM,projected - cut from 11.5% to the UM p90 cap of 9.07%
Moldova,MDA,1998,580.0,L,actual,UM,projected - cut from 11.5% to the UM p90 cap of 9.07%
Moldova,MDA,1999,510.0,L,actual,UM,projected - cut from 11.5% to the UM p90 cap of 9.07%
Moldova,MDA,2000,490.0,L,actual,UM,projected - cut from 11.5% to the UM p90 cap of 9.07%
Moldova,MDA,2001,500.0,L,actual,UM,projected - cut from 11.5% to the UM p90 cap of 9.07%
Moldova,MDA,2002,590.0,L,actual,UM,projected - cut from 11.5% to the UM p90 cap of 9.07%
Moldova,MDA,2003,710.0,L,actual,UM,projected - cut from 11.5% to the UM p90 cap of 9.07%
Moldova,MDA,2004,910.0,L,actual,UM,projected - cut from 11.5% to the UM p90 cap of 9.07%
Moldova,MDA,2005,1120.0,LM,actual,UM,projected - cut from 11.5% to the UM p90 cap of 9.07%
Moldova,MDA,2006,1280.0,LM,actual,UM,projected - cut from 11.5% to the UM p90 cap of 9.07%
Moldova,MDA,2007,1440.0,LM,actual,UM,projected - cut from 11.5% to the UM p90 cap of 9.07%
Moldova,MDA,2008,1870.0,LM,actual,UM,projected - cut from 11.5% to the UM p90 cap of 9.07%
Moldova,MDA,2009,1950.0,LM,actual,UM,projected - cut from 11.5% to the UM p90 cap of 9.07%
Moldova,MDA,2010,2380.0,LM,actual,UM,projected - cut from 11.5% to the UM p90 cap of 9.07%
Moldova,MDA,2011,2730.0,LM,actual,UM,projected - cut from 11.5% to the UM p90 cap of 9.07%
Moldova,MDA,2012,3140.0,LM,actual,UM,projected - cut from 11.5% to the UM p90 cap of 9.07%
Moldova,MDA,2013,3620.0,LM,actual,UM,projected - cut from 11.5% to the UM p90 cap of 9.07%
Moldova,MDA,2014,3730.0,LM,actual,UM,projected - cut from 11.5% to the UM p90 cap of 9.07%
Moldova,MDA,2015,3290.0,LM,actual,UM,projected - cut from 11.5% to the UM p90 cap of 9.07%
Moldova,MDA,2016,3170.0,LM,actual,UM,projected - cut from 11.5% to the UM p90 cap of 9.07%
Moldova,MDA,2017,3300.0,LM,actual,UM,projected - cut from 11.5% to the UM p90 cap of 9.07%
Moldova,MDA,2018,3850.0,LM,actual,UM,projected - cut from 11.5% to the UM p90 cap of 9.07%
Moldova,MDA,2019,4490.0,LM,actual,UM,projected - cut from 11.5% to the UM p90 cap of 9.07%
Moldova,MDA,2020,4360.0,UM,actual,UM,projected - cut from 11.5% to the UM p90 cap of 9.07%
Moldova,MDA,2021,5270.0,UM,actual,UM,projected - cut from 11.5% to the UM p90 cap of 9.07%
Moldova,MDA,2022,5540.0,UM,actual,UM,projected - cut from 11.5% to the UM p90 cap of 9.07%
Moldova,MDA,2023,6250.0,UM,actual,UM,projected - cut from 11.5% to the UM p90 cap of 9.07%
Moldova,MDA,2024,6890.0,UM,actual,UM,projected - cut from 11.5% to the UM p90 cap of 9.07%
Moldova,MDA,2025,8050.0,UM,actual,UM,projected - cut from 11.5% to the UM p90 cap of 9.07%
Moldova,MDA,2026,8780.2316,UM,projected,UM,projected - cut from 11.5% to the UM p90 cap of 9.07%
Moldova,MDA,2027,9576.703969,UM,projected,UM,projected - cut from 11.5% to the UM p90 cap of 9.07%
Moldova,MDA,2028,10445.425939,UM,projected,UM,projected - cut from 11.5% to the UM p90 cap of 9.07%
Moldova,MDA,2029,11392.951417,UM,projected,UM,projected - cut from 11.5% to the UM p90 cap of 9.07%
Moldova,MDA,2030,12426.428826,UM,projected,UM,projected - cut from 11.5% to the UM p90 cap of 9.07%
Moldova,MDA,2031,13553.655038,UM,projected,UM,projected - cut from 11.5% to the UM p90 cap of 9.07%
Moldova,MDA,2032,14783.134194,UM,projected,UM,projected - cut from 11.5% to the UM p90 cap of 9.07%
Moldova,MDA,2033,16124.141863,H,projected,UM,projected - cut from 11.5% to the UM p90 cap of 9.07%
Moldova,MDA,2034,17586.795019,H,projected,UM,projected - cut from 11.5% to the UM p90 cap of 9.07%
Moldova,MDA,2035,19182.128369,H,projected,UM,projected - cut from 11.5% to the UM p90 cap of 9.07%
Moldova,MDA,2036,20922.177598,H,projected,UM,projected - cut from 11.5% to the UM p90 cap of 9.07%
Moldova,MDA,2037,22820.070172,H,projected,UM,projected - cut from 11.5% to the UM p90 cap of 9.07%
Moldova,MDA,2038,24890.124377,H,projected,UM,projected - cut from 11.5% to the UM p90 cap of 9.07%
Moldova,MDA,2039,27147.95734,H,projected,UM,projected - cut from 11.5% to the UM p90 cap of 9.07%
Moldova,MDA,2040,29610.602846,H,projected,UM,projected - cut from 11.5% to the UM p90 cap of 9.07%
Moldova,MDA,2041,32296.639851,H,projected,UM,projected - cut from 11.5% to the UM p90 cap of 9.07%
Moldova,MDA,2042,35226.332645,H,projected,UM,projected - cut from 11.5% to the UM p90 cap of 9.07%
Moldova,MDA,2043,38421.783732,H,projected,UM,projected - cut from 11.5% to the UM p90 cap of 9.07%
Moldova,MDA,2044,41907.100578,H,projected,UM,projected - cut from 11.5% to the UM p90 cap of 9.07%
Moldova,MDA,2045,45708.577486,H,projected,UM,projected - cut from 11.5% to the UM p90 cap of 9.07%
Moldova,MDA,2046,49854.893967,H,projected,UM,projected - cut from 11.5% to the UM p90 cap of 9.07%
Moldova,MDA,2047,54377.331108,H,projected,UM,projected - cut from 11.5% to the UM p90 cap of 9.07%
Moldova,MDA,2048,59310.007568,H,projected,UM,projected - cut from 11.5% to the UM p90 cap of 9.07%
Moldova,MDA,2049,64690.136974,H,projected,UM,projected - cut from 11.5% to the UM p90 cap of 9.07%
Moldova,MDA,2050,70558.30868,H,projected,UM,projected - cut from 11.5% to the UM p90 cap of 9.07%
Monaco,MCO,1994,,H,actual,H,frozen - only 0 of 10 annual rates
Monaco,MCO,1995,,H,actual,H,frozen - only 0 of 10 annual rates
Monaco,MCO,1996,,H,actual,H,frozen - only 0 of 10 annual rates
Monaco,MCO,1997,,H,actual,H,frozen - only 0 of 10 annual rates
Monaco,MCO,1998,,H,actual,H,frozen - only 0 of 10 annual rates
Monaco,MCO,1999,,H,actual,H,frozen - only 0 of 10 annual rates
Monaco,MCO,2000,,H,actual,H,frozen - only 0 of 10 annual rates
Monaco,MCO,2001,,H,actual,H,frozen - only 0 of 10 annual rates
Monaco,MCO,2002,,H,actual,H,frozen - only 0 of 10 annual rates
Monaco,MCO,2003,,H,actual,H,frozen - only 0 of 10 annual rates
Monaco,MCO,2004,,H,actual,H,frozen - only 0 of 10 annual rates
Monaco,MCO,2005,,H,actual,H,frozen - only 0 of 10 annual rates
Monaco,MCO,2006,,H,actual,H,frozen - only 0 of 10 annual rates
Monaco,MCO,2007,,H,actual,H,frozen - only 0 of 10 annual rates
Monaco,MCO,2008,,H,actual,H,frozen - only 0 of 10 annual rates
Monaco,MCO,2009,,H,actual,H,frozen - only 0 of 10 annual rates
Monaco,MCO,2010,,H,actual,H,frozen - only 0 of 10 annual rates
Monaco,MCO,2011,,H,actual,H,frozen - only 0 of 10 annual rates
Monaco,MCO,2012,,H,actual,H,frozen - only 0 of 10 annual rates
Monaco,MCO,2013,,H,actual,H,frozen - only 0 of 10 annual rates
Monaco,MCO,2014,,H,actual,H,frozen - only 0 of 10 annual rates
Monaco,MCO,2015,,H,actual,H,frozen - only 0 of 10 annual rates
Monaco,MCO,2016,,H,actual,H,frozen - only 0 of 10 annual rates
Monaco,MCO,2017,,H,actual,H,frozen - only 0 of 10 annual rates
Monaco,MCO,2018,,H,actual,H,frozen - only 0 of 10 annual rates
Monaco,MCO,2019,,H,actual,H,frozen - only 0 of 10 annual rates
Monaco,MCO,2020,,H,actual,H,frozen - only 0 of 10 annual rates
Monaco,MCO,2021,,H,actual,H,frozen - only 0 of 10 annual rates
Monaco,MCO,2022,,H,actual,H,frozen - only 0 of 10 annual rates
Monaco,MCO,2023,,H,actual,H,frozen - only 0 of 10 annual rates
Monaco,MCO,2024,,H,actual,H,frozen - only 0 of 10 annual rates
Monaco,MCO,2025,,H,actual,H,frozen - only 0 of 10 annual rates
Monaco,MCO,2026,,H,projected,H,frozen - only 0 of 10 annual rates
Monaco,MCO,2027,,H,projected,H,frozen - only 0 of 10 annual rates
Monaco,MCO,2028,,H,projected,H,frozen - only 0 of 10 annual rates
Monaco,MCO,2029,,H,projected,H,frozen - only 0 of 10 annual rates
Monaco,MCO,2030,,H,projected,H,frozen - only 0 of 10 annual rates
Monaco,MCO,2031,,H,projected,H,frozen - only 0 of 10 annual rates
Monaco,MCO,2032,,H,projected,H,frozen - only 0 of 10 annual rates
Monaco,MCO,2033,,H,projected,H,frozen - only 0 of 10 annual rates
Monaco,MCO,2034,,H,projected,H,frozen - only 0 of 10 annual rates
Monaco,MCO,2035,,H,projected,H,frozen - only 0 of 10 annual rates
Monaco,MCO,2036,,H,projected,H,frozen - only 0 of 10 annual rates
Monaco,MCO,2037,,H,projected,H,frozen - only 0 of 10 annual rates
Monaco,MCO,2038,,H,projected,H,frozen - only 0 of 10 annual rates
Monaco,MCO,2039,,H,projected,H,frozen - only 0 of 10 annual rates
Monaco,MCO,2040,,H,projected,H,frozen - only 0 of 10 annual rates
Monaco,MCO,2041,,H,projected,H,frozen - only 0 of 10 annual rates
Monaco,MCO,2042,,H,projected,H,frozen - only 0 of 10 annual rates
Monaco,MCO,2043,,H,projected,H,frozen - only 0 of 10 annual rates
Monaco,MCO,2044,,H,projected,H,frozen - only 0 of 10 annual rates
Monaco,MCO,2045,,H,projected,H,frozen - only 0 of 10 annual rates
Monaco,MCO,2046,,H,projected,H,frozen - only 0 of 10 annual rates
Monaco,MCO,2047,,H,projected,H,frozen - only 0 of 10 annual rates
Monaco,MCO,2048,,H,projected,H,frozen - only 0 of 10 annual rates
Monaco,MCO,2049,,H,projected,H,frozen - only 0 of 10 annual rates
Monaco,MCO,2050,,H,projected,H,frozen - only 0 of 10 annual rates
Mongolia,MNG,1987,1520.0,,actual,UM,projected
Mongolia,MNG,1988,1700.0,,actual,UM,projected
Mongolia,MNG,1989,1600.0,LM,actual,UM,projected
Mongolia,MNG,1990,1490.0,LM,actual,UM,projected
Mongolia,MNG,1991,1230.0,LM,actual,UM,projected
Mongolia,MNG,1992,830.0,LM,actual,UM,projected
Mongolia,MNG,1993,540.0,L,actual,UM,projected
Mongolia,MNG,1994,440.0,L,actual,UM,projected
Mongolia,MNG,1995,480.0,L,actual,UM,projected
Mongolia,MNG,1996,570.0,L,actual,UM,projected
Mongolia,MNG,1997,590.0,L,actual,UM,projected
Mongolia,MNG,1998,530.0,L,actual,UM,projected
Mongolia,MNG,1999,480.0,L,actual,UM,projected
Mongolia,MNG,2000,470.0,L,actual,UM,projected
Mongolia,MNG,2001,480.0,L,actual,UM,projected
Mongolia,MNG,2002,530.0,L,actual,UM,projected
Mongolia,MNG,2003,610.0,L,actual,UM,projected
Mongolia,MNG,2004,760.0,L,actual,UM,projected
Mongolia,MNG,2005,890.0,L,actual,UM,projected
Mongolia,MNG,2006,1110.0,L,actual,UM,projected
Mongolia,MNG,2007,1400.0,LM,actual,UM,projected
Mongolia,MNG,2008,1790.0,LM,actual,UM,projected
Mongolia,MNG,2009,1780.0,LM,actual,UM,projected
Mongolia,MNG,2010,1990.0,LM,actual,UM,projected
Mongolia,MNG,2011,2570.0,LM,actual,UM,projected
Mongolia,MNG,2012,3630.0,LM,actual,UM,projected
Mongolia,MNG,2013,4310.0,LM,actual,UM,projected
Mongolia,MNG,2014,4180.0,UM,actual,UM,projected
Mongolia,MNG,2015,3770.0,LM,actual,UM,projected
Mongolia,MNG,2016,3460.0,LM,actual,UM,projected
Mongolia,MNG,2017,3200.0,LM,actual,UM,projected
Mongolia,MNG,2018,3650.0,LM,actual,UM,projected
Mongolia,MNG,2019,3800.0,LM,actual,UM,projected
Mongolia,MNG,2020,3690.0,LM,actual,UM,projected
Mongolia,MNG,2021,3690.0,LM,actual,UM,projected
Mongolia,MNG,2022,4340.0,LM,actual,UM,projected
Mongolia,MNG,2023,4870.0,UM,actual,UM,projected
Mongolia,MNG,2024,5380.0,UM,actual,UM,projected
Mongolia,MNG,2025,6210.0,UM,actual,UM,projected
Mongolia,MNG,2026,6662.767011,UM,projected,UM,projected
Mongolia,MNG,2027,7148.544966,UM,projected,UM,projected
Mongolia,MNG,2028,7669.740672,UM,projected,UM,projected
Mongolia,MNG,2029,8228.936414,UM,projected,UM,projected
Mongolia,MNG,2030,8828.90275,UM,projected,UM,projected
Mongolia,MNG,2031,9472.612235,UM,projected,UM,projected
Mongolia,MNG,2032,10163.254156,UM,projected,UM,projected
Mongolia,MNG,2033,10904.250324,UM,projected,UM,projected
Mongolia,MNG,2034,11699.272035,UM,projected,UM,projected
Mongolia,MNG,2035,12552.258255,UM,projected,UM,projected
Mongolia,MNG,2036,13467.435139,UM,projected,UM,projected
Mongolia,MNG,2037,14449.336967,UM,projected,UM,projected
Mongolia,MNG,2038,15502.82861,UM,projected,UM,projected
Mongolia,MNG,2039,16633.129635,UM,projected,UM,projected
Mongolia,MNG,2040,17845.840164,H,projected,UM,projected
Mongolia,MNG,2041,19146.968619,H,projected,UM,projected
Mongolia,MNG,2042,20542.961493,H,projected,UM,projected
Mongolia,MNG,2043,22040.735289,H,projected,UM,projected
Mongolia,MNG,2044,23647.710785,H,projected,UM,projected
Mongolia,MNG,2045,25371.849806,H,projected,UM,projected
Mongolia,MNG,2046,27221.694669,H,projected,UM,projected
Mongolia,MNG,2047,29206.410502,H,projected,UM,projected
Mongolia,MNG,2048,31335.830659,H,projected,UM,projected
Mongolia,MNG,2049,33620.505438,H,projected,UM,projected
Mongolia,MNG,2050,36071.754351,H,projected,UM,projected
Montenegro,MNE,1999,1360.0,,actual,UM,projected - cut from 9.8% to the UM p90 cap of 9.07%
Montenegro,MNE,2000,1510.0,,actual,UM,projected - cut from 9.8% to the UM p90 cap of 9.07%
Montenegro,MNE,2001,1710.0,,actual,UM,projected - cut from 9.8% to the UM p90 cap of 9.07%
Montenegro,MNE,2002,1970.0,,actual,UM,projected - cut from 9.8% to the UM p90 cap of 9.07%
Montenegro,MNE,2003,2440.0,,actual,UM,projected - cut from 9.8% to the UM p90 cap of 9.07%
Montenegro,MNE,2004,3100.0,,actual,UM,projected - cut from 9.8% to the UM p90 cap of 9.07%
Montenegro,MNE,2005,3660.0,,actual,UM,projected - cut from 9.8% to the UM p90 cap of 9.07%
Montenegro,MNE,2006,4330.0,UM,actual,UM,projected - cut from 9.8% to the UM p90 cap of 9.07%
Montenegro,MNE,2007,5130.0,UM,actual,UM,projected - cut from 9.8% to the UM p90 cap of 9.07%
Montenegro,MNE,2008,6460.0,UM,actual,UM,projected - cut from 9.8% to the UM p90 cap of 9.07%
Montenegro,MNE,2009,6730.0,UM,actual,UM,projected - cut from 9.8% to the UM p90 cap of 9.07%
Montenegro,MNE,2010,6920.0,UM,actual,UM,projected - cut from 9.8% to the UM p90 cap of 9.07%
Montenegro,MNE,2011,7240.0,UM,actual,UM,projected - cut from 9.8% to the UM p90 cap of 9.07%
Montenegro,MNE,2012,6980.0,UM,actual,UM,projected - cut from 9.8% to the UM p90 cap of 9.07%
Montenegro,MNE,2013,7260.0,UM,actual,UM,projected - cut from 9.8% to the UM p90 cap of 9.07%
Montenegro,MNE,2014,7280.0,UM,actual,UM,projected - cut from 9.8% to the UM p90 cap of 9.07%
Montenegro,MNE,2015,7150.0,UM,actual,UM,projected - cut from 9.8% to the UM p90 cap of 9.07%
Montenegro,MNE,2016,7020.0,UM,actual,UM,projected - cut from 9.8% to the UM p90 cap of 9.07%
Montenegro,MNE,2017,7240.0,UM,actual,UM,projected - cut from 9.8% to the UM p90 cap of 9.07%
Montenegro,MNE,2018,8250.0,UM,actual,UM,projected - cut from 9.8% to the UM p90 cap of 9.07%
Montenegro,MNE,2019,8970.0,UM,actual,UM,projected - cut from 9.8% to the UM p90 cap of 9.07%
Montenegro,MNE,2020,7780.0,UM,actual,UM,projected - cut from 9.8% to the UM p90 cap of 9.07%
Montenegro,MNE,2021,9220.0,UM,actual,UM,projected - cut from 9.8% to the UM p90 cap of 9.07%
Montenegro,MNE,2022,10420.0,UM,actual,UM,projected - cut from 9.8% to the UM p90 cap of 9.07%
Montenegro,MNE,2023,11560.0,UM,actual,UM,projected - cut from 9.8% to the UM p90 cap of 9.07%
Montenegro,MNE,2024,12210.0,UM,actual,UM,projected - cut from 9.8% to the UM p90 cap of 9.07%
Montenegro,MNE,2025,14150.0,UM,actual,UM,projected - cut from 9.8% to the UM p90 cap of 9.07%
Montenegro,MNE,2026,15433.5748,H,projected,UM,projected - cut from 9.8% to the UM p90 cap of 9.07%
Montenegro,MNE,2027,16833.585237,H,projected,UM,projected - cut from 9.8% to the UM p90 cap of 9.07%
Montenegro,MNE,2028,18360.593421,H,projected,UM,projected - cut from 9.8% to the UM p90 cap of 9.07%
Montenegro,MNE,2029,20026.119572,H,projected,UM,projected - cut from 9.8% to the UM p90 cap of 9.07%
Montenegro,MNE,2030,21842.72893,H,projected,UM,projected - cut from 9.8% to the UM p90 cap of 9.07%
Montenegro,MNE,2031,23824.126557,H,projected,UM,projected - cut from 9.8% to the UM p90 cap of 9.07%
Montenegro,MNE,2032,25985.260725,H,projected,UM,projected - cut from 9.8% to the UM p90 cap of 9.07%
Montenegro,MNE,2033,28342.435696,H,projected,UM,projected - cut from 9.8% to the UM p90 cap of 9.07%
Montenegro,MNE,2034,30913.434723,H,projected,UM,projected - cut from 9.8% to the UM p90 cap of 9.07%
Montenegro,MNE,2035,33717.654214,H,projected,UM,projected - cut from 9.8% to the UM p90 cap of 9.07%
Montenegro,MNE,2036,36776.250063,H,projected,UM,projected - cut from 9.8% to the UM p90 cap of 9.07%
Montenegro,MNE,2037,40112.297258,H,projected,UM,projected - cut from 9.8% to the UM p90 cap of 9.07%
Montenegro,MNE,2038,43750.963967,H,projected,UM,projected - cut from 9.8% to the UM p90 cap of 9.07%
Montenegro,MNE,2039,47719.701411,H,projected,UM,projected - cut from 9.8% to the UM p90 cap of 9.07%
Montenegro,MNE,2040,52048.450965,H,projected,UM,projected - cut from 9.8% to the UM p90 cap of 9.07%
Montenegro,MNE,2041,56769.870049,H,projected,UM,projected - cut from 9.8% to the UM p90 cap of 9.07%
Montenegro,MNE,2042,61919.578501,H,projected,UM,projected - cut from 9.8% to the UM p90 cap of 9.07%
Montenegro,MNE,2043,67536.427306,H,projected,UM,projected - cut from 9.8% to the UM p90 cap of 9.07%
Montenegro,MNE,2044,73662.7917,H,projected,UM,projected - cut from 9.8% to the UM p90 cap of 9.07%
Montenegro,MNE,2045,80344.89086,H,projected,UM,projected - cut from 9.8% to the UM p90 cap of 9.07%
Montenegro,MNE,2046,87633.1366,H,projected,UM,projected - cut from 9.8% to the UM p90 cap of 9.07%
Montenegro,MNE,2047,95582.513687,H,projected,UM,projected - cut from 9.8% to the UM p90 cap of 9.07%
Montenegro,MNE,2048,104252.994669,H,projected,UM,projected - cut from 9.8% to the UM p90 cap of 9.07%
Montenegro,MNE,2049,113709.992321,H,projected,UM,projected - cut from 9.8% to the UM p90 cap of 9.07%
Montenegro,MNE,2050,124024.853145,H,projected,UM,projected - cut from 9.8% to the UM p90 cap of 9.07%
Morocco,MAR,1987,880.0,LM,actual,LM,projected
Morocco,MAR,1988,1100.0,LM,actual,LM,projected
Morocco,MAR,1989,1130.0,LM,actual,LM,projected
Morocco,MAR,1990,1180.0,LM,actual,LM,projected
Morocco,MAR,1991,1260.0,LM,actual,LM,projected
Morocco,MAR,1992,1300.0,LM,actual,LM,projected
Morocco,MAR,1993,1250.0,LM,actual,LM,projected
Morocco,MAR,1994,1380.0,LM,actual,LM,projected
Morocco,MAR,1995,1330.0,LM,actual,LM,projected
Morocco,MAR,1996,1550.0,LM,actual,LM,projected
Morocco,MAR,1997,1490.0,LM,actual,LM,projected
Morocco,MAR,1998,1540.0,LM,actual,LM,projected
Morocco,MAR,1999,1550.0,LM,actual,LM,projected
Morocco,MAR,2000,1580.0,LM,actual,LM,projected
Morocco,MAR,2001,1580.0,LM,actual,LM,projected
Morocco,MAR,2002,1550.0,LM,actual,LM,projected
Morocco,MAR,2003,1740.0,LM,actual,LM,projected
Morocco,MAR,2004,2060.0,LM,actual,LM,projected
Morocco,MAR,2005,2300.0,LM,actual,LM,projected
Morocco,MAR,2006,2490.0,LM,actual,LM,projected
Morocco,MAR,2007,2630.0,LM,actual,LM,projected
Morocco,MAR,2008,2970.0,LM,actual,LM,projected
Morocco,MAR,2009,3150.0,LM,actual,LM,projected
Morocco,MAR,2010,3190.0,LM,actual,LM,projected
Morocco,MAR,2011,3260.0,LM,actual,LM,projected
Morocco,MAR,2012,3230.0,LM,actual,LM,projected
Morocco,MAR,2013,3350.0,LM,actual,LM,projected
Morocco,MAR,2014,3330.0,LM,actual,LM,projected
Morocco,MAR,2015,3300.0,LM,actual,LM,projected
Morocco,MAR,2016,3150.0,LM,actual,LM,projected
Morocco,MAR,2017,3160.0,LM,actual,LM,projected
Morocco,MAR,2018,3380.0,LM,actual,LM,projected
Morocco,MAR,2019,3510.0,LM,actual,LM,projected
Morocco,MAR,2020,3260.0,LM,actual,LM,projected
Morocco,MAR,2021,3630.0,LM,actual,LM,projected
Morocco,MAR,2022,3700.0,LM,actual,LM,projected
Morocco,MAR,2023,3780.0,LM,actual,LM,projected
Morocco,MAR,2024,3840.0,LM,actual,LM,projected
Morocco,MAR,2025,4360.0,LM,actual,LM,projected
Morocco,MAR,2026,4449.173703,LM,projected,LM,projected
Morocco,MAR,2027,4540.171247,LM,projected,LM,projected
Morocco,MAR,2028,4633.029935,LM,projected,LM,projected
Morocco,MAR,2029,4727.787833,LM,projected,LM,projected
Morocco,MAR,2030,4824.483784,LM,projected,LM,projected
Morocco,MAR,2031,4923.157426,LM,projected,LM,projected
Morocco,MAR,2032,5023.84921,LM,projected,LM,projected
Morocco,MAR,2033,5126.600411,UM,projected,LM,projected
Morocco,MAR,2034,5231.453149,UM,projected,LM,projected
Morocco,MAR,2035,5338.450408,UM,projected,LM,projected
Morocco,MAR,2036,5447.636048,UM,projected,LM,projected
Morocco,MAR,2037,5559.054827,UM,projected,LM,projected
Morocco,MAR,2038,5672.752419,UM,projected,LM,projected
Morocco,MAR,2039,5788.775432,UM,projected,LM,projected
Morocco,MAR,2040,5907.171427,UM,projected,LM,projected
Morocco,MAR,2041,6027.988938,UM,projected,LM,projected
Morocco,MAR,2042,6151.277492,UM,projected,LM,projected
Morocco,MAR,2043,6277.087627,UM,projected,LM,projected
Morocco,MAR,2044,6405.470917,UM,projected,LM,projected
Morocco,MAR,2045,6536.479991,UM,projected,LM,projected
Morocco,MAR,2046,6670.168551,UM,projected,LM,projected
Morocco,MAR,2047,6806.591401,UM,projected,LM,projected
Morocco,MAR,2048,6945.804465,UM,projected,LM,projected
Morocco,MAR,2049,7087.864809,UM,projected,LM,projected
Morocco,MAR,2050,7232.830669,UM,projected,LM,projected
Mozambique,MOZ,1987,,L,actual,L,projected
Mozambique,MOZ,1988,,L,actual,L,projected
Mozambique,MOZ,1989,,L,actual,L,projected
Mozambique,MOZ,1990,,L,actual,L,projected
Mozambique,MOZ,1991,,L,actual,L,projected
Mozambique,MOZ,1992,,L,actual,L,projected
Mozambique,MOZ,1993,230.0,L,actual,L,projected
Mozambique,MOZ,1994,200.0,L,actual,L,projected
Mozambique,MOZ,1995,190.0,L,actual,L,projected
Mozambique,MOZ,1996,220.0,L,actual,L,projected
Mozambique,MOZ,1997,250.0,L,actual,L,projected
Mozambique,MOZ,1998,290.0,L,actual,L,projected
Mozambique,MOZ,1999,330.0,L,actual,L,projected
Mozambique,MOZ,2000,330.0,L,actual,L,projected
Mozambique,MOZ,2001,330.0,L,actual,L,projected
Mozambique,MOZ,2002,300.0,L,actual,L,projected
Mozambique,MOZ,2003,330.0,L,actual,L,projected
Mozambique,MOZ,2004,380.0,L,actual,L,projected
Mozambique,MOZ,2005,420.0,L,actual,L,projected
Mozambique,MOZ,2006,450.0,L,actual,L,projected
Mozambique,MOZ,2007,480.0,L,actual,L,projected
Mozambique,MOZ,2008,530.0,L,actual,L,projected
Mozambique,MOZ,2009,570.0,L,actual,L,projected
Mozambique,MOZ,2010,550.0,L,actual,L,projected
Mozambique,MOZ,2011,570.0,L,actual,L,projected
Mozambique,MOZ,2012,630.0,L,actual,L,projected
Mozambique,MOZ,2013,690.0,L,actual,L,projected
Mozambique,MOZ,2014,710.0,L,actual,L,projected
Mozambique,MOZ,2015,670.0,L,actual,L,projected
Mozambique,MOZ,2016,550.0,L,actual,L,projected
Mozambique,MOZ,2017,480.0,L,actual,L,projected
Mozambique,MOZ,2018,470.0,L,actual,L,projected
Mozambique,MOZ,2019,500.0,L,actual,L,projected
Mozambique,MOZ,2020,480.0,L,actual,L,projected
Mozambique,MOZ,2021,490.0,L,actual,L,projected
Mozambique,MOZ,2022,500.0,L,actual,L,projected
Mozambique,MOZ,2023,540.0,L,actual,L,projected
Mozambique,MOZ,2024,550.0,L,actual,L,projected
Mozambique,MOZ,2025,570.0,L,actual,L,projected
Mozambique,MOZ,2026,581.094104,L,projected,L,projected
Mozambique,MOZ,2027,592.404137,L,projected,L,projected
Mozambique,MOZ,2028,603.934301,L,projected,L,projected
Mozambique,MOZ,2029,615.68888,L,projected,L,projected
Mozambique,MOZ,2030,627.672242,L,projected,L,projected
Mozambique,MOZ,2031,639.888841,L,projected,L,projected
Mozambique,MOZ,2032,652.343216,L,projected,L,projected
Mozambique,MOZ,2033,665.039994,L,projected,L,projected
Mozambique,MOZ,2034,677.983894,L,projected,L,projected
Mozambique,MOZ,2035,691.179726,L,projected,L,projected
Mozambique,MOZ,2036,704.632393,L,projected,L,projected
Mozambique,MOZ,2037,718.346893,L,projected,L,projected
Mozambique,MOZ,2038,732.328324,L,projected,L,projected
Mozambique,MOZ,2039,746.581879,L,projected,L,projected
Mozambique,MOZ,2040,761.112857,L,projected,L,projected
Mozambique,MOZ,2041,775.926656,L,projected,L,projected
Mozambique,MOZ,2042,791.028781,L,projected,L,projected
Mozambique,MOZ,2043,806.424844,L,projected,L,projected
Mozambique,MOZ,2044,822.120565,L,projected,L,projected
Mozambique,MOZ,2045,838.121778,L,projected,L,projected
Mozambique,MOZ,2046,854.434428,L,projected,L,projected
Mozambique,MOZ,2047,871.064577,L,projected,L,projected
Mozambique,MOZ,2048,888.018403,L,projected,L,projected
Mozambique,MOZ,2049,905.302208,L,projected,L,projected
Mozambique,MOZ,2050,922.922414,L,projected,L,projected
Myanmar,MMR,1987,40.0,L,actual,LM,projected - raised from 0.0% to the 1.244% floor
Myanmar,MMR,1988,40.0,L,actual,LM,projected - raised from 0.0% to the 1.244% floor
Myanmar,MMR,1989,50.0,L,actual,LM,projected - raised from 0.0% to the 1.244% floor
Myanmar,MMR,1990,50.0,L,actual,LM,projected - raised from 0.0% to the 1.244% floor
Myanmar,MMR,1991,50.0,L,actual,LM,projected - raised from 0.0% to the 1.244% floor
Myanmar,MMR,1992,60.0,L,actual,LM,projected - raised from 0.0% to the 1.244% floor
Myanmar,MMR,1993,70.0,L,actual,LM,projected - raised from 0.0% to the 1.244% floor
Myanmar,MMR,1994,80.0,L,actual,LM,projected - raised from 0.0% to the 1.244% floor
Myanmar,MMR,1995,110.0,L,actual,LM,projected - raised from 0.0% to the 1.244% floor
Myanmar,MMR,1996,130.0,L,actual,LM,projected - raised from 0.0% to the 1.244% floor
Myanmar,MMR,1997,130.0,L,actual,LM,projected - raised from 0.0% to the 1.244% floor
Myanmar,MMR,1998,130.0,L,actual,LM,projected - raised from 0.0% to the 1.244% floor
Myanmar,MMR,1999,150.0,L,actual,LM,projected - raised from 0.0% to the 1.244% floor
Myanmar,MMR,2000,190.0,L,actual,LM,projected - raised from 0.0% to the 1.244% floor
Myanmar,MMR,2001,190.0,L,actual,LM,projected - raised from 0.0% to the 1.244% floor
Myanmar,MMR,2002,170.0,L,actual,LM,projected - raised from 0.0% to the 1.244% floor
Myanmar,MMR,2003,190.0,L,actual,LM,projected - raised from 0.0% to the 1.244% floor
Myanmar,MMR,2004,230.0,L,actual,LM,projected - raised from 0.0% to the 1.244% floor
Myanmar,MMR,2005,280.0,L,actual,LM,projected - raised from 0.0% to the 1.244% floor
Myanmar,MMR,2006,300.0,L,actual,LM,projected - raised from 0.0% to the 1.244% floor
Myanmar,MMR,2007,360.0,L,actual,LM,projected - raised from 0.0% to the 1.244% floor
Myanmar,MMR,2008,490.0,L,actual,LM,projected - raised from 0.0% to the 1.244% floor
Myanmar,MMR,2009,660.0,L,actual,LM,projected - raised from 0.0% to the 1.244% floor
Myanmar,MMR,2010,880.0,L,actual,LM,projected - raised from 0.0% to the 1.244% floor
Myanmar,MMR,2011,1040.0,L,actual,LM,projected - raised from 0.0% to the 1.244% floor
Myanmar,MMR,2012,1170.0,L,actual,LM,projected - raised from 0.0% to the 1.244% floor
Myanmar,MMR,2013,1260.0,L,actual,LM,projected - raised from 0.0% to the 1.244% floor
Myanmar,MMR,2014,1260.0,LM,actual,LM,projected - raised from 0.0% to the 1.244% floor
Myanmar,MMR,2015,1230.0,LM,actual,LM,projected - raised from 0.0% to the 1.244% floor
Myanmar,MMR,2016,1230.0,LM,actual,LM,projected - raised from 0.0% to the 1.244% floor
Myanmar,MMR,2017,1230.0,LM,actual,LM,projected - raised from 0.0% to the 1.244% floor
Myanmar,MMR,2018,1310.0,LM,actual,LM,projected - raised from 0.0% to the 1.244% floor
Myanmar,MMR,2019,1380.0,LM,actual,LM,projected - raised from 0.0% to the 1.244% floor
Myanmar,MMR,2020,1320.0,LM,actual,LM,projected - raised from 0.0% to the 1.244% floor
Myanmar,MMR,2021,1240.0,LM,actual,LM,projected - raised from 0.0% to the 1.244% floor
Myanmar,MMR,2022,1280.0,LM,actual,LM,projected - raised from 0.0% to the 1.244% floor
Myanmar,MMR,2023,1220.0,LM,actual,LM,projected - raised from 0.0% to the 1.244% floor
Myanmar,MMR,2024,1210.0,LM,actual,LM,projected - raised from 0.0% to the 1.244% floor
Myanmar,MMR,2025,1320.0,LM,actual,LM,projected - raised from 0.0% to the 1.244% floor
Myanmar,MMR,2026,1336.4208,LM,projected,LM,projected - raised from 0.0% to the 1.244% floor
Myanmar,MMR,2027,1353.045875,LM,projected,LM,projected - raised from 0.0% to the 1.244% floor
Myanmar,MMR,2028,1369.877765,LM,projected,LM,projected - raised from 0.0% to the 1.244% floor
Myanmar,MMR,2029,1386.919045,LM,projected,LM,projected - raised from 0.0% to the 1.244% floor
Myanmar,MMR,2030,1404.172318,LM,projected,LM,projected - raised from 0.0% to the 1.244% floor
Myanmar,MMR,2031,1421.640221,LM,projected,LM,projected - raised from 0.0% to the 1.244% floor
Myanmar,MMR,2032,1439.325426,LM,projected,LM,projected - raised from 0.0% to the 1.244% floor
Myanmar,MMR,2033,1457.230634,LM,projected,LM,projected - raised from 0.0% to the 1.244% floor
Myanmar,MMR,2034,1475.358583,LM,projected,LM,projected - raised from 0.0% to the 1.244% floor
Myanmar,MMR,2035,1493.712044,LM,projected,LM,projected - raised from 0.0% to the 1.244% floor
Myanmar,MMR,2036,1512.293822,LM,projected,LM,projected - raised from 0.0% to the 1.244% floor
Myanmar,MMR,2037,1531.106757,LM,projected,LM,projected - raised from 0.0% to the 1.244% floor
Myanmar,MMR,2038,1550.153725,LM,projected,LM,projected - raised from 0.0% to the 1.244% floor
Myanmar,MMR,2039,1569.437637,LM,projected,LM,projected - raised from 0.0% to the 1.244% floor
Myanmar,MMR,2040,1588.961441,LM,projected,LM,projected - raised from 0.0% to the 1.244% floor
Myanmar,MMR,2041,1608.728122,LM,projected,LM,projected - raised from 0.0% to the 1.244% floor
Myanmar,MMR,2042,1628.7407,LM,projected,LM,projected - raised from 0.0% to the 1.244% floor
Myanmar,MMR,2043,1649.002234,LM,projected,LM,projected - raised from 0.0% to the 1.244% floor
Myanmar,MMR,2044,1669.515822,LM,projected,LM,projected - raised from 0.0% to the 1.244% floor
Myanmar,MMR,2045,1690.284599,LM,projected,LM,projected - raised from 0.0% to the 1.244% floor
Myanmar,MMR,2046,1711.311739,LM,projected,LM,projected - raised from 0.0% to the 1.244% floor
Myanmar,MMR,2047,1732.600457,LM,projected,LM,projected - raised from 0.0% to the 1.244% floor
Myanmar,MMR,2048,1754.154007,LM,projected,LM,projected - raised from 0.0% to the 1.244% floor
Myanmar,MMR,2049,1775.975683,LM,projected,LM,projected - raised from 0.0% to the 1.244% floor
Myanmar,MMR,2050,1798.06882,LM,projected,LM,projected - raised from 0.0% to the 1.244% floor
Namibia,NAM,1987,1770.0,,actual,LM,projected - raised from 0.1% to the 1.244% floor
Namibia,NAM,1988,1860.0,,actual,LM,projected - raised from 0.1% to the 1.244% floor
Namibia,NAM,1989,1990.0,LM,actual,LM,projected - raised from 0.1% to the 1.244% floor
Namibia,NAM,1990,2090.0,LM,actual,LM,projected - raised from 0.1% to the 1.244% floor
Namibia,NAM,1991,2240.0,LM,actual,LM,projected - raised from 0.1% to the 1.244% floor
Namibia,NAM,1992,2390.0,LM,actual,LM,projected - raised from 0.1% to the 1.244% floor
Namibia,NAM,1993,2270.0,LM,actual,LM,projected - raised from 0.1% to the 1.244% floor
Namibia,NAM,1994,2320.0,LM,actual,LM,projected - raised from 0.1% to the 1.244% floor
Namibia,NAM,1995,2500.0,LM,actual,LM,projected - raised from 0.1% to the 1.244% floor
Namibia,NAM,1996,2530.0,LM,actual,LM,projected - raised from 0.1% to the 1.244% floor
Namibia,NAM,1997,2520.0,LM,actual,LM,projected - raised from 0.1% to the 1.244% floor
Namibia,NAM,1998,2370.0,LM,actual,LM,projected - raised from 0.1% to the 1.244% floor
Namibia,NAM,1999,2230.0,LM,actual,LM,projected - raised from 0.1% to the 1.244% floor
Namibia,NAM,2000,2210.0,LM,actual,LM,projected - raised from 0.1% to the 1.244% floor
Namibia,NAM,2001,2060.0,LM,actual,LM,projected - raised from 0.1% to the 1.244% floor
Namibia,NAM,2002,1970.0,LM,actual,LM,projected - raised from 0.1% to the 1.244% floor
Namibia,NAM,2003,2240.0,LM,actual,LM,projected - raised from 0.1% to the 1.244% floor
Namibia,NAM,2004,2840.0,LM,actual,LM,projected - raised from 0.1% to the 1.244% floor
Namibia,NAM,2005,3480.0,LM,actual,LM,projected - raised from 0.1% to the 1.244% floor
Namibia,NAM,2006,3990.0,LM,actual,LM,projected - raised from 0.1% to the 1.244% floor
Namibia,NAM,2007,4200.0,LM,actual,LM,projected - raised from 0.1% to the 1.244% floor
Namibia,NAM,2008,4310.0,UM,actual,LM,projected - raised from 0.1% to the 1.244% floor
Namibia,NAM,2009,4260.0,UM,actual,LM,projected - raised from 0.1% to the 1.244% floor
Namibia,NAM,2010,4520.0,UM,actual,LM,projected - raised from 0.1% to the 1.244% floor
Namibia,NAM,2011,5160.0,UM,actual,LM,projected - raised from 0.1% to the 1.244% floor
Namibia,NAM,2012,5730.0,UM,actual,LM,projected - raised from 0.1% to the 1.244% floor
Namibia,NAM,2013,5900.0,UM,actual,LM,projected - raised from 0.1% to the 1.244% floor
Namibia,NAM,2014,5690.0,UM,actual,LM,projected - raised from 0.1% to the 1.244% floor
Namibia,NAM,2015,5180.0,UM,actual,LM,projected - raised from 0.1% to the 1.244% floor
Namibia,NAM,2016,4580.0,UM,actual,LM,projected - raised from 0.1% to the 1.244% floor
Namibia,NAM,2017,4430.0,UM,actual,LM,projected - raised from 0.1% to the 1.244% floor
Namibia,NAM,2018,4670.0,UM,actual,LM,projected - raised from 0.1% to the 1.244% floor
Namibia,NAM,2019,4870.0,UM,actual,LM,projected - raised from 0.1% to the 1.244% floor
Namibia,NAM,2020,4240.0,UM,actual,LM,projected - raised from 0.1% to the 1.244% floor
Namibia,NAM,2021,4140.0,UM,actual,LM,projected - raised from 0.1% to the 1.244% floor
Namibia,NAM,2022,4280.0,UM,actual,LM,projected - raised from 0.1% to the 1.244% floor
Namibia,NAM,2023,4310.0,UM,actual,LM,projected - raised from 0.1% to the 1.244% floor
Namibia,NAM,2024,4290.0,LM,actual,LM,projected - raised from 0.1% to the 1.244% floor
Namibia,NAM,2025,4340.0,LM,actual,LM,projected - raised from 0.1% to the 1.244% floor
Namibia,NAM,2026,4393.9896,LM,projected,LM,projected - raised from 0.1% to the 1.244% floor
Namibia,NAM,2027,4448.650831,LM,projected,LM,projected - raised from 0.1% to the 1.244% floor
Namibia,NAM,2028,4503.992047,LM,projected,LM,projected - raised from 0.1% to the 1.244% floor
Namibia,NAM,2029,4560.021708,LM,projected,LM,projected - raised from 0.1% to the 1.244% floor
Namibia,NAM,2030,4616.748378,LM,projected,LM,projected - raised from 0.1% to the 1.244% floor
Namibia,NAM,2031,4674.180728,LM,projected,LM,projected - raised from 0.1% to the 1.244% floor
Namibia,NAM,2032,4732.327536,LM,projected,LM,projected - raised from 0.1% to the 1.244% floor
Namibia,NAM,2033,4791.197691,LM,projected,LM,projected - raised from 0.1% to the 1.244% floor
Namibia,NAM,2034,4850.80019,LM,projected,LM,projected - raised from 0.1% to the 1.244% floor
Namibia,NAM,2035,4911.144144,LM,projected,LM,projected - raised from 0.1% to the 1.244% floor
Namibia,NAM,2036,4972.238777,LM,projected,LM,projected - raised from 0.1% to the 1.244% floor
Namibia,NAM,2037,5034.093428,LM,projected,LM,projected - raised from 0.1% to the 1.244% floor
Namibia,NAM,2038,5096.71755,LM,projected,LM,projected - raised from 0.1% to the 1.244% floor
Namibia,NAM,2039,5160.120716,LM,projected,LM,projected - raised from 0.1% to the 1.244% floor
Namibia,NAM,2040,5224.312618,LM,projected,LM,projected - raised from 0.1% to the 1.244% floor
Namibia,NAM,2041,5289.303067,LM,projected,LM,projected - raised from 0.1% to the 1.244% floor
Namibia,NAM,2042,5355.101997,LM,projected,LM,projected - raised from 0.1% to the 1.244% floor
Namibia,NAM,2043,5421.719466,LM,projected,LM,projected - raised from 0.1% to the 1.244% floor
Namibia,NAM,2044,5489.165656,LM,projected,LM,projected - raised from 0.1% to the 1.244% floor
Namibia,NAM,2045,5557.450877,LM,projected,LM,projected - raised from 0.1% to the 1.244% floor
Namibia,NAM,2046,5626.585566,LM,projected,LM,projected - raised from 0.1% to the 1.244% floor
Namibia,NAM,2047,5696.58029,LM,projected,LM,projected - raised from 0.1% to the 1.244% floor
Namibia,NAM,2048,5767.445749,LM,projected,LM,projected - raised from 0.1% to the 1.244% floor
Namibia,NAM,2049,5839.192774,LM,projected,LM,projected - raised from 0.1% to the 1.244% floor
Namibia,NAM,2050,5911.832332,LM,projected,LM,projected - raised from 0.1% to the 1.244% floor
Nauru,NRU,1987,5780.0,,actual,H,projected
Nauru,NRU,1988,6010.0,,actual,H,projected
Nauru,NRU,1989,6230.0,,actual,H,projected
Nauru,NRU,1990,6570.0,,actual,H,projected
Nauru,NRU,1991,5870.0,,actual,H,projected
Nauru,NRU,1992,5490.0,,actual,H,projected
Nauru,NRU,1993,5060.0,,actual,H,projected
Nauru,NRU,1994,5010.0,,actual,H,projected
Nauru,NRU,1995,4700.0,,actual,H,projected
Nauru,NRU,1996,4240.0,,actual,H,projected
Nauru,NRU,1997,4080.0,,actual,H,projected
Nauru,NRU,1998,3550.0,,actual,H,projected
Nauru,NRU,1999,3300.0,,actual,H,projected
Nauru,NRU,2000,3050.0,,actual,H,projected
Nauru,NRU,2001,2800.0,,actual,H,projected
Nauru,NRU,2002,2500.0,,actual,H,projected
Nauru,NRU,2003,2650.0,,actual,H,projected
Nauru,NRU,2004,3090.0,,actual,H,projected
Nauru,NRU,2005,3510.0,,actual,H,projected
Nauru,NRU,2006,3890.0,,actual,H,projected
Nauru,NRU,2007,3030.0,,actual,H,projected
Nauru,NRU,2008,3510.0,,actual,H,projected
Nauru,NRU,2009,4090.0,,actual,H,projected
Nauru,NRU,2010,5080.0,,actual,H,projected
Nauru,NRU,2011,7000.0,,actual,H,projected
Nauru,NRU,2012,9650.0,,actual,H,projected
Nauru,NRU,2013,11330.0,,actual,H,projected
Nauru,NRU,2014,12530.0,,actual,H,projected
Nauru,NRU,2015,12220.0,H,actual,H,projected
Nauru,NRU,2016,11680.0,UM,actual,H,projected
Nauru,NRU,2017,11300.0,UM,actual,H,projected
Nauru,NRU,2018,12740.0,UM,actual,H,projected
Nauru,NRU,2019,15840.0,H,actual,H,projected
Nauru,NRU,2020,17180.0,H,actual,H,projected
Nauru,NRU,2021,19620.0,H,actual,H,projected
Nauru,NRU,2022,20890.0,H,actual,H,projected
Nauru,NRU,2023,22370.0,H,actual,H,projected
Nauru,NRU,2024,21940.0,H,actual,H,projected
Nauru,NRU,2025,20690.0,H,actual,H,projected
Nauru,NRU,2026,22092.54575,H,projected,H,projected
Nauru,NRU,2027,23590.168086,H,projected,H,projected
Nauru,NRU,2028,25189.312116,H,projected,H,projected
Nauru,NRU,2029,26896.859851,H,projected,H,projected
Nauru,NRU,2030,28720.159825,H,projected,H,projected
Nauru,NRU,2031,30667.058718,H,projected,H,projected
Nauru,NRU,2032,32745.935125,H,projected,H,projected
Nauru,NRU,2033,34965.735614,H,projected,H,projected
Nauru,NRU,2034,37336.013229,H,projected,H,projected
Nauru,NRU,2035,39866.968602,H,projected,H,projected
Nauru,NRU,2036,42569.493849,H,projected,H,projected
Nauru,NRU,2037,45455.219449,H,projected,H,projected
Nauru,NRU,2038,48536.564293,H,projected,H,projected
Nauru,NRU,2039,51826.789134,H,projected,H,projected
Nauru,NRU,2040,55340.053649,H,projected,H,projected
Nauru,NRU,2041,59091.477381,H,projected,H,projected
Nauru,NRU,2042,63097.204807,H,projected,H,projected
Nauru,NRU,2043,67374.474812,H,projected,H,projected
Nauru,NRU,2044,71941.694884,H,projected,H,projected
Nauru,NRU,2045,76818.520325,H,projected,H,projected
Nauru,NRU,2046,82025.938844,H,projected,H,projected
Nauru,NRU,2047,87586.360878,H,projected,H,projected
Nauru,NRU,2048,93523.716034,H,projected,H,projected
Nauru,NRU,2049,99863.556073,H,projected,H,projected
Nauru,NRU,2050,106633.164875,H,projected,H,projected
Nepal,NPL,1987,170.0,L,actual,LM,projected
Nepal,NPL,1988,200.0,L,actual,LM,projected
Nepal,NPL,1989,200.0,L,actual,LM,projected
Nepal,NPL,1990,200.0,L,actual,LM,projected
Nepal,NPL,1991,200.0,L,actual,LM,projected
Nepal,NPL,1992,190.0,L,actual,LM,projected
Nepal,NPL,1993,190.0,L,actual,LM,projected
Nepal,NPL,1994,190.0,L,actual,LM,projected
Nepal,NPL,1995,200.0,L,actual,LM,projected
Nepal,NPL,1996,210.0,L,actual,LM,projected
Nepal,NPL,1997,210.0,L,actual,LM,projected
Nepal,NPL,1998,200.0,L,actual,LM,projected
Nepal,NPL,1999,210.0,L,actual,LM,projected
Nepal,NPL,2000,220.0,L,actual,LM,projected
Nepal,NPL,2001,230.0,L,actual,LM,projected
Nepal,NPL,2002,230.0,L,actual,LM,projected
Nepal,NPL,2003,250.0,L,actual,LM,projected
Nepal,NPL,2004,280.0,L,actual,LM,projected
Nepal,NPL,2005,300.0,L,actual,LM,projected
Nepal,NPL,2006,330.0,L,actual,LM,projected
Nepal,NPL,2007,370.0,L,actual,LM,projected
Nepal,NPL,2008,430.0,L,actual,LM,projected
Nepal,NPL,2009,480.0,L,actual,LM,projected
Nepal,NPL,2010,530.0,L,actual,LM,projected
Nepal,NPL,2011,620.0,L,actual,LM,projected
Nepal,NPL,2012,750.0,L,actual,LM,projected
Nepal,NPL,2013,840.0,L,actual,LM,projected
Nepal,NPL,2014,860.0,L,actual,LM,projected
Nepal,NPL,2015,870.0,L,actual,LM,projected
Nepal,NPL,2016,860.0,L,actual,LM,projected
Nepal,NPL,2017,970.0,L,actual,LM,projected
Nepal,NPL,2018,1120.0,L,actual,LM,projected
Nepal,NPL,2019,1240.0,LM,actual,LM,projected
Nepal,NPL,2020,1190.0,LM,actual,LM,projected
Nepal,NPL,2021,1250.0,LM,actual,LM,projected
Nepal,NPL,2022,1380.0,LM,actual,LM,projected
Nepal,NPL,2023,1430.0,LM,actual,LM,projected
Nepal,NPL,2024,1480.0,LM,actual,LM,projected
Nepal,NPL,2025,1570.0,LM,actual,LM,projected
Nepal,NPL,2026,1657.316318,LM,projected,LM,projected
Nepal,NPL,2027,1749.488777,LM,projected,LM,projected
Nepal,NPL,2028,1846.787451,LM,projected,LM,projected
Nepal,NPL,2029,1949.497439,LM,projected,LM,projected
Nepal,NPL,2030,2057.919693,LM,projected,LM,projected
Nepal,NPL,2031,2172.371904,LM,projected,LM,projected
Nepal,NPL,2032,2293.189431,LM,projected,LM,projected
Nepal,NPL,2033,2420.726284,LM,projected,LM,projected
Nepal,NPL,2034,2555.356161,LM,projected,LM,projected
Nepal,NPL,2035,2697.473544,LM,projected,LM,projected
Nepal,NPL,2036,2847.494856,LM,projected,LM,projected
Nepal,NPL,2037,3005.859676,LM,projected,LM,projected
Nepal,NPL,2038,3173.032033,LM,projected,LM,projected
Nepal,NPL,2039,3349.501762,LM,projected,LM,projected
Nepal,NPL,2040,3535.785942,LM,projected,LM,projected
Nepal,NPL,2041,3732.430408,LM,projected,LM,projected
Nepal,NPL,2042,3940.011352,LM,projected,LM,projected
Nepal,NPL,2043,4159.137012,LM,projected,LM,projected
Nepal,NPL,2044,4390.449452,LM,projected,LM,projected
Nepal,NPL,2045,4634.626447,LM,projected,LM,projected
Nepal,NPL,2046,4892.383466,LM,projected,LM,projected
Nepal,NPL,2047,5164.475767,LM,projected,LM,projected
Nepal,NPL,2048,5451.700614,LM,projected,LM,projected
Nepal,NPL,2049,5754.899612,LM,projected,LM,projected
Nepal,NPL,2050,6074.961171,LM,projected,LM,projected
Netherlands,NLD,1987,14420.0,H,actual,H,projected
Netherlands,NLD,1988,18190.0,H,actual,H,projected
Netherlands,NLD,1989,19140.0,H,actual,H,projected
Netherlands,NLD,1990,19910.0,H,actual,H,projected
Netherlands,NLD,1991,20840.0,H,actual,H,projected
Netherlands,NLD,1992,23050.0,H,actual,H,projected
Netherlands,NLD,1993,23550.0,H,actual,H,projected
Netherlands,NLD,1994,24860.0,H,actual,H,projected
Netherlands,NLD,1995,27120.0,H,actual,H,projected
Netherlands,NLD,1996,29260.0,H,actual,H,projected
Netherlands,NLD,1997,29410.0,H,actual,H,projected
Netherlands,NLD,1998,27840.0,H,actual,H,projected
Netherlands,NLD,1999,28150.0,H,actual,H,projected
Netherlands,NLD,2000,28140.0,H,actual,H,projected
Netherlands,NLD,2001,26900.0,H,actual,H,projected
Netherlands,NLD,2002,26440.0,H,actual,H,projected
Netherlands,NLD,2003,30410.0,H,actual,H,projected
Netherlands,NLD,2004,36800.0,H,actual,H,projected
Netherlands,NLD,2005,42280.0,H,actual,H,projected
Netherlands,NLD,2006,45500.0,H,actual,H,projected
Netherlands,NLD,2007,48840.0,H,actual,H,projected
Netherlands,NLD,2008,51930.0,H,actual,H,projected
Netherlands,NLD,2009,52780.0,H,actual,H,projected
Netherlands,NLD,2010,54000.0,H,actual,H,projected
Netherlands,NLD,2011,54270.0,H,actual,H,projected
Netherlands,NLD,2012,52070.0,H,actual,H,projected
Netherlands,NLD,2013,52460.0,H,actual,H,projected
Netherlands,NLD,2014,52220.0,H,actual,H,projected
Netherlands,NLD,2015,49670.0,H,actual,H,projected
Netherlands,NLD,2016,46960.0,H,actual,H,projected
Netherlands,NLD,2017,46710.0,H,actual,H,projected
Netherlands,NLD,2018,51290.0,H,actual,H,projected
Netherlands,NLD,2019,52940.0,H,actual,H,projected
Netherlands,NLD,2020,51490.0,H,actual,H,projected
Netherlands,NLD,2021,59560.0,H,actual,H,projected
Netherlands,NLD,2022,62110.0,H,actual,H,projected
Netherlands,NLD,2023,62550.0,H,actual,H,projected
Netherlands,NLD,2024,62500.0,H,actual,H,projected
Netherlands,NLD,2025,68530.0,H,actual,H,projected
Netherlands,NLD,2026,69875.045817,H,projected,H,projected
Netherlands,NLD,2027,71246.490996,H,projected,H,projected
Netherlands,NLD,2028,72644.853679,H,projected,H,projected
Netherlands,NLD,2029,74070.66218,H,projected,H,projected
Netherlands,NLD,2030,75524.455181,H,projected,H,projected
Netherlands,NLD,2031,77006.781936,H,projected,H,projected
Netherlands,NLD,2032,78518.202481,H,projected,H,projected
Netherlands,NLD,2033,80059.287842,H,projected,H,projected
Netherlands,NLD,2034,81630.620255,H,projected,H,projected
Netherlands,NLD,2035,83232.793381,H,projected,H,projected
Netherlands,NLD,2036,84866.412534,H,projected,H,projected
Netherlands,NLD,2037,86532.09491,H,projected,H,projected
Netherlands,NLD,2038,88230.469816,H,projected,H,projected
Netherlands,NLD,2039,89962.178912,H,projected,H,projected
Netherlands,NLD,2040,91727.876452,H,projected,H,projected
Netherlands,NLD,2041,93528.229532,H,projected,H,projected
Netherlands,NLD,2042,95363.918338,H,projected,H,projected
Netherlands,NLD,2043,97235.63641,H,projected,H,projected
Netherlands,NLD,2044,99144.090898,H,projected,H,projected
Netherlands,NLD,2045,101090.002831,H,projected,H,projected
Netherlands,NLD,2046,103074.10739,H,projected,H,projected
Netherlands,NLD,2047,105097.154187,H,projected,H,projected
Netherlands,NLD,2048,107159.907545,H,projected,H,projected
Netherlands,NLD,2049,109263.146789,H,projected,H,projected
Netherlands,NLD,2050,111407.66654,H,projected,H,projected
New Caledonia,NCL,1987,7820.0,UM,actual,H,frozen - only 5 of 10 annual rates
New Caledonia,NCL,1988,12880.0,UM,actual,H,frozen - only 5 of 10 annual rates
New Caledonia,NCL,1989,14100.0,UM,actual,H,frozen - only 5 of 10 annual rates
New Caledonia,NCL,1990,14290.0,UM,actual,H,frozen - only 5 of 10 annual rates
New Caledonia,NCL,1991,14700.0,UM,actual,H,frozen - only 5 of 10 annual rates
New Caledonia,NCL,1992,15530.0,UM,actual,H,frozen - only 5 of 10 annual rates
New Caledonia,NCL,1993,15360.0,UM,actual,H,frozen - only 5 of 10 annual rates
New Caledonia,NCL,1994,15810.0,UM,actual,H,frozen - only 5 of 10 annual rates
New Caledonia,NCL,1995,17140.0,H,actual,H,frozen - only 5 of 10 annual rates
New Caledonia,NCL,1996,17580.0,H,actual,H,frozen - only 5 of 10 annual rates
New Caledonia,NCL,1997,17110.0,H,actual,H,frozen - only 5 of 10 annual rates
New Caledonia,NCL,1998,13920.0,H,actual,H,frozen - only 5 of 10 annual rates
New Caledonia,NCL,1999,13070.0,H,actual,H,frozen - only 5 of 10 annual rates
New Caledonia,NCL,2000,12630.0,H,actual,H,frozen - only 5 of 10 annual rates
New Caledonia,NCL,2001,,H,actual,H,frozen - only 5 of 10 annual rates
New Caledonia,NCL,2002,,H,actual,H,frozen - only 5 of 10 annual rates
New Caledonia,NCL,2003,,H,actual,H,frozen - only 5 of 10 annual rates
New Caledonia,NCL,2004,,H,actual,H,frozen - only 5 of 10 annual rates
New Caledonia,NCL,2005,,H,actual,H,frozen - only 5 of 10 annual rates
New Caledonia,NCL,2006,,H,actual,H,frozen - only 5 of 10 annual rates
New Caledonia,NCL,2007,,H,actual,H,frozen - only 5 of 10 annual rates
New Caledonia,NCL,2008,,H,actual,H,frozen - only 5 of 10 annual rates
New Caledonia,NCL,2009,,H,actual,H,frozen - only 5 of 10 annual rates
New Caledonia,NCL,2010,,H,actual,H,frozen - only 5 of 10 annual rates
New Caledonia,NCL,2011,,H,actual,H,frozen - only 5 of 10 annual rates
New Caledonia,NCL,2012,,H,actual,H,frozen - only 5 of 10 annual rates
New Caledonia,NCL,2013,,H,actual,H,frozen - only 5 of 10 annual rates
New Caledonia,NCL,2014,,H,actual,H,frozen - only 5 of 10 annual rates
New Caledonia,NCL,2015,,H,actual,H,frozen - only 5 of 10 annual rates
New Caledonia,NCL,2016,,H,actual,H,frozen - only 5 of 10 annual rates
New Caledonia,NCL,2017,,H,actual,H,frozen - only 5 of 10 annual rates
New Caledonia,NCL,2018,,H,actual,H,frozen - only 5 of 10 annual rates
New Caledonia,NCL,2019,35130.0,H,actual,H,frozen - only 5 of 10 annual rates
New Caledonia,NCL,2020,34890.0,H,actual,H,frozen - only 5 of 10 annual rates
New Caledonia,NCL,2021,35420.0,H,actual,H,frozen - only 5 of 10 annual rates
New Caledonia,NCL,2022,36980.0,H,actual,H,frozen - only 5 of 10 annual rates
New Caledonia,NCL,2023,36710.0,H,actual,H,frozen - only 5 of 10 annual rates
New Caledonia,NCL,2024,30070.0,H,actual,H,frozen - only 5 of 10 annual rates
New Caledonia,NCL,2025,,H,actual,H,frozen - only 5 of 10 annual rates
New Caledonia,NCL,2026,,H,projected,H,frozen - only 5 of 10 annual rates
New Caledonia,NCL,2027,,H,projected,H,frozen - only 5 of 10 annual rates
New Caledonia,NCL,2028,,H,projected,H,frozen - only 5 of 10 annual rates
New Caledonia,NCL,2029,,H,projected,H,frozen - only 5 of 10 annual rates
New Caledonia,NCL,2030,,H,projected,H,frozen - only 5 of 10 annual rates
New Caledonia,NCL,2031,,H,projected,H,frozen - only 5 of 10 annual rates
New Caledonia,NCL,2032,,H,projected,H,frozen - only 5 of 10 annual rates
New Caledonia,NCL,2033,,H,projected,H,frozen - only 5 of 10 annual rates
New Caledonia,NCL,2034,,H,projected,H,frozen - only 5 of 10 annual rates
New Caledonia,NCL,2035,,H,projected,H,frozen - only 5 of 10 annual rates
New Caledonia,NCL,2036,,H,projected,H,frozen - only 5 of 10 annual rates
New Caledonia,NCL,2037,,H,projected,H,frozen - only 5 of 10 annual rates
New Caledonia,NCL,2038,,H,projected,H,frozen - only 5 of 10 annual rates
New Caledonia,NCL,2039,,H,projected,H,frozen - only 5 of 10 annual rates
New Caledonia,NCL,2040,,H,projected,H,frozen - only 5 of 10 annual rates
New Caledonia,NCL,2041,,H,projected,H,frozen - only 5 of 10 annual rates
New Caledonia,NCL,2042,,H,projected,H,frozen - only 5 of 10 annual rates
New Caledonia,NCL,2043,,H,projected,H,frozen - only 5 of 10 annual rates
New Caledonia,NCL,2044,,H,projected,H,frozen - only 5 of 10 annual rates
New Caledonia,NCL,2045,,H,projected,H,frozen - only 5 of 10 annual rates
New Caledonia,NCL,2046,,H,projected,H,frozen - only 5 of 10 annual rates
New Caledonia,NCL,2047,,H,projected,H,frozen - only 5 of 10 annual rates
New Caledonia,NCL,2048,,H,projected,H,frozen - only 5 of 10 annual rates
New Caledonia,NCL,2049,,H,projected,H,frozen - only 5 of 10 annual rates
New Caledonia,NCL,2050,,H,projected,H,frozen - only 5 of 10 annual rates
New Zealand,NZL,1987,10010.0,H,actual,H,projected - raised from -0.1% to the 1.244% floor
New Zealand,NZL,1988,12550.0,H,actual,H,projected - raised from -0.1% to the 1.244% floor
New Zealand,NZL,1989,13570.0,H,actual,H,projected - raised from -0.1% to the 1.244% floor
New Zealand,NZL,1990,13640.0,H,actual,H,projected - raised from -0.1% to the 1.244% floor
New Zealand,NZL,1991,12160.0,H,actual,H,projected - raised from -0.1% to the 1.244% floor
New Zealand,NZL,1992,12050.0,H,actual,H,projected - raised from -0.1% to the 1.244% floor
New Zealand,NZL,1993,12360.0,H,actual,H,projected - raised from -0.1% to the 1.244% floor
New Zealand,NZL,1994,13400.0,H,actual,H,projected - raised from -0.1% to the 1.244% floor
New Zealand,NZL,1995,15280.0,H,actual,H,projected - raised from -0.1% to the 1.244% floor
New Zealand,NZL,1996,16720.0,H,actual,H,projected - raised from -0.1% to the 1.244% floor
New Zealand,NZL,1997,17160.0,H,actual,H,projected - raised from -0.1% to the 1.244% floor
New Zealand,NZL,1998,15790.0,H,actual,H,projected - raised from -0.1% to the 1.244% floor
New Zealand,NZL,1999,15040.0,H,actual,H,projected - raised from -0.1% to the 1.244% floor
New Zealand,NZL,2000,14070.0,H,actual,H,projected - raised from -0.1% to the 1.244% floor
New Zealand,NZL,2001,13810.0,H,actual,H,projected - raised from -0.1% to the 1.244% floor
New Zealand,NZL,2002,14180.0,H,actual,H,projected - raised from -0.1% to the 1.244% floor
New Zealand,NZL,2003,16990.0,H,actual,H,projected - raised from -0.1% to the 1.244% floor
New Zealand,NZL,2004,21530.0,H,actual,H,projected - raised from -0.1% to the 1.244% floor
New Zealand,NZL,2005,25450.0,H,actual,H,projected - raised from -0.1% to the 1.244% floor
New Zealand,NZL,2006,26380.0,H,actual,H,projected - raised from -0.1% to the 1.244% floor
New Zealand,NZL,2007,28150.0,H,actual,H,projected - raised from -0.1% to the 1.244% floor
New Zealand,NZL,2008,28680.0,H,actual,H,projected - raised from -0.1% to the 1.244% floor
New Zealand,NZL,2009,29760.0,H,actual,H,projected - raised from -0.1% to the 1.244% floor
New Zealand,NZL,2010,29750.0,H,actual,H,projected - raised from -0.1% to the 1.244% floor
New Zealand,NZL,2011,32270.0,H,actual,H,projected - raised from -0.1% to the 1.244% floor
New Zealand,NZL,2012,36770.0,H,actual,H,projected - raised from -0.1% to the 1.244% floor
New Zealand,NZL,2013,39940.0,H,actual,H,projected - raised from -0.1% to the 1.244% floor
New Zealand,NZL,2014,41700.0,H,actual,H,projected - raised from -0.1% to the 1.244% floor
New Zealand,NZL,2015,40660.0,H,actual,H,projected - raised from -0.1% to the 1.244% floor
New Zealand,NZL,2016,39440.0,H,actual,H,projected - raised from -0.1% to the 1.244% floor
New Zealand,NZL,2017,38790.0,H,actual,H,projected - raised from -0.1% to the 1.244% floor
New Zealand,NZL,2018,41570.0,H,actual,H,projected - raised from -0.1% to the 1.244% floor
New Zealand,NZL,2019,43090.0,H,actual,H,projected - raised from -0.1% to the 1.244% floor
New Zealand,NZL,2020,41880.0,H,actual,H,projected - raised from -0.1% to the 1.244% floor
New Zealand,NZL,2021,45750.0,H,actual,H,projected - raised from -0.1% to the 1.244% floor
New Zealand,NZL,2022,49090.0,H,actual,H,projected - raised from -0.1% to the 1.244% floor
New Zealand,NZL,2023,49470.0,H,actual,H,projected - raised from -0.1% to the 1.244% floor
New Zealand,NZL,2024,47070.0,H,actual,H,projected - raised from -0.1% to the 1.244% floor
New Zealand,NZL,2025,46630.0,H,actual,H,projected - raised from -0.1% to the 1.244% floor
New Zealand,NZL,2026,47210.0772,H,projected,H,projected - raised from -0.1% to the 1.244% floor
New Zealand,NZL,2027,47797.37056,H,projected,H,projected - raised from -0.1% to the 1.244% floor
New Zealand,NZL,2028,48391.96985,H,projected,H,projected - raised from -0.1% to the 1.244% floor
New Zealand,NZL,2029,48993.965955,H,projected,H,projected - raised from -0.1% to the 1.244% floor
New Zealand,NZL,2030,49603.450892,H,projected,H,projected - raised from -0.1% to the 1.244% floor
New Zealand,NZL,2031,50220.517821,H,projected,H,projected - raised from -0.1% to the 1.244% floor
New Zealand,NZL,2032,50845.261062,H,projected,H,projected - raised from -0.1% to the 1.244% floor
New Zealand,NZL,2033,51477.77611,H,projected,H,projected - raised from -0.1% to the 1.244% floor
New Zealand,NZL,2034,52118.159645,H,projected,H,projected - raised from -0.1% to the 1.244% floor
New Zealand,NZL,2035,52766.509551,H,projected,H,projected - raised from -0.1% to the 1.244% floor
New Zealand,NZL,2036,53422.92493,H,projected,H,projected - raised from -0.1% to the 1.244% floor
New Zealand,NZL,2037,54087.506116,H,projected,H,projected - raised from -0.1% to the 1.244% floor
New Zealand,NZL,2038,54760.354692,H,projected,H,projected - raised from -0.1% to the 1.244% floor
New Zealand,NZL,2039,55441.573504,H,projected,H,projected - raised from -0.1% to the 1.244% floor
New Zealand,NZL,2040,56131.266679,H,projected,H,projected - raised from -0.1% to the 1.244% floor
New Zealand,NZL,2041,56829.539636,H,projected,H,projected - raised from -0.1% to the 1.244% floor
New Zealand,NZL,2042,57536.499109,H,projected,H,projected - raised from -0.1% to the 1.244% floor
New Zealand,NZL,2043,58252.253158,H,projected,H,projected - raised from -0.1% to the 1.244% floor
New Zealand,NZL,2044,58976.911187,H,projected,H,projected - raised from -0.1% to the 1.244% floor
New Zealand,NZL,2045,59710.583962,H,projected,H,projected - raised from -0.1% to the 1.244% floor
New Zealand,NZL,2046,60453.383627,H,projected,H,projected - raised from -0.1% to the 1.244% floor
New Zealand,NZL,2047,61205.423719,H,projected,H,projected - raised from -0.1% to the 1.244% floor
New Zealand,NZL,2048,61966.81919,H,projected,H,projected - raised from -0.1% to the 1.244% floor
New Zealand,NZL,2049,62737.686421,H,projected,H,projected - raised from -0.1% to the 1.244% floor
New Zealand,NZL,2050,63518.14324,H,projected,H,projected - raised from -0.1% to the 1.244% floor
Nicaragua,NIC,1987,860.0,LM,actual,LM,projected
Nicaragua,NIC,1988,680.0,LM,actual,LM,projected
Nicaragua,NIC,1989,360.0,LM,actual,LM,projected
Nicaragua,NIC,1990,310.0,LM,actual,LM,projected
Nicaragua,NIC,1991,220.0,L,actual,LM,projected
Nicaragua,NIC,1992,240.0,L,actual,LM,projected
Nicaragua,NIC,1993,290.0,L,actual,LM,projected
Nicaragua,NIC,1994,450.0,L,actual,LM,projected
Nicaragua,NIC,1995,620.0,L,actual,LM,projected
Nicaragua,NIC,1996,880.0,L,actual,LM,projected
Nicaragua,NIC,1997,880.0,L,actual,LM,projected
Nicaragua,NIC,1998,890.0,L,actual,LM,projected
Nicaragua,NIC,1999,930.0,L,actual,LM,projected
Nicaragua,NIC,2000,970.0,L,actual,LM,projected
Nicaragua,NIC,2001,980.0,L,actual,LM,projected
Nicaragua,NIC,2002,980.0,L,actual,LM,projected
Nicaragua,NIC,2003,1020.0,L,actual,LM,projected
Nicaragua,NIC,2004,1100.0,L,actual,LM,projected
Nicaragua,NIC,2005,1180.0,LM,actual,LM,projected
Nicaragua,NIC,2006,1220.0,LM,actual,LM,projected
Nicaragua,NIC,2007,1310.0,LM,actual,LM,projected
Nicaragua,NIC,2008,1420.0,LM,actual,LM,projected
Nicaragua,NIC,2009,1410.0,LM,actual,LM,projected
Nicaragua,NIC,2010,1490.0,LM,actual,LM,projected
Nicaragua,NIC,2011,1600.0,LM,actual,LM,projected
Nicaragua,NIC,2012,1700.0,LM,actual,LM,projected
Nicaragua,NIC,2013,1760.0,LM,actual,LM,projected
Nicaragua,NIC,2014,1850.0,LM,actual,LM,projected
Nicaragua,NIC,2015,1910.0,LM,actual,LM,projected
Nicaragua,NIC,2016,1980.0,LM,actual,LM,projected
Nicaragua,NIC,2017,2050.0,LM,actual,LM,projected
Nicaragua,NIC,2018,1990.0,LM,actual,LM,projected
Nicaragua,NIC,2019,1930.0,LM,actual,LM,projected
Nicaragua,NIC,2020,1810.0,LM,actual,LM,projected
Nicaragua,NIC,2021,2060.0,LM,actual,LM,projected
Nicaragua,NIC,2022,2150.0,LM,actual,LM,projected
Nicaragua,NIC,2023,2360.0,LM,actual,LM,projected
Nicaragua,NIC,2024,2510.0,LM,actual,LM,projected
Nicaragua,NIC,2025,2850.0,LM,actual,LM,projected
Nicaragua,NIC,2026,2964.482412,LM,projected,LM,projected
Nicaragua,NIC,2027,3083.5635,LM,projected,LM,projected
Nicaragua,NIC,2028,3207.427987,LM,projected,LM,projected
Nicaragua,NIC,2029,3336.26802,LM,projected,LM,projected
Nicaragua,NIC,2030,3470.283462,LM,projected,LM,projected
Nicaragua,NIC,2031,3609.682207,LM,projected,LM,projected
Nicaragua,NIC,2032,3754.680497,LM,projected,LM,projected
Nicaragua,NIC,2033,3905.503263,LM,projected,LM,projected
Nicaragua,NIC,2034,4062.384468,LM,projected,LM,projected
Nicaragua,NIC,2035,4225.567476,LM,projected,LM,projected
Nicaragua,NIC,2036,4395.305427,LM,projected,LM,projected
Nicaragua,NIC,2037,4571.861626,LM,projected,LM,projected
Nicaragua,NIC,2038,4755.509959,LM,projected,LM,projected
Nicaragua,NIC,2039,4946.535311,LM,projected,LM,projected
Nicaragua,NIC,2040,5145.234011,LM,projected,LM,projected
Nicaragua,NIC,2041,5351.914293,LM,projected,LM,projected
Nicaragua,NIC,2042,5566.896769,LM,projected,LM,projected
Nicaragua,NIC,2043,5790.514935,UM,projected,LM,projected
Nicaragua,NIC,2044,6023.115679,UM,projected,LM,projected
Nicaragua,NIC,2045,6265.059824,UM,projected,LM,projected
Nicaragua,NIC,2046,6516.722688,UM,projected,LM,projected
Nicaragua,NIC,2047,6778.494665,UM,projected,LM,projected
Nicaragua,NIC,2048,7050.78183,UM,projected,LM,projected
Nicaragua,NIC,2049,7334.006572,UM,projected,LM,projected
Nicaragua,NIC,2050,7628.608244,UM,projected,LM,projected
Niger,NER,1987,260.0,L,actual,L,projected
Niger,NER,1988,320.0,L,actual,L,projected
Niger,NER,1989,310.0,L,actual,L,projected
Niger,NER,1990,330.0,L,actual,L,projected
Niger,NER,1991,350.0,L,actual,L,projected
Niger,NER,1992,410.0,L,actual,L,projected
Niger,NER,1993,380.0,L,actual,L,projected
Niger,NER,1994,290.0,L,actual,L,projected
Niger,NER,1995,260.0,L,actual,L,projected
Niger,NER,1996,230.0,L,actual,L,projected
Niger,NER,1997,230.0,L,actual,L,projected
Niger,NER,1998,250.0,L,actual,L,projected
Niger,NER,1999,240.0,L,actual,L,projected
Niger,NER,2000,220.0,L,actual,L,projected
Niger,NER,2001,220.0,L,actual,L,projected
Niger,NER,2002,220.0,L,actual,L,projected
Niger,NER,2003,240.0,L,actual,L,projected
Niger,NER,2004,280.0,L,actual,L,projected
Niger,NER,2005,330.0,L,actual,L,projected
Niger,NER,2006,350.0,L,actual,L,projected
Niger,NER,2007,380.0,L,actual,L,projected
Niger,NER,2008,440.0,L,actual,L,projected
Niger,NER,2009,480.0,L,actual,L,projected
Niger,NER,2010,510.0,L,actual,L,projected
Niger,NER,2011,520.0,L,actual,L,projected
Niger,NER,2012,550.0,L,actual,L,projected
Niger,NER,2013,570.0,L,actual,L,projected
Niger,NER,2014,590.0,L,actual,L,projected
Niger,NER,2015,560.0,L,actual,L,projected
Niger,NER,2016,520.0,L,actual,L,projected
Niger,NER,2017,520.0,L,actual,L,projected
Niger,NER,2018,580.0,L,actual,L,projected
Niger,NER,2019,600.0,L,actual,L,projected
Niger,NER,2020,570.0,L,actual,L,projected
Niger,NER,2021,580.0,L,actual,L,projected
Niger,NER,2022,650.0,L,actual,L,projected
Niger,NER,2023,640.0,L,actual,L,projected
Niger,NER,2024,670.0,L,actual,L,projected
Niger,NER,2025,750.0,L,actual,L,projected
Niger,NER,2026,769.509982,L,projected,L,projected
Niger,NER,2027,789.527483,L,projected,L,projected
Niger,NER,2028,810.065705,L,projected,L,projected
Niger,NER,2029,831.138195,L,projected,L,projected
Niger,NER,2030,852.75885,L,projected,L,projected
Niger,NER,2031,874.941929,L,projected,L,projected
Niger,NER,2032,897.702064,L,projected,L,projected
Niger,NER,2033,921.054266,L,projected,L,projected
Niger,NER,2034,945.013935,L,projected,L,projected
Niger,NER,2035,969.596875,L,projected,L,projected
Niger,NER,2036,994.819298,L,projected,L,projected
Niger,NER,2037,1020.69784,L,projected,L,projected
Niger,NER,2038,1047.249568,L,projected,L,projected
Niger,NER,2039,1074.491995,L,projected,L,projected
Niger,NER,2040,1102.443087,L,projected,L,projected
Niger,NER,2041,1131.12128,L,projected,L,projected
Niger,NER,2042,1160.545488,L,projected,L,projected
Niger,NER,2043,1190.735116,L,projected,L,projected
Niger,NER,2044,1221.710077,L,projected,L,projected
Niger,NER,2045,1253.490799,L,projected,L,projected
Niger,NER,2046,1286.098242,L,projected,L,projected
Niger,NER,2047,1319.553914,L,projected,L,projected
Niger,NER,2048,1353.879877,L,projected,L,projected
Niger,NER,2049,1389.098773,L,projected,L,projected
Niger,NER,2050,1425.233829,L,projected,L,projected
Nigeria,NGA,1987,,L,actual,LM,projected - raised from -7.7% to the 1.244% floor
Nigeria,NGA,1988,,L,actual,LM,projected - raised from -7.7% to the 1.244% floor
Nigeria,NGA,1989,,L,actual,LM,projected - raised from -7.7% to the 1.244% floor
Nigeria,NGA,1990,,L,actual,LM,projected - raised from -7.7% to the 1.244% floor
Nigeria,NGA,1991,,L,actual,LM,projected - raised from -7.7% to the 1.244% floor
Nigeria,NGA,1992,,L,actual,LM,projected - raised from -7.7% to the 1.244% floor
Nigeria,NGA,1993,,L,actual,LM,projected - raised from -7.7% to the 1.244% floor
Nigeria,NGA,1994,,L,actual,LM,projected - raised from -7.7% to the 1.244% floor
Nigeria,NGA,1995,,L,actual,LM,projected - raised from -7.7% to the 1.244% floor
Nigeria,NGA,1996,,L,actual,LM,projected - raised from -7.7% to the 1.244% floor
Nigeria,NGA,1997,,L,actual,LM,projected - raised from -7.7% to the 1.244% floor
Nigeria,NGA,1998,,L,actual,LM,projected - raised from -7.7% to the 1.244% floor
Nigeria,NGA,1999,,L,actual,LM,projected - raised from -7.7% to the 1.244% floor
Nigeria,NGA,2000,,L,actual,LM,projected - raised from -7.7% to the 1.244% floor
Nigeria,NGA,2001,,L,actual,LM,projected - raised from -7.7% to the 1.244% floor
Nigeria,NGA,2002,,L,actual,LM,projected - raised from -7.7% to the 1.244% floor
Nigeria,NGA,2003,,L,actual,LM,projected - raised from -7.7% to the 1.244% floor
Nigeria,NGA,2004,,L,actual,LM,projected - raised from -7.7% to the 1.244% floor
Nigeria,NGA,2005,,L,actual,LM,projected - raised from -7.7% to the 1.244% floor
Nigeria,NGA,2006,,L,actual,LM,projected - raised from -7.7% to the 1.244% floor
Nigeria,NGA,2007,,L,actual,LM,projected - raised from -7.7% to the 1.244% floor
Nigeria,NGA,2008,1890.0,LM,actual,LM,projected - raised from -7.7% to the 1.244% floor
Nigeria,NGA,2009,1960.0,LM,actual,LM,projected - raised from -7.7% to the 1.244% floor
Nigeria,NGA,2010,2050.0,LM,actual,LM,projected - raised from -7.7% to the 1.244% floor
Nigeria,NGA,2011,2100.0,LM,actual,LM,projected - raised from -7.7% to the 1.244% floor
Nigeria,NGA,2012,2360.0,LM,actual,LM,projected - raised from -7.7% to the 1.244% floor
Nigeria,NGA,2013,2600.0,LM,actual,LM,projected - raised from -7.7% to the 1.244% floor
Nigeria,NGA,2014,2870.0,LM,actual,LM,projected - raised from -7.7% to the 1.244% floor
Nigeria,NGA,2015,2760.0,LM,actual,LM,projected - raised from -7.7% to the 1.244% floor
Nigeria,NGA,2016,2370.0,LM,actual,LM,projected - raised from -7.7% to the 1.244% floor
Nigeria,NGA,2017,2020.0,LM,actual,LM,projected - raised from -7.7% to the 1.244% floor
Nigeria,NGA,2018,1950.0,LM,actual,LM,projected - raised from -7.7% to the 1.244% floor
Nigeria,NGA,2019,2260.0,LM,actual,LM,projected - raised from -7.7% to the 1.244% floor
Nigeria,NGA,2020,2460.0,LM,actual,LM,projected - raised from -7.7% to the 1.244% floor
Nigeria,NGA,2021,2860.0,LM,actual,LM,projected - raised from -7.7% to the 1.244% floor
Nigeria,NGA,2022,2940.0,LM,actual,LM,projected - raised from -7.7% to the 1.244% floor
Nigeria,NGA,2023,2590.0,LM,actual,LM,projected - raised from -7.7% to the 1.244% floor
Nigeria,NGA,2024,1710.0,LM,actual,LM,projected - raised from -7.7% to the 1.244% floor
Nigeria,NGA,2025,1360.0,LM,actual,LM,projected - raised from -7.7% to the 1.244% floor
Nigeria,NGA,2026,1376.9184,LM,projected,LM,projected - raised from -7.7% to the 1.244% floor
Nigeria,NGA,2027,1394.047265,LM,projected,LM,projected - raised from -7.7% to the 1.244% floor
Nigeria,NGA,2028,1411.389213,LM,projected,LM,projected - raised from -7.7% to the 1.244% floor
Nigeria,NGA,2029,1428.946895,LM,projected,LM,projected - raised from -7.7% to the 1.244% floor
Nigeria,NGA,2030,1446.722994,LM,projected,LM,projected - raised from -7.7% to the 1.244% floor
Nigeria,NGA,2031,1464.720228,LM,projected,LM,projected - raised from -7.7% to the 1.244% floor
Nigeria,NGA,2032,1482.941348,LM,projected,LM,projected - raised from -7.7% to the 1.244% floor
Nigeria,NGA,2033,1501.389138,LM,projected,LM,projected - raised from -7.7% to the 1.244% floor
Nigeria,NGA,2034,1520.066419,LM,projected,LM,projected - raised from -7.7% to the 1.244% floor
Nigeria,NGA,2035,1538.976045,LM,projected,LM,projected - raised from -7.7% to the 1.244% floor
Nigeria,NGA,2036,1558.120907,LM,projected,LM,projected - raised from -7.7% to the 1.244% floor
Nigeria,NGA,2037,1577.503931,LM,projected,LM,projected - raised from -7.7% to the 1.244% floor
Nigeria,NGA,2038,1597.12808,LM,projected,LM,projected - raised from -7.7% to the 1.244% floor
Nigeria,NGA,2039,1616.996354,LM,projected,LM,projected - raised from -7.7% to the 1.244% floor
Nigeria,NGA,2040,1637.111788,LM,projected,LM,projected - raised from -7.7% to the 1.244% floor
Nigeria,NGA,2041,1657.477459,LM,projected,LM,projected - raised from -7.7% to the 1.244% floor
Nigeria,NGA,2042,1678.096478,LM,projected,LM,projected - raised from -7.7% to the 1.244% floor
Nigeria,NGA,2043,1698.971999,LM,projected,LM,projected - raised from -7.7% to the 1.244% floor
Nigeria,NGA,2044,1720.10721,LM,projected,LM,projected - raised from -7.7% to the 1.244% floor
Nigeria,NGA,2045,1741.505344,LM,projected,LM,projected - raised from -7.7% to the 1.244% floor
Nigeria,NGA,2046,1763.16967,LM,projected,LM,projected - raised from -7.7% to the 1.244% floor
Nigeria,NGA,2047,1785.103501,LM,projected,LM,projected - raised from -7.7% to the 1.244% floor
Nigeria,NGA,2048,1807.310189,LM,projected,LM,projected - raised from -7.7% to the 1.244% floor
Nigeria,NGA,2049,1829.793127,LM,projected,LM,projected - raised from -7.7% to the 1.244% floor
Nigeria,NGA,2050,1852.555754,LM,projected,LM,projected - raised from -7.7% to the 1.244% floor
North Macedonia,MKD,1992,1710.0,LM,actual,UM,projected
North Macedonia,MKD,1993,1440.0,LM,actual,UM,projected
North Macedonia,MKD,1994,1390.0,LM,actual,UM,projected
North Macedonia,MKD,1995,1780.0,LM,actual,UM,projected
North Macedonia,MKD,1996,2160.0,LM,actual,UM,projected
North Macedonia,MKD,1997,2220.0,LM,actual,UM,projected
North Macedonia,MKD,1998,2010.0,LM,actual,UM,projected
North Macedonia,MKD,1999,1910.0,LM,actual,UM,projected
North Macedonia,MKD,2000,1920.0,LM,actual,UM,projected
North Macedonia,MKD,2001,1820.0,LM,actual,UM,projected
North Macedonia,MKD,2002,1850.0,LM,actual,UM,projected
North Macedonia,MKD,2003,2120.0,LM,actual,UM,projected
North Macedonia,MKD,2004,2610.0,LM,actual,UM,projected
North Macedonia,MKD,2005,3070.0,LM,actual,UM,projected
North Macedonia,MKD,2006,3430.0,LM,actual,UM,projected
North Macedonia,MKD,2007,3730.0,LM,actual,UM,projected
North Macedonia,MKD,2008,4540.0,UM,actual,UM,projected
North Macedonia,MKD,2009,4860.0,UM,actual,UM,projected
North Macedonia,MKD,2010,5010.0,UM,actual,UM,projected
North Macedonia,MKD,2011,5140.0,UM,actual,UM,projected
North Macedonia,MKD,2012,5090.0,UM,actual,UM,projected
North Macedonia,MKD,2013,5400.0,UM,actual,UM,projected
North Macedonia,MKD,2014,5630.0,UM,actual,UM,projected
North Macedonia,MKD,2015,5550.0,UM,actual,UM,projected
North Macedonia,MKD,2016,5440.0,UM,actual,UM,projected
North Macedonia,MKD,2017,5390.0,UM,actual,UM,projected
North Macedonia,MKD,2018,6050.0,UM,actual,UM,projected
North Macedonia,MKD,2019,6520.0,UM,actual,UM,projected
North Macedonia,MKD,2020,6460.0,UM,actual,UM,projected
North Macedonia,MKD,2021,7050.0,UM,actual,UM,projected
North Macedonia,MKD,2022,7570.0,UM,actual,UM,projected
North Macedonia,MKD,2023,7940.0,UM,actual,UM,projected
North Macedonia,MKD,2024,8300.0,UM,actual,UM,projected
North Macedonia,MKD,2025,9490.0,UM,actual,UM,projected
North Macedonia,MKD,2026,10071.907876,UM,projected,UM,projected
North Macedonia,MKD,2027,10689.497183,UM,projected,UM,projected
North Macedonia,MKD,2028,11344.955835,UM,projected,UM,projected
North Macedonia,MKD,2029,12040.605904,UM,projected,UM,projected
North Macedonia,MKD,2030,12778.911849,UM,projected,UM,projected
North Macedonia,MKD,2031,13562.489241,UM,projected,UM,projected
North Macedonia,MKD,2032,14394.114037,UM,projected,UM,projected
North Macedonia,MKD,2033,15276.732407,UM,projected,UM,projected
North Macedonia,MKD,2034,16213.471176,H,projected,UM,projected
North Macedonia,MKD,2035,17207.648898,H,projected,UM,projected
North Macedonia,MKD,2036,18262.787615,H,projected,UM,projected
North Macedonia,MKD,2037,19382.625334,H,projected,UM,projected
North Macedonia,MKD,2038,20571.12927,H,projected,UM,projected
North Macedonia,MKD,2039,21832.509897,H,projected,UM,projected
North Macedonia,MKD,2040,23171.235868,H,projected,UM,projected
North Macedonia,MKD,2041,24592.049847,H,projected,UM,projected
North Macedonia,MKD,2042,26099.985305,H,projected,UM,projected
North Macedonia,MKD,2043,27700.384359,H,projected,UM,projected
North Macedonia,MKD,2044,29398.916692,H,projected,UM,projected
North Macedonia,MKD,2045,31201.59964,H,projected,UM,projected
North Macedonia,MKD,2046,33114.819512,H,projected,UM,projected
North Macedonia,MKD,2047,35145.354212,H,projected,UM,projected
North Macedonia,MKD,2048,37300.39725,H,projected,UM,projected
North Macedonia,MKD,2049,39587.58323,H,projected,UM,projected
North Macedonia,MKD,2050,42015.014894,H,projected,UM,projected
Northern Mariana Islands,MNP,1992,,LM,actual,H,frozen - only 0 of 10 annual rates
Northern Mariana Islands,MNP,1993,,LM,actual,H,frozen - only 0 of 10 annual rates
Northern Mariana Islands,MNP,1994,,LM,actual,H,frozen - only 0 of 10 annual rates
Northern Mariana Islands,MNP,1995,,H,actual,H,frozen - only 0 of 10 annual rates
Northern Mariana Islands,MNP,1996,,H,actual,H,frozen - only 0 of 10 annual rates
Northern Mariana Islands,MNP,1997,,H,actual,H,frozen - only 0 of 10 annual rates
Northern Mariana Islands,MNP,1998,,H,actual,H,frozen - only 0 of 10 annual rates
Northern Mariana Islands,MNP,1999,,H,actual,H,frozen - only 0 of 10 annual rates
Northern Mariana Islands,MNP,2000,,H,actual,H,frozen - only 0 of 10 annual rates
Northern Mariana Islands,MNP,2001,,H,actual,H,frozen - only 0 of 10 annual rates
Northern Mariana Islands,MNP,2002,,UM,actual,H,frozen - only 0 of 10 annual rates
Northern Mariana Islands,MNP,2003,,UM,actual,H,frozen - only 0 of 10 annual rates
Northern Mariana Islands,MNP,2004,,UM,actual,H,frozen - only 0 of 10 annual rates
Northern Mariana Islands,MNP,2005,,UM,actual,H,frozen - only 0 of 10 annual rates
Northern Mariana Islands,MNP,2006,,UM,actual,H,frozen - only 0 of 10 annual rates
Northern Mariana Islands,MNP,2007,,H,actual,H,frozen - only 0 of 10 annual rates
Northern Mariana Islands,MNP,2008,,H,actual,H,frozen - only 0 of 10 annual rates
Northern Mariana Islands,MNP,2009,,H,actual,H,frozen - only 0 of 10 annual rates
Northern Mariana Islands,MNP,2010,,H,actual,H,frozen - only 0 of 10 annual rates
Northern Mariana Islands,MNP,2011,,H,actual,H,frozen - only 0 of 10 annual rates
Northern Mariana Islands,MNP,2012,,H,actual,H,frozen - only 0 of 10 annual rates
Northern Mariana Islands,MNP,2013,,H,actual,H,frozen - only 0 of 10 annual rates
Northern Mariana Islands,MNP,2014,,H,actual,H,frozen - only 0 of 10 annual rates
Northern Mariana Islands,MNP,2015,,H,actual,H,frozen - only 0 of 10 annual rates
Northern Mariana Islands,MNP,2016,,H,actual,H,frozen - only 0 of 10 annual rates
Northern Mariana Islands,MNP,2017,,H,actual,H,frozen - only 0 of 10 annual rates
Northern Mariana Islands,MNP,2018,,H,actual,H,frozen - only 0 of 10 annual rates
Northern Mariana Islands,MNP,2019,,H,actual,H,frozen - only 0 of 10 annual rates
Northern Mariana Islands,MNP,2020,,H,actual,H,frozen - only 0 of 10 annual rates
Northern Mariana Islands,MNP,2021,,H,actual,H,frozen - only 0 of 10 annual rates
Northern Mariana Islands,MNP,2022,,H,actual,H,frozen - only 0 of 10 annual rates
Northern Mariana Islands,MNP,2023,,H,actual,H,frozen - only 0 of 10 annual rates
Northern Mariana Islands,MNP,2024,,H,actual,H,frozen - only 0 of 10 annual rates
Northern Mariana Islands,MNP,2025,,H,actual,H,frozen - only 0 of 10 annual rates
Northern Mariana Islands,MNP,2026,,H,projected,H,frozen - only 0 of 10 annual rates
Northern Mariana Islands,MNP,2027,,H,projected,H,frozen - only 0 of 10 annual rates
Northern Mariana Islands,MNP,2028,,H,projected,H,frozen - only 0 of 10 annual rates
Northern Mariana Islands,MNP,2029,,H,projected,H,frozen - only 0 of 10 annual rates
Northern Mariana Islands,MNP,2030,,H,projected,H,frozen - only 0 of 10 annual rates
Northern Mariana Islands,MNP,2031,,H,projected,H,frozen - only 0 of 10 annual rates
Northern Mariana Islands,MNP,2032,,H,projected,H,frozen - only 0 of 10 annual rates
Northern Mariana Islands,MNP,2033,,H,projected,H,frozen - only 0 of 10 annual rates
Northern Mariana Islands,MNP,2034,,H,projected,H,frozen - only 0 of 10 annual rates
Northern Mariana Islands,MNP,2035,,H,projected,H,frozen - only 0 of 10 annual rates
Northern Mariana Islands,MNP,2036,,H,projected,H,frozen - only 0 of 10 annual rates
Northern Mariana Islands,MNP,2037,,H,projected,H,frozen - only 0 of 10 annual rates
Northern Mariana Islands,MNP,2038,,H,projected,H,frozen - only 0 of 10 annual rates
Northern Mariana Islands,MNP,2039,,H,projected,H,frozen - only 0 of 10 annual rates
Northern Mariana Islands,MNP,2040,,H,projected,H,frozen - only 0 of 10 annual rates
Northern Mariana Islands,MNP,2041,,H,projected,H,frozen - only 0 of 10 annual rates
Northern Mariana Islands,MNP,2042,,H,projected,H,frozen - only 0 of 10 annual rates
Northern Mariana Islands,MNP,2043,,H,projected,H,frozen - only 0 of 10 annual rates
Northern Mariana Islands,MNP,2044,,H,projected,H,frozen - only 0 of 10 annual rates
Northern Mariana Islands,MNP,2045,,H,projected,H,frozen - only 0 of 10 annual rates
Northern Mariana Islands,MNP,2046,,H,projected,H,frozen - only 0 of 10 annual rates
Northern Mariana Islands,MNP,2047,,H,projected,H,frozen - only 0 of 10 annual rates
Northern Mariana Islands,MNP,2048,,H,projected,H,frozen - only 0 of 10 annual rates
Northern Mariana Islands,MNP,2049,,H,projected,H,frozen - only 0 of 10 annual rates
Northern Mariana Islands,MNP,2050,,H,projected,H,frozen - only 0 of 10 annual rates
Norway,NOR,1987,20830.0,H,actual,H,projected - raised from -0.1% to the 1.244% floor
Norway,NOR,1988,23970.0,H,actual,H,projected - raised from -0.1% to the 1.244% floor
Norway,NOR,1989,25080.0,H,actual,H,projected - raised from -0.1% to the 1.244% floor
Norway,NOR,1990,26500.0,H,actual,H,projected - raised from -0.1% to the 1.244% floor
Norway,NOR,1991,27820.0,H,actual,H,projected - raised from -0.1% to the 1.244% floor
Norway,NOR,1992,30790.0,H,actual,H,projected - raised from -0.1% to the 1.244% floor
Norway,NOR,1993,30210.0,H,actual,H,projected - raised from -0.1% to the 1.244% floor
Norway,NOR,1994,30850.0,H,actual,H,projected - raised from -0.1% to the 1.244% floor
Norway,NOR,1995,32690.0,H,actual,H,projected - raised from -0.1% to the 1.244% floor
Norway,NOR,1996,35790.0,H,actual,H,projected - raised from -0.1% to the 1.244% floor
Norway,NOR,1997,37900.0,H,actual,H,projected - raised from -0.1% to the 1.244% floor
Norway,NOR,1998,36120.0,H,actual,H,projected - raised from -0.1% to the 1.244% floor
Norway,NOR,1999,35560.0,H,actual,H,projected - raised from -0.1% to the 1.244% floor
Norway,NOR,2000,36580.0,H,actual,H,projected - raised from -0.1% to the 1.244% floor
Norway,NOR,2001,38260.0,H,actual,H,projected - raised from -0.1% to the 1.244% floor
Norway,NOR,2002,39930.0,H,actual,H,projected - raised from -0.1% to the 1.244% floor
Norway,NOR,2003,44810.0,H,actual,H,projected - raised from -0.1% to the 1.244% floor
Norway,NOR,2004,54310.0,H,actual,H,projected - raised from -0.1% to the 1.244% floor
Norway,NOR,2005,64050.0,H,actual,H,projected - raised from -0.1% to the 1.244% floor
Norway,NOR,2006,70300.0,H,actual,H,projected - raised from -0.1% to the 1.244% floor
Norway,NOR,2007,78780.0,H,actual,H,projected - raised from -0.1% to the 1.244% floor
Norway,NOR,2008,87920.0,H,actual,H,projected - raised from -0.1% to the 1.244% floor
Norway,NOR,2009,88100.0,H,actual,H,projected - raised from -0.1% to the 1.244% floor
Norway,NOR,2010,88970.0,H,actual,H,projected - raised from -0.1% to the 1.244% floor
Norway,NOR,2011,91010.0,H,actual,H,projected - raised from -0.1% to the 1.244% floor
Norway,NOR,2012,99780.0,H,actual,H,projected - raised from -0.1% to the 1.244% floor
Norway,NOR,2013,104810.0,H,actual,H,projected - raised from -0.1% to the 1.244% floor
Norway,NOR,2014,105010.0,H,actual,H,projected - raised from -0.1% to the 1.244% floor
Norway,NOR,2015,93290.0,H,actual,H,projected - raised from -0.1% to the 1.244% floor
Norway,NOR,2016,81840.0,H,actual,H,projected - raised from -0.1% to the 1.244% floor
Norway,NOR,2017,76270.0,H,actual,H,projected - raised from -0.1% to the 1.244% floor
Norway,NOR,2018,81200.0,H,actual,H,projected - raised from -0.1% to the 1.244% floor
Norway,NOR,2019,82500.0,H,actual,H,projected - raised from -0.1% to the 1.244% floor
Norway,NOR,2020,78460.0,H,actual,H,projected - raised from -0.1% to the 1.244% floor
Norway,NOR,2021,83640.0,H,actual,H,projected - raised from -0.1% to the 1.244% floor
Norway,NOR,2022,97270.0,H,actual,H,projected - raised from -0.1% to the 1.244% floor
Norway,NOR,2023,101840.0,H,actual,H,projected - raised from -0.1% to the 1.244% floor
Norway,NOR,2024,100030.0,H,actual,H,projected - raised from -0.1% to the 1.244% floor
Norway,NOR,2025,97310.0,H,actual,H,projected - raised from -0.1% to the 1.244% floor
Norway,NOR,2026,98520.5364,H,projected,H,projected - raised from -0.1% to the 1.244% floor
Norway,NOR,2027,99746.131873,H,projected,H,projected - raised from -0.1% to the 1.244% floor
Norway,NOR,2028,100986.973753,H,projected,H,projected - raised from -0.1% to the 1.244% floor
Norway,NOR,2029,102243.251707,H,projected,H,projected - raised from -0.1% to the 1.244% floor
Norway,NOR,2030,103515.157758,H,projected,H,projected - raised from -0.1% to the 1.244% floor
Norway,NOR,2031,104802.886321,H,projected,H,projected - raised from -0.1% to the 1.244% floor
Norway,NOR,2032,106106.634226,H,projected,H,projected - raised from -0.1% to the 1.244% floor
Norway,NOR,2033,107426.600756,H,projected,H,projected - raised from -0.1% to the 1.244% floor
Norway,NOR,2034,108762.98767,H,projected,H,projected - raised from -0.1% to the 1.244% floor
Norway,NOR,2035,110115.999236,H,projected,H,projected - raised from -0.1% to the 1.244% floor
Norway,NOR,2036,111485.842267,H,projected,H,projected - raised from -0.1% to the 1.244% floor
Norway,NOR,2037,112872.726144,H,projected,H,projected - raised from -0.1% to the 1.244% floor
Norway,NOR,2038,114276.862858,H,projected,H,projected - raised from -0.1% to the 1.244% floor
Norway,NOR,2039,115698.467032,H,projected,H,projected - raised from -0.1% to the 1.244% floor
Norway,NOR,2040,117137.755962,H,projected,H,projected - raised from -0.1% to the 1.244% floor
Norway,NOR,2041,118594.949646,H,projected,H,projected - raised from -0.1% to the 1.244% floor
Norway,NOR,2042,120070.270819,H,projected,H,projected - raised from -0.1% to the 1.244% floor
Norway,NOR,2043,121563.944988,H,projected,H,projected - raised from -0.1% to the 1.244% floor
Norway,NOR,2044,123076.200464,H,projected,H,projected - raised from -0.1% to the 1.244% floor
Norway,NOR,2045,124607.268398,H,projected,H,projected - raised from -0.1% to the 1.244% floor
Norway,NOR,2046,126157.382817,H,projected,H,projected - raised from -0.1% to the 1.244% floor
Norway,NOR,2047,127726.780659,H,projected,H,projected - raised from -0.1% to the 1.244% floor
Norway,NOR,2048,129315.70181,H,projected,H,projected - raised from -0.1% to the 1.244% floor
Norway,NOR,2049,130924.389141,H,projected,H,projected - raised from -0.1% to the 1.244% floor
Norway,NOR,2050,132553.088542,H,projected,H,projected - raised from -0.1% to the 1.244% floor
Oman,OMN,1987,5820.0,UM,actual,H,projected
Oman,OMN,1988,5500.0,UM,actual,H,projected
Oman,OMN,1989,5880.0,UM,actual,H,projected
Oman,OMN,1990,6110.0,UM,actual,H,projected
Oman,OMN,1991,6710.0,UM,actual,H,projected
Oman,OMN,1992,7610.0,UM,actual,H,projected
Oman,OMN,1993,7370.0,UM,actual,H,projected
Oman,OMN,1994,7270.0,UM,actual,H,projected
Oman,OMN,1995,7460.0,UM,actual,H,projected
Oman,OMN,1996,7680.0,UM,actual,H,projected
Oman,OMN,1997,8000.0,UM,actual,H,projected
Oman,OMN,1998,7460.0,UM,actual,H,projected
Oman,OMN,1999,7270.0,UM,actual,H,projected
Oman,OMN,2000,8070.0,UM,actual,H,projected
Oman,OMN,2001,8940.0,UM,actual,H,projected
Oman,OMN,2002,9210.0,UM,actual,H,projected
Oman,OMN,2003,9640.0,UM,actual,H,projected
Oman,OMN,2004,11050.0,UM,actual,H,projected
Oman,OMN,2005,12590.0,UM,actual,H,projected
Oman,OMN,2006,14850.0,UM,actual,H,projected
Oman,OMN,2007,17290.0,H,actual,H,projected
Oman,OMN,2008,21190.0,H,actual,H,projected
Oman,OMN,2009,22010.0,H,actual,H,projected
Oman,OMN,2010,22510.0,H,actual,H,projected
Oman,OMN,2011,20820.0,H,actual,H,projected
Oman,OMN,2012,21960.0,H,actual,H,projected
Oman,OMN,2013,22920.0,H,actual,H,projected
Oman,OMN,2014,22060.0,H,actual,H,projected
Oman,OMN,2015,20560.0,H,actual,H,projected
Oman,OMN,2016,18550.0,H,actual,H,projected
Oman,OMN,2017,16640.0,H,actual,H,projected
Oman,OMN,2018,17250.0,H,actual,H,projected
Oman,OMN,2019,17860.0,H,actual,H,projected
Oman,OMN,2020,17190.0,H,actual,H,projected
Oman,OMN,2021,17910.0,H,actual,H,projected
Oman,OMN,2022,19270.0,H,actual,H,projected
Oman,OMN,2023,19950.0,H,actual,H,projected
Oman,OMN,2024,19520.0,H,actual,H,projected
Oman,OMN,2025,,H,actual,H,projected
Oman,OMN,2026,20208.822003,H,projected,H,projected
Oman,OMN,2027,20921.951166,H,projected,H,projected
Oman,OMN,2028,21660.245239,H,projected,H,projected
Oman,OMN,2029,22424.592243,H,projected,H,projected
Oman,OMN,2030,23215.911533,H,projected,H,projected
Oman,OMN,2031,24035.154908,H,projected,H,projected
Oman,OMN,2032,24883.307754,H,projected,H,projected
Oman,OMN,2033,25761.390228,H,projected,H,projected
Oman,OMN,2034,26670.458487,H,projected,H,projected
Oman,OMN,2035,27611.605959,H,projected,H,projected
Oman,OMN,2036,28585.964654,H,projected,H,projected
Oman,OMN,2037,29594.70653,H,projected,H,projected
Oman,OMN,2038,30639.044903,H,projected,H,projected
Oman,OMN,2039,31720.235901,H,projected,H,projected
Oman,OMN,2040,32839.579981,H,projected,H,projected
Oman,OMN,2041,33998.423488,H,projected,H,projected
Oman,OMN,2042,35198.160279,H,projected,H,projected
Oman,OMN,2043,36440.233398,H,projected,H,projected
Oman,OMN,2044,37726.136808,H,projected,H,projected
Oman,OMN,2045,39057.417193,H,projected,H,projected
Oman,OMN,2046,40435.675818,H,projected,H,projected
Oman,OMN,2047,41862.570449,H,projected,H,projected
Oman,OMN,2048,43339.817357,H,projected,H,projected
Oman,OMN,2049,44869.193372,H,projected,H,projected
Oman,OMN,2050,46452.538026,H,projected,H,projected
Pakistan,PAK,1987,350.0,L,actual,LM,projected
Pakistan,PAK,1988,370.0,L,actual,LM,projected
Pakistan,PAK,1989,370.0,L,actual,LM,projected
Pakistan,PAK,1990,370.0,L,actual,LM,projected
Pakistan,PAK,1991,370.0,L,actual,LM,projected
Pakistan,PAK,1992,400.0,L,actual,LM,projected
Pakistan,PAK,1993,400.0,L,actual,LM,projected
Pakistan,PAK,1994,400.0,L,actual,LM,projected
Pakistan,PAK,1995,430.0,L,actual,LM,projected
Pakistan,PAK,1996,440.0,L,actual,LM,projected
Pakistan,PAK,1997,430.0,L,actual,LM,projected
Pakistan,PAK,1998,410.0,L,actual,LM,projected
Pakistan,PAK,1999,410.0,L,actual,LM,projected
Pakistan,PAK,2000,470.0,L,actual,LM,projected
Pakistan,PAK,2001,530.0,L,actual,LM,projected
Pakistan,PAK,2002,600.0,L,actual,LM,projected
Pakistan,PAK,2003,640.0,L,actual,LM,projected
Pakistan,PAK,2004,740.0,L,actual,LM,projected
Pakistan,PAK,2005,830.0,L,actual,LM,projected
Pakistan,PAK,2006,890.0,L,actual,LM,projected
Pakistan,PAK,2007,940.0,L,actual,LM,projected
Pakistan,PAK,2008,1000.0,LM,actual,LM,projected
Pakistan,PAK,2009,1020.0,LM,actual,LM,projected
Pakistan,PAK,2010,1000.0,LM,actual,LM,projected
Pakistan,PAK,2011,1020.0,LM,actual,LM,projected
Pakistan,PAK,2012,1110.0,LM,actual,LM,projected
Pakistan,PAK,2013,1210.0,LM,actual,LM,projected
Pakistan,PAK,2014,1250.0,LM,actual,LM,projected
Pakistan,PAK,2015,1280.0,LM,actual,LM,projected
Pakistan,PAK,2016,1360.0,LM,actual,LM,projected
Pakistan,PAK,2017,1450.0,LM,actual,LM,projected
Pakistan,PAK,2018,1560.0,LM,actual,LM,projected
Pakistan,PAK,2019,1520.0,LM,actual,LM,projected
Pakistan,PAK,2020,1370.0,LM,actual,LM,projected
Pakistan,PAK,2021,1420.0,LM,actual,LM,projected
Pakistan,PAK,2022,1510.0,LM,actual,LM,projected
Pakistan,PAK,2023,1450.0,LM,actual,LM,projected
Pakistan,PAK,2024,1430.0,LM,actual,LM,projected
Pakistan,PAK,2025,1500.0,LM,actual,LM,projected
Pakistan,PAK,2026,1564.085549,LM,projected,LM,projected
Pakistan,PAK,2027,1630.909071,LM,projected,LM,projected
Pakistan,PAK,2028,1700.58754,LM,projected,LM,projected
Pakistan,PAK,2029,1773.242931,LM,projected,LM,projected
Pakistan,PAK,2030,1849.00243,LM,projected,LM,projected
Pakistan,PAK,2031,1927.998654,LM,projected,LM,projected
Pakistan,PAK,2032,2010.36989,LM,projected,LM,projected
Pakistan,PAK,2033,2096.260329,LM,projected,LM,projected
Pakistan,PAK,2034,2185.820326,LM,projected,LM,projected
Pakistan,PAK,2035,2279.206657,LM,projected,LM,projected
Pakistan,PAK,2036,2376.582798,LM,projected,LM,projected
Pakistan,PAK,2037,2478.119207,LM,projected,LM,projected
Pakistan,PAK,2038,2583.993628,LM,projected,LM,projected
Pakistan,PAK,2039,2694.391396,LM,projected,LM,projected
Pakistan,PAK,2040,2809.505764,LM,projected,LM,projected
Pakistan,PAK,2041,2929.538245,LM,projected,LM,projected
Pakistan,PAK,2042,3054.698957,LM,projected,LM,projected
Pakistan,PAK,2043,3185.206998,LM,projected,LM,projected
Pakistan,PAK,2044,3321.290825,LM,projected,LM,projected
Pakistan,PAK,2045,3463.188656,LM,projected,LM,projected
Pakistan,PAK,2046,3611.148889,LM,projected,LM,projected
Pakistan,PAK,2047,3765.430529,LM,projected,LM,projected
Pakistan,PAK,2048,3926.303652,LM,projected,LM,projected
Pakistan,PAK,2049,4094.04987,LM,projected,LM,projected
Pakistan,PAK,2050,4268.962827,LM,projected,LM,projected
Palau,PLW,1987,5270.0,,actual,H,projected
Palau,PLW,1988,6040.0,,actual,H,projected
Palau,PLW,1989,6490.0,,actual,H,projected
Palau,PLW,1990,7020.0,,actual,H,projected
Palau,PLW,1991,7580.0,,actual,H,projected
Palau,PLW,1992,7380.0,,actual,H,projected
Palau,PLW,1993,6560.0,,actual,H,projected
Palau,PLW,1994,7120.0,,actual,H,projected
Palau,PLW,1995,8010.0,,actual,H,projected
Palau,PLW,1996,8770.0,UM,actual,H,projected
Palau,PLW,1997,8780.0,UM,actual,H,projected
Palau,PLW,1998,8690.0,UM,actual,H,projected
Palau,PLW,1999,8250.0,UM,actual,H,projected
Palau,PLW,2000,6860.0,UM,actual,H,projected
Palau,PLW,2001,7520.0,UM,actual,H,projected
Palau,PLW,2002,7740.0,UM,actual,H,projected
Palau,PLW,2003,7790.0,UM,actual,H,projected
Palau,PLW,2004,8370.0,UM,actual,H,projected
Palau,PLW,2005,8910.0,UM,actual,H,projected
Palau,PLW,2006,9300.0,UM,actual,H,projected
Palau,PLW,2007,9700.0,UM,actual,H,projected
Palau,PLW,2008,9780.0,UM,actual,H,projected
Palau,PLW,2009,9880.0,UM,actual,H,projected
Palau,PLW,2010,9860.0,UM,actual,H,projected
Palau,PLW,2011,10560.0,UM,actual,H,projected
Palau,PLW,2012,11170.0,UM,actual,H,projected
Palau,PLW,2013,11800.0,UM,actual,H,projected
Palau,PLW,2014,12730.0,UM,actual,H,projected
Palau,PLW,2015,14180.0,UM,actual,H,projected
Palau,PLW,2016,14970.0,H,actual,H,projected
Palau,PLW,2017,15520.0,H,actual,H,projected
Palau,PLW,2018,16040.0,H,actual,H,projected
Palau,PLW,2019,16280.0,H,actual,H,projected
Palau,PLW,2020,15440.0,H,actual,H,projected
Palau,PLW,2021,13980.0,UM,actual,H,projected
Palau,PLW,2022,14100.0,UM,actual,H,projected
Palau,PLW,2023,14750.0,H,actual,H,projected
Palau,PLW,2024,16920.0,H,actual,H,projected
Palau,PLW,2025,19890.0,H,actual,H,projected
Palau,PLW,2026,20588.589524,H,projected,H,projected
Palau,PLW,2027,21311.715365,H,projected,H,projected
Palau,PLW,2028,22060.239301,H,projected,H,projected
Palau,PLW,2029,22835.053383,H,projected,H,projected
Palau,PLW,2030,23637.080989,H,projected,H,projected
Palau,PLW,2031,24467.27793,H,projected,H,projected
Palau,PLW,2032,25326.633589,H,projected,H,projected
Palau,PLW,2033,26216.172097,H,projected,H,projected
Palau,PLW,2034,27136.953555,H,projected,H,projected
Palau,PLW,2035,28090.075298,H,projected,H,projected
Palau,PLW,2036,29076.673204,H,projected,H,projected
Palau,PLW,2037,30097.923043,H,projected,H,projected
Palau,PLW,2038,31155.041884,H,projected,H,projected
Palau,PLW,2039,32249.289541,H,projected,H,projected
Palau,PLW,2040,33381.970076,H,projected,H,projected
Palau,PLW,2041,34554.433354,H,projected,H,projected
Palau,PLW,2042,35768.07665,H,projected,H,projected
Palau,PLW,2043,37024.346316,H,projected,H,projected
Palau,PLW,2044,38324.739503,H,projected,H,projected
Palau,PLW,2045,39670.805945,H,projected,H,projected
Palau,PLW,2046,41064.149809,H,projected,H,projected
Palau,PLW,2047,42506.431604,H,projected,H,projected
Palau,PLW,2048,43999.370157,H,projected,H,projected
Palau,PLW,2049,45544.744671,H,projected,H,projected
Palau,PLW,2050,47144.396834,H,projected,H,projected
Panama,PAN,1987,3290.0,UM,actual,H,projected
Panama,PAN,1988,2770.0,LM,actual,H,projected
Panama,PAN,1989,2570.0,LM,actual,H,projected
Panama,PAN,1990,2660.0,LM,actual,H,projected
Panama,PAN,1991,2750.0,LM,actual,H,projected
Panama,PAN,1992,3030.0,LM,actual,H,projected
Panama,PAN,1993,3260.0,LM,actual,H,projected
Panama,PAN,1994,3430.0,LM,actual,H,projected
Panama,PAN,1995,3430.0,LM,actual,H,projected
Panama,PAN,1996,3500.0,LM,actual,H,projected
Panama,PAN,1997,3490.0,LM,actual,H,projected
Panama,PAN,1998,3510.0,UM,actual,H,projected
Panama,PAN,1999,3620.0,UM,actual,H,projected
Panama,PAN,2000,3810.0,UM,actual,H,projected
Panama,PAN,2001,3770.0,UM,actual,H,projected
Panama,PAN,2002,3890.0,UM,actual,H,projected
Panama,PAN,2003,4030.0,UM,actual,H,projected
Panama,PAN,2004,4490.0,UM,actual,H,projected
Panama,PAN,2005,4880.0,UM,actual,H,projected
Panama,PAN,2006,5270.0,UM,actual,H,projected
Panama,PAN,2007,5990.0,UM,actual,H,projected
Panama,PAN,2008,6770.0,UM,actual,H,projected
Panama,PAN,2009,7120.0,UM,actual,H,projected
Panama,PAN,2010,7500.0,UM,actual,H,projected
Panama,PAN,2011,8860.0,UM,actual,H,projected
Panama,PAN,2012,9870.0,UM,actual,H,projected
Panama,PAN,2013,10950.0,UM,actual,H,projected
Panama,PAN,2014,11520.0,UM,actual,H,projected
Panama,PAN,2015,12570.0,UM,actual,H,projected
Panama,PAN,2016,13180.0,UM,actual,H,projected
Panama,PAN,2017,14230.0,H,actual,H,projected
Panama,PAN,2018,14910.0,H,actual,H,projected
Panama,PAN,2019,15640.0,H,actual,H,projected
Panama,PAN,2020,13070.0,UM,actual,H,projected
Panama,PAN,2021,14920.0,H,actual,H,projected
Panama,PAN,2022,17130.0,H,actual,H,projected
Panama,PAN,2023,17830.0,H,actual,H,projected
Panama,PAN,2024,17950.0,H,actual,H,projected
Panama,PAN,2025,19140.0,H,actual,H,projected
Panama,PAN,2026,20072.966582,H,projected,H,projected
Panama,PAN,2027,21051.410001,H,projected,H,projected
Panama,PAN,2028,22077.546994,H,projected,H,projected
Panama,PAN,2029,23153.702352,H,projected,H,projected
Panama,PAN,2030,24282.314189,H,projected,H,projected
Panama,PAN,2031,25465.939459,H,projected,H,projected
Panama,PAN,2032,26707.259757,H,projected,H,projected
Panama,PAN,2033,28009.087388,H,projected,H,projected
Panama,PAN,2034,29374.371742,H,projected,H,projected
Panama,PAN,2035,30806.205975,H,projected,H,projected
Panama,PAN,2036,32307.834016,H,projected,H,projected
Panama,PAN,2037,33882.657918,H,projected,H,projected
Panama,PAN,2038,35534.245564,H,projected,H,projected
Panama,PAN,2039,37266.338753,H,projected,H,projected
Panama,PAN,2040,39082.861674,H,projected,H,projected
Panama,PAN,2041,40987.929798,H,projected,H,projected
Panama,PAN,2042,42985.859201,H,projected,H,projected
Panama,PAN,2043,45081.176345,H,projected,H,projected
Panama,PAN,2044,47278.628332,H,projected,H,projected
Panama,PAN,2045,49583.193655,H,projected,H,projected
Panama,PAN,2046,52000.093484,H,projected,H,projected
Panama,PAN,2047,54534.803489,H,projected,H,projected
Panama,PAN,2048,57193.066249,H,projected,H,projected
Panama,PAN,2049,59980.904261,H,projected,H,projected
Panama,PAN,2050,62904.633585,H,projected,H,projected
Papua New Guinea,PNG,1987,810.0,LM,actual,LM,projected - raised from 0.5% to the 1.244% floor
Papua New Guinea,PNG,1988,940.0,LM,actual,LM,projected - raised from 0.5% to the 1.244% floor
Papua New Guinea,PNG,1989,950.0,LM,actual,LM,projected - raised from 0.5% to the 1.244% floor
Papua New Guinea,PNG,1990,880.0,LM,actual,LM,projected - raised from 0.5% to the 1.244% floor
Papua New Guinea,PNG,1991,920.0,LM,actual,LM,projected - raised from 0.5% to the 1.244% floor
Papua New Guinea,PNG,1992,970.0,LM,actual,LM,projected - raised from 0.5% to the 1.244% floor
Papua New Guinea,PNG,1993,1120.0,LM,actual,LM,projected - raised from 0.5% to the 1.244% floor
Papua New Guinea,PNG,1994,1160.0,LM,actual,LM,projected - raised from 0.5% to the 1.244% floor
Papua New Guinea,PNG,1995,1060.0,LM,actual,LM,projected - raised from 0.5% to the 1.244% floor
Papua New Guinea,PNG,1996,1030.0,LM,actual,LM,projected - raised from 0.5% to the 1.244% floor
Papua New Guinea,PNG,1997,930.0,LM,actual,LM,projected - raised from 0.5% to the 1.244% floor
Papua New Guinea,PNG,1998,770.0,LM,actual,LM,projected - raised from 0.5% to the 1.244% floor
Papua New Guinea,PNG,1999,670.0,LM,actual,LM,projected - raised from 0.5% to the 1.244% floor
Papua New Guinea,PNG,2000,600.0,LM,actual,LM,projected - raised from 0.5% to the 1.244% floor
Papua New Guinea,PNG,2001,530.0,L,actual,LM,projected - raised from 0.5% to the 1.244% floor
Papua New Guinea,PNG,2002,490.0,L,actual,LM,projected - raised from 0.5% to the 1.244% floor
Papua New Guinea,PNG,2003,480.0,L,actual,LM,projected - raised from 0.5% to the 1.244% floor
Papua New Guinea,PNG,2004,540.0,L,actual,LM,projected - raised from 0.5% to the 1.244% floor
Papua New Guinea,PNG,2005,650.0,L,actual,LM,projected - raised from 0.5% to the 1.244% floor
Papua New Guinea,PNG,2006,780.0,L,actual,LM,projected - raised from 0.5% to the 1.244% floor
Papua New Guinea,PNG,2007,1040.0,L,actual,LM,projected - raised from 0.5% to the 1.244% floor
Papua New Guinea,PNG,2008,1360.0,LM,actual,LM,projected - raised from 0.5% to the 1.244% floor
Papua New Guinea,PNG,2009,1460.0,LM,actual,LM,projected - raised from 0.5% to the 1.244% floor
Papua New Guinea,PNG,2010,1660.0,LM,actual,LM,projected - raised from 0.5% to the 1.244% floor
Papua New Guinea,PNG,2011,1730.0,LM,actual,LM,projected - raised from 0.5% to the 1.244% floor
Papua New Guinea,PNG,2012,2150.0,LM,actual,LM,projected - raised from 0.5% to the 1.244% floor
Papua New Guinea,PNG,2013,2340.0,LM,actual,LM,projected - raised from 0.5% to the 1.244% floor
Papua New Guinea,PNG,2014,2790.0,LM,actual,LM,projected - raised from 0.5% to the 1.244% floor
Papua New Guinea,PNG,2015,2520.0,LM,actual,LM,projected - raised from 0.5% to the 1.244% floor
Papua New Guinea,PNG,2016,2410.0,LM,actual,LM,projected - raised from 0.5% to the 1.244% floor
Papua New Guinea,PNG,2017,2310.0,LM,actual,LM,projected - raised from 0.5% to the 1.244% floor
Papua New Guinea,PNG,2018,2310.0,LM,actual,LM,projected - raised from 0.5% to the 1.244% floor
Papua New Guinea,PNG,2019,2420.0,LM,actual,LM,projected - raised from 0.5% to the 1.244% floor
Papua New Guinea,PNG,2020,2410.0,LM,actual,LM,projected - raised from 0.5% to the 1.244% floor
Papua New Guinea,PNG,2021,2370.0,LM,actual,LM,projected - raised from 0.5% to the 1.244% floor
Papua New Guinea,PNG,2022,2690.0,LM,actual,LM,projected - raised from 0.5% to the 1.244% floor
Papua New Guinea,PNG,2023,2800.0,LM,actual,LM,projected - raised from 0.5% to the 1.244% floor
Papua New Guinea,PNG,2024,2860.0,LM,actual,LM,projected - raised from 0.5% to the 1.244% floor
Papua New Guinea,PNG,2025,2890.0,LM,actual,LM,projected - raised from 0.5% to the 1.244% floor
Papua New Guinea,PNG,2026,2925.9516,LM,projected,LM,projected - raised from 0.5% to the 1.244% floor
Papua New Guinea,PNG,2027,2962.350438,LM,projected,LM,projected - raised from 0.5% to the 1.244% floor
Papua New Guinea,PNG,2028,2999.202077,LM,projected,LM,projected - raised from 0.5% to the 1.244% floor
Papua New Guinea,PNG,2029,3036.512151,LM,projected,LM,projected - raised from 0.5% to the 1.244% floor
Papua New Guinea,PNG,2030,3074.286362,LM,projected,LM,projected - raised from 0.5% to the 1.244% floor
Papua New Guinea,PNG,2031,3112.530485,LM,projected,LM,projected - raised from 0.5% to the 1.244% floor
Papua New Guinea,PNG,2032,3151.250364,LM,projected,LM,projected - raised from 0.5% to the 1.244% floor
Papua New Guinea,PNG,2033,3190.451918,LM,projected,LM,projected - raised from 0.5% to the 1.244% floor
Papua New Guinea,PNG,2034,3230.14114,LM,projected,LM,projected - raised from 0.5% to the 1.244% floor
Papua New Guinea,PNG,2035,3270.324096,LM,projected,LM,projected - raised from 0.5% to the 1.244% floor
Papua New Guinea,PNG,2036,3311.006928,LM,projected,LM,projected - raised from 0.5% to the 1.244% floor
Papua New Guinea,PNG,2037,3352.195854,LM,projected,LM,projected - raised from 0.5% to the 1.244% floor
Papua New Guinea,PNG,2038,3393.89717,LM,projected,LM,projected - raised from 0.5% to the 1.244% floor
Papua New Guinea,PNG,2039,3436.117251,LM,projected,LM,projected - raised from 0.5% to the 1.244% floor
Papua New Guinea,PNG,2040,3478.86255,LM,projected,LM,projected - raised from 0.5% to the 1.244% floor
Papua New Guinea,PNG,2041,3522.1396,LM,projected,LM,projected - raised from 0.5% to the 1.244% floor
Papua New Guinea,PNG,2042,3565.955017,LM,projected,LM,projected - raised from 0.5% to the 1.244% floor
Papua New Guinea,PNG,2043,3610.315497,LM,projected,LM,projected - raised from 0.5% to the 1.244% floor
Papua New Guinea,PNG,2044,3655.227822,LM,projected,LM,projected - raised from 0.5% to the 1.244% floor
Papua New Guinea,PNG,2045,3700.698856,LM,projected,LM,projected - raised from 0.5% to the 1.244% floor
Papua New Guinea,PNG,2046,3746.73555,LM,projected,LM,projected - raised from 0.5% to the 1.244% floor
Papua New Guinea,PNG,2047,3793.34494,LM,projected,LM,projected - raised from 0.5% to the 1.244% floor
Papua New Guinea,PNG,2048,3840.534151,LM,projected,LM,projected - raised from 0.5% to the 1.244% floor
Papua New Guinea,PNG,2049,3888.310396,LM,projected,LM,projected - raised from 0.5% to the 1.244% floor
Papua New Guinea,PNG,2050,3936.680977,LM,projected,LM,projected - raised from 0.5% to the 1.244% floor
Paraguay,PRY,1987,1050.0,LM,actual,UM,projected
Paraguay,PRY,1988,1150.0,LM,actual,UM,projected
Paraguay,PRY,1989,1190.0,LM,actual,UM,projected
Paraguay,PRY,1990,1240.0,LM,actual,UM,projected
Paraguay,PRY,1991,1320.0,LM,actual,UM,projected
Paraguay,PRY,1992,1490.0,LM,actual,UM,projected
Paraguay,PRY,1993,1690.0,LM,actual,UM,projected
Paraguay,PRY,1994,1620.0,LM,actual,UM,projected
Paraguay,PRY,1995,1750.0,LM,actual,UM,projected
Paraguay,PRY,1996,1920.0,LM,actual,UM,projected
Paraguay,PRY,1997,1920.0,LM,actual,UM,projected
Paraguay,PRY,1998,1800.0,LM,actual,UM,projected
Paraguay,PRY,1999,1670.0,LM,actual,UM,projected
Paraguay,PRY,2000,1500.0,LM,actual,UM,projected
Paraguay,PRY,2001,1470.0,LM,actual,UM,projected
Paraguay,PRY,2002,1400.0,LM,actual,UM,projected
Paraguay,PRY,2003,1300.0,LM,actual,UM,projected
Paraguay,PRY,2004,1440.0,LM,actual,UM,projected
Paraguay,PRY,2005,1620.0,LM,actual,UM,projected
Paraguay,PRY,2006,1980.0,LM,actual,UM,projected
Paraguay,PRY,2007,2500.0,LM,actual,UM,projected
Paraguay,PRY,2008,3320.0,LM,actual,UM,projected
Paraguay,PRY,2009,3740.0,LM,actual,UM,projected
Paraguay,PRY,2010,4410.0,LM,actual,UM,projected
Paraguay,PRY,2011,4840.0,LM,actual,UM,projected
Paraguay,PRY,2012,5160.0,LM,actual,UM,projected
Paraguay,PRY,2013,5970.0,LM,actual,UM,projected
Paraguay,PRY,2014,6280.0,UM,actual,UM,projected
Paraguay,PRY,2015,6100.0,UM,actual,UM,projected
Paraguay,PRY,2016,5870.0,UM,actual,UM,projected
Paraguay,PRY,2017,5810.0,UM,actual,UM,projected
Paraguay,PRY,2018,6060.0,UM,actual,UM,projected
Paraguay,PRY,2019,5950.0,UM,actual,UM,projected
Paraguay,PRY,2020,5550.0,UM,actual,UM,projected
Paraguay,PRY,2021,5720.0,UM,actual,UM,projected
Paraguay,PRY,2022,5900.0,UM,actual,UM,projected
Paraguay,PRY,2023,6200.0,UM,actual,UM,projected
Paraguay,PRY,2024,6290.0,UM,actual,UM,projected
Paraguay,PRY,2025,6750.0,UM,actual,UM,projected
Paraguay,PRY,2026,6902.370314,UM,projected,UM,projected
Paraguay,PRY,2027,7058.180141,UM,projected,UM,projected
Paraguay,PRY,2028,7217.507122,UM,projected,UM,projected
Paraguay,PRY,2029,7380.430652,UM,projected,UM,projected
Paraguay,PRY,2030,7547.031916,UM,projected,UM,projected
Paraguay,PRY,2031,7717.393934,UM,projected,UM,projected
Paraguay,PRY,2032,7891.601599,UM,projected,UM,projected
Paraguay,PRY,2033,8069.741719,UM,projected,UM,projected
Paraguay,PRY,2034,8251.903064,UM,projected,UM,projected
Paraguay,PRY,2035,8438.176406,UM,projected,UM,projected
Paraguay,PRY,2036,8628.654567,UM,projected,UM,projected
Paraguay,PRY,2037,8823.432464,UM,projected,UM,projected
Paraguay,PRY,2038,9022.607157,UM,projected,UM,projected
Paraguay,PRY,2039,9226.277895,UM,projected,UM,projected
Paraguay,PRY,2040,9434.54617,UM,projected,UM,projected
Paraguay,PRY,2041,9647.515765,UM,projected,UM,projected
Paraguay,PRY,2042,9865.292803,UM,projected,UM,projected
Paraguay,PRY,2043,10087.985804,UM,projected,UM,projected
Paraguay,PRY,2044,10315.705739,UM,projected,UM,projected
Paraguay,PRY,2045,10548.566083,UM,projected,UM,projected
Paraguay,PRY,2046,10786.682872,UM,projected,UM,projected
Paraguay,PRY,2047,11030.174762,UM,projected,UM,projected
Paraguay,PRY,2048,11279.163086,UM,projected,UM,projected
Paraguay,PRY,2049,11533.771919,UM,projected,UM,projected
Paraguay,PRY,2050,11794.128133,UM,projected,UM,projected
Peru,PER,1987,1240.0,LM,actual,UM,projected
Peru,PER,1988,1010.0,LM,actual,UM,projected
Peru,PER,1989,910.0,LM,actual,UM,projected
Peru,PER,1990,840.0,LM,actual,UM,projected
Peru,PER,1991,1220.0,LM,actual,UM,projected
Peru,PER,1992,1420.0,LM,actual,UM,projected
Peru,PER,1993,1550.0,LM,actual,UM,projected
Peru,PER,1994,1760.0,LM,actual,UM,projected
Peru,PER,1995,1950.0,LM,actual,UM,projected
Peru,PER,1996,2150.0,LM,actual,UM,projected
Peru,PER,1997,2270.0,LM,actual,UM,projected
Peru,PER,1998,2150.0,LM,actual,UM,projected
Peru,PER,1999,2030.0,LM,actual,UM,projected
Peru,PER,2000,1960.0,LM,actual,UM,projected
Peru,PER,2001,1890.0,LM,actual,UM,projected
Peru,PER,2002,1940.0,LM,actual,UM,projected
Peru,PER,2003,2060.0,LM,actual,UM,projected
Peru,PER,2004,2270.0,LM,actual,UM,projected
Peru,PER,2005,2520.0,LM,actual,UM,projected
Peru,PER,2006,2790.0,LM,actual,UM,projected
Peru,PER,2007,3190.0,LM,actual,UM,projected
Peru,PER,2008,3770.0,UM,actual,UM,projected
Peru,PER,2009,3950.0,UM,actual,UM,projected
Peru,PER,2010,4400.0,UM,actual,UM,projected
Peru,PER,2011,4960.0,UM,actual,UM,projected
Peru,PER,2012,5780.0,UM,actual,UM,projected
Peru,PER,2013,6410.0,UM,actual,UM,projected
Peru,PER,2014,6520.0,UM,actual,UM,projected
Peru,PER,2015,6340.0,UM,actual,UM,projected
Peru,PER,2016,6130.0,UM,actual,UM,projected
Peru,PER,2017,6090.0,UM,actual,UM,projected
Peru,PER,2018,6500.0,UM,actual,UM,projected
Peru,PER,2019,6850.0,UM,actual,UM,projected
Peru,PER,2020,6080.0,UM,actual,UM,projected
Peru,PER,2021,6550.0,UM,actual,UM,projected
Peru,PER,2022,6930.0,UM,actual,UM,projected
Peru,PER,2023,7100.0,UM,actual,UM,projected
Peru,PER,2024,7530.0,UM,actual,UM,projected
Peru,PER,2025,8430.0,UM,actual,UM,projected
Peru,PER,2026,8901.49589,UM,projected,UM,projected
Peru,PER,2027,9399.362879,UM,projected,UM,projected
Peru,PER,2028,9925.075924,UM,projected,UM,projected
Peru,PER,2029,10480.192472,UM,projected,UM,projected
Peru,PER,2030,11066.357083,UM,projected,UM,projected
Peru,PER,2031,11685.306297,UM,projected,UM,projected
Peru,PER,2032,12338.873781,UM,projected,UM,projected
Peru,PER,2033,13028.995759,UM,projected,UM,projected
Peru,PER,2034,13757.716749,UM,projected,UM,projected
Peru,PER,2035,14527.195621,UM,projected,UM,projected
Peru,PER,2036,15339.711994,UM,projected,UM,projected
Peru,PER,2037,16197.672985,UM,projected,UM,projected
Peru,PER,2038,17103.620344,H,projected,UM,projected
Peru,PER,2039,18060.237982,H,projected,UM,projected
Peru,PER,2040,19070.359924,H,projected,UM,projected
Peru,PER,2041,20136.978705,H,projected,UM,projected
Peru,PER,2042,21263.254231,H,projected,UM,projected
Peru,PER,2043,22452.523148,H,projected,UM,projected
Peru,PER,2044,23708.30872,H,projected,UM,projected
Peru,PER,2045,25034.331272,H,projected,UM,projected
Peru,PER,2046,26434.519207,H,projected,UM,projected
Peru,PER,2047,27913.020649,H,projected,UM,projected
Peru,PER,2048,29474.215726,H,projected,UM,projected
Peru,PER,2049,31122.729553,H,projected,UM,projected
Peru,PER,2050,32863.44593,H,projected,UM,projected
Philippines,PHL,1987,680.0,LM,actual,UM,projected
Philippines,PHL,1988,740.0,LM,actual,UM,projected
Philippines,PHL,1989,790.0,LM,actual,UM,projected
Philippines,PHL,1990,820.0,LM,actual,UM,projected
Philippines,PHL,1991,820.0,LM,actual,UM,projected
Philippines,PHL,1992,870.0,LM,actual,UM,projected
Philippines,PHL,1993,920.0,LM,actual,UM,projected
Philippines,PHL,1994,1040.0,LM,actual,UM,projected
Philippines,PHL,1995,1150.0,LM,actual,UM,projected
Philippines,PHL,1996,1310.0,LM,actual,UM,projected
Philippines,PHL,1997,1380.0,LM,actual,UM,projected
Philippines,PHL,1998,1300.0,LM,actual,UM,projected
Philippines,PHL,1999,1230.0,LM,actual,UM,projected
Philippines,PHL,2000,1150.0,LM,actual,UM,projected
Philippines,PHL,2001,1140.0,LM,actual,UM,projected
Philippines,PHL,2002,1110.0,LM,actual,UM,projected
Philippines,PHL,2003,1150.0,LM,actual,UM,projected
Philippines,PHL,2004,1260.0,LM,actual,UM,projected
Philippines,PHL,2005,1350.0,LM,actual,UM,projected
Philippines,PHL,2006,1470.0,LM,actual,UM,projected
Philippines,PHL,2007,1680.0,LM,actual,UM,projected
Philippines,PHL,2008,1970.0,LM,actual,UM,projected
Philippines,PHL,2009,2130.0,LM,actual,UM,projected
Philippines,PHL,2010,2310.0,LM,actual,UM,projected
Philippines,PHL,2011,2450.0,LM,actual,UM,projected
Philippines,PHL,2012,2780.0,LM,actual,UM,projected
Philippines,PHL,2013,3060.0,LM,actual,UM,projected
Philippines,PHL,2014,3220.0,LM,actual,UM,projected
Philippines,PHL,2015,3280.0,LM,actual,UM,projected
Philippines,PHL,2016,3350.0,LM,actual,UM,projected
Philippines,PHL,2017,3440.0,LM,actual,UM,projected
Philippines,PHL,2018,3610.0,LM,actual,UM,projected
Philippines,PHL,2019,3760.0,LM,actual,UM,projected
Philippines,PHL,2020,3350.0,LM,actual,UM,projected
Philippines,PHL,2021,3570.0,LM,actual,UM,projected
Philippines,PHL,2022,4010.0,LM,actual,UM,projected
Philippines,PHL,2023,4320.0,LM,actual,UM,projected
Philippines,PHL,2024,4470.0,LM,actual,UM,projected
Philippines,PHL,2025,4850.0,UM,actual,UM,projected
Philippines,PHL,2026,5070.601889,UM,projected,UM,projected
Philippines,PHL,2027,5301.237839,UM,projected,UM,projected
Philippines,PHL,2028,5542.364247,UM,projected,UM,projected
Philippines,PHL,2029,5794.458273,UM,projected,UM,projected
Philippines,PHL,2030,6058.018776,UM,projected,UM,projected
Philippines,PHL,2031,6333.56731,UM,projected,UM,projected
Philippines,PHL,2032,6621.649147,UM,projected,UM,projected
Philippines,PHL,2033,6922.834366,UM,projected,UM,projected
Philippines,PHL,2034,7237.718972,UM,projected,UM,projected
Philippines,PHL,2035,7566.926081,UM,projected,UM,projected
Philippines,PHL,2036,7911.107151,UM,projected,UM,projected
Philippines,PHL,2037,8270.943271,UM,projected,UM,projected
Philippines,PHL,2038,8647.14651,UM,projected,UM,projected
Philippines,PHL,2039,9040.461326,UM,projected,UM,projected
Philippines,PHL,2040,9451.666037,UM,projected,UM,projected
Philippines,PHL,2041,9881.574363,UM,projected,UM,projected
Philippines,PHL,2042,10331.037038,UM,projected,UM,projected
Philippines,PHL,2043,10800.943489,UM,projected,UM,projected
Philippines,PHL,2044,11292.2236,UM,projected,UM,projected
Philippines,PHL,2045,11805.84955,UM,projected,UM,projected
Philippines,PHL,2046,12342.837738,UM,projected,UM,projected
Philippines,PHL,2047,12904.250794,UM,projected,UM,projected
Philippines,PHL,2048,13491.199682,UM,projected,UM,projected
Philippines,PHL,2049,14104.845895,UM,projected,UM,projected
Philippines,PHL,2050,14746.403761,UM,projected,UM,projected
Poland,POL,1987,,LM,actual,H,projected - cut from 8.5% to the H p90 cap of 7.17%
Poland,POL,1988,,LM,actual,H,projected - cut from 8.5% to the H p90 cap of 7.17%
Poland,POL,1989,,LM,actual,H,projected - cut from 8.5% to the H p90 cap of 7.17%
Poland,POL,1990,,LM,actual,H,projected - cut from 8.5% to the H p90 cap of 7.17%
Poland,POL,1991,,LM,actual,H,projected - cut from 8.5% to the H p90 cap of 7.17%
Poland,POL,1992,2080.0,LM,actual,H,projected - cut from 8.5% to the H p90 cap of 7.17%
Poland,POL,1993,2480.0,LM,actual,H,projected - cut from 8.5% to the H p90 cap of 7.17%
Poland,POL,1994,2750.0,LM,actual,H,projected - cut from 8.5% to the H p90 cap of 7.17%
Poland,POL,1995,3300.0,LM,actual,H,projected - cut from 8.5% to the H p90 cap of 7.17%
Poland,POL,1996,3880.0,UM,actual,H,projected - cut from 8.5% to the H p90 cap of 7.17%
Poland,POL,1997,4270.0,UM,actual,H,projected - cut from 8.5% to the H p90 cap of 7.17%
Poland,POL,1998,4390.0,UM,actual,H,projected - cut from 8.5% to the H p90 cap of 7.17%
Poland,POL,1999,4460.0,UM,actual,H,projected - cut from 8.5% to the H p90 cap of 7.17%
Poland,POL,2000,4690.0,UM,actual,H,projected - cut from 8.5% to the H p90 cap of 7.17%
Poland,POL,2001,4720.0,UM,actual,H,projected - cut from 8.5% to the H p90 cap of 7.17%
Poland,POL,2002,4890.0,UM,actual,H,projected - cut from 8.5% to the H p90 cap of 7.17%
Poland,POL,2003,5510.0,UM,actual,H,projected - cut from 8.5% to the H p90 cap of 7.17%
Poland,POL,2004,6290.0,UM,actual,H,projected - cut from 8.5% to the H p90 cap of 7.17%
Poland,POL,2005,7340.0,UM,actual,H,projected - cut from 8.5% to the H p90 cap of 7.17%
Poland,POL,2006,8450.0,UM,actual,H,projected - cut from 8.5% to the H p90 cap of 7.17%
Poland,POL,2007,9940.0,UM,actual,H,projected - cut from 8.5% to the H p90 cap of 7.17%
Poland,POL,2008,11980.0,UM,actual,H,projected - cut from 8.5% to the H p90 cap of 7.17%
Poland,POL,2009,12520.0,H,actual,H,projected - cut from 8.5% to the H p90 cap of 7.17%
Poland,POL,2010,12730.0,H,actual,H,projected - cut from 8.5% to the H p90 cap of 7.17%
Poland,POL,2011,12900.0,H,actual,H,projected - cut from 8.5% to the H p90 cap of 7.17%
Poland,POL,2012,13170.0,H,actual,H,projected - cut from 8.5% to the H p90 cap of 7.17%
Poland,POL,2013,13290.0,H,actual,H,projected - cut from 8.5% to the H p90 cap of 7.17%
Poland,POL,2014,13540.0,H,actual,H,projected - cut from 8.5% to the H p90 cap of 7.17%
Poland,POL,2015,13320.0,H,actual,H,projected - cut from 8.5% to the H p90 cap of 7.17%
Poland,POL,2016,12740.0,H,actual,H,projected - cut from 8.5% to the H p90 cap of 7.17%
Poland,POL,2017,12780.0,H,actual,H,projected - cut from 8.5% to the H p90 cap of 7.17%
Poland,POL,2018,14310.0,H,actual,H,projected - cut from 8.5% to the H p90 cap of 7.17%
Poland,POL,2019,15510.0,H,actual,H,projected - cut from 8.5% to the H p90 cap of 7.17%
Poland,POL,2020,15640.0,H,actual,H,projected - cut from 8.5% to the H p90 cap of 7.17%
Poland,POL,2021,17470.0,H,actual,H,projected - cut from 8.5% to the H p90 cap of 7.17%
Poland,POL,2022,19110.0,H,actual,H,projected - cut from 8.5% to the H p90 cap of 7.17%
Poland,POL,2023,19890.0,H,actual,H,projected - cut from 8.5% to the H p90 cap of 7.17%
Poland,POL,2024,21590.0,H,actual,H,projected - cut from 8.5% to the H p90 cap of 7.17%
Poland,POL,2025,25520.0,H,actual,H,projected - cut from 8.5% to the H p90 cap of 7.17%
Poland,POL,2026,27349.50328,H,projected,H,projected - cut from 8.5% to the H p90 cap of 7.17%
Poland,POL,2027,29310.161821,H,projected,H,projected - cut from 8.5% to the H p90 cap of 7.17%
Poland,POL,2028,31411.378011,H,projected,H,projected - cut from 8.5% to the H p90 cap of 7.17%
Poland,POL,2029,33663.22829,H,projected,H,projected - cut from 8.5% to the H p90 cap of 7.17%
Poland,POL,2030,36076.511463,H,projected,H,projected - cut from 8.5% to the H p90 cap of 7.17%
Poland,POL,2031,38662.800493,H,projected,H,projected - cut from 8.5% to the H p90 cap of 7.17%
Poland,POL,2032,41434.497997,H,projected,H,projected - cut from 8.5% to the H p90 cap of 7.17%
Poland,POL,2033,44404.895724,H,projected,H,projected - cut from 8.5% to the H p90 cap of 7.17%
Poland,POL,2034,47588.238294,H,projected,H,projected - cut from 8.5% to the H p90 cap of 7.17%
Poland,POL,2035,50999.791509,H,projected,H,projected - cut from 8.5% to the H p90 cap of 7.17%
Poland,POL,2036,54655.915562,H,projected,H,projected - cut from 8.5% to the H p90 cap of 7.17%
Poland,POL,2037,58574.143493,H,projected,H,projected - cut from 8.5% to the H p90 cap of 7.17%
Poland,POL,2038,62773.265266,H,projected,H,projected - cut from 8.5% to the H p90 cap of 7.17%
Poland,POL,2039,67273.41788,H,projected,H,projected - cut from 8.5% to the H p90 cap of 7.17%
Poland,POL,2040,72096.181934,H,projected,H,projected - cut from 8.5% to the H p90 cap of 7.17%
Poland,POL,2041,77264.685121,H,projected,H,projected - cut from 8.5% to the H p90 cap of 7.17%
Poland,POL,2042,82803.713132,H,projected,H,projected - cut from 8.5% to the H p90 cap of 7.17%
Poland,POL,2043,88739.828523,H,projected,H,projected - cut from 8.5% to the H p90 cap of 7.17%
Poland,POL,2044,95101.49809,H,projected,H,projected - cut from 8.5% to the H p90 cap of 7.17%
Poland,POL,2045,101919.229386,H,projected,H,projected - cut from 8.5% to the H p90 cap of 7.17%
Poland,POL,2046,109225.717022,H,projected,H,projected - cut from 8.5% to the H p90 cap of 7.17%
Poland,POL,2047,117055.99945,H,projected,H,projected - cut from 8.5% to the H p90 cap of 7.17%
Poland,POL,2048,125447.626994,H,projected,H,projected - cut from 8.5% to the H p90 cap of 7.17%
Poland,POL,2049,134440.841926,H,projected,H,projected - cut from 8.5% to the H p90 cap of 7.17%
Poland,POL,2050,144078.771442,H,projected,H,projected - cut from 8.5% to the H p90 cap of 7.17%
Portugal,PRT,1987,4160.0,UM,actual,H,projected
Portugal,PRT,1988,5630.0,UM,actual,H,projected
Portugal,PRT,1989,6320.0,UM,actual,H,projected
Portugal,PRT,1990,7130.0,UM,actual,H,projected
Portugal,PRT,1991,8180.0,UM,actual,H,projected
Portugal,PRT,1992,9860.0,UM,actual,H,projected
Portugal,PRT,1993,10100.0,UM,actual,H,projected
Portugal,PRT,1994,10450.0,H,actual,H,projected
Portugal,PRT,1995,11210.0,H,actual,H,projected
Portugal,PRT,1996,12100.0,H,actual,H,projected
Portugal,PRT,1997,12370.0,H,actual,H,projected
Portugal,PRT,1998,12190.0,H,actual,H,projected
Portugal,PRT,1999,12260.0,H,actual,H,projected
Portugal,PRT,2000,12180.0,H,actual,H,projected
Portugal,PRT,2001,11850.0,H,actual,H,projected
Portugal,PRT,2002,11780.0,H,actual,H,projected
Portugal,PRT,2003,13290.0,H,actual,H,projected
Portugal,PRT,2004,16190.0,H,actual,H,projected
Portugal,PRT,2005,18600.0,H,actual,H,projected
Portugal,PRT,2006,19410.0,H,actual,H,projected
Portugal,PRT,2007,20860.0,H,actual,H,projected
Portugal,PRT,2008,22630.0,H,actual,H,projected
Portugal,PRT,2009,22970.0,H,actual,H,projected
Portugal,PRT,2010,23030.0,H,actual,H,projected
Portugal,PRT,2011,22750.0,H,actual,H,projected
Portugal,PRT,2012,21220.0,H,actual,H,projected
Portugal,PRT,2013,21380.0,H,actual,H,projected
Portugal,PRT,2014,21210.0,H,actual,H,projected
Portugal,PRT,2015,20450.0,H,actual,H,projected
Portugal,PRT,2016,19950.0,H,actual,H,projected
Portugal,PRT,2017,20030.0,H,actual,H,projected
Portugal,PRT,2018,22040.0,H,actual,H,projected
Portugal,PRT,2019,23250.0,H,actual,H,projected
Portugal,PRT,2020,21910.0,H,actual,H,projected
Portugal,PRT,2021,23980.0,H,actual,H,projected
Portugal,PRT,2022,25880.0,H,actual,H,projected
Portugal,PRT,2023,26340.0,H,actual,H,projected
Portugal,PRT,2024,26940.0,H,actual,H,projected
Portugal,PRT,2025,29930.0,H,actual,H,projected
Portugal,PRT,2026,31092.469599,H,projected,H,projected
Portugal,PRT,2027,32300.089066,H,projected,H,projected
Portugal,PRT,2028,33554.612005,H,projected,H,projected
Portugal,PRT,2029,34857.860129,H,projected,H,projected
Portugal,PRT,2030,36211.725905,H,projected,H,projected
Portugal,PRT,2031,37618.175303,H,projected,H,projected
Portugal,PRT,2032,39079.25065,H,projected,H,projected
Portugal,PRT,2033,40597.073598,H,projected,H,projected
Portugal,PRT,2034,42173.8482,H,projected,H,projected
Portugal,PRT,2035,43811.864117,H,projected,H,projected
Portugal,PRT,2036,45513.499937,H,projected,H,projected
Portugal,PRT,2037,47281.226633,H,projected,H,projected
Portugal,PRT,2038,49117.611149,H,projected,H,projected
Portugal,PRT,2039,51025.320127,H,projected,H,projected
Portugal,PRT,2040,53007.123783,H,projected,H,projected
Portugal,PRT,2041,55065.899924,H,projected,H,projected
Portugal,PRT,2042,57204.638133,H,projected,H,projected
Portugal,PRT,2043,59426.444104,H,projected,H,projected
Portugal,PRT,2044,61734.544159,H,projected,H,projected
Portugal,PRT,2045,64132.289924,H,projected,H,projected
Portugal,PRT,2046,66623.163206,H,projected,H,projected
Portugal,PRT,2047,69210.781041,H,projected,H,projected
Portugal,PRT,2048,71898.90095,H,projected,H,projected
Portugal,PRT,2049,74691.426393,H,projected,H,projected
Portugal,PRT,2050,77592.412443,H,projected,H,projected
Puerto Rico (U.S.),PRI,1987,5350.0,UM,actual,H,projected
Puerto Rico (U.S.),PRI,1988,5860.0,UM,actual,H,projected
Puerto Rico (U.S.),PRI,1989,6050.0,H,actual,H,projected
Puerto Rico (U.S.),PRI,1990,5950.0,UM,actual,H,projected
Puerto Rico (U.S.),PRI,1991,6300.0,UM,actual,H,projected
Puerto Rico (U.S.),PRI,1992,6760.0,UM,actual,H,projected
Puerto Rico (U.S.),PRI,1993,7100.0,UM,actual,H,projected
Puerto Rico (U.S.),PRI,1994,7370.0,UM,actual,H,projected
Puerto Rico (U.S.),PRI,1995,7820.0,UM,actual,H,projected
Puerto Rico (U.S.),PRI,1996,8130.0,UM,actual,H,projected
Puerto Rico (U.S.),PRI,1997,8510.0,UM,actual,H,projected
Puerto Rico (U.S.),PRI,1998,8690.0,UM,actual,H,projected
Puerto Rico (U.S.),PRI,1999,9590.0,UM,actual,H,projected
Puerto Rico (U.S.),PRI,2000,10550.0,UM,actual,H,projected
Puerto Rico (U.S.),PRI,2001,10950.0,UM,actual,H,projected
Puerto Rico (U.S.),PRI,2002,11250.0,H,actual,H,projected
Puerto Rico (U.S.),PRI,2003,12170.0,H,actual,H,projected
Puerto Rico (U.S.),PRI,2004,14260.0,H,actual,H,projected
Puerto Rico (U.S.),PRI,2005,14750.0,H,actual,H,projected
Puerto Rico (U.S.),PRI,2006,15030.0,H,actual,H,projected
Puerto Rico (U.S.),PRI,2007,15860.0,H,actual,H,projected
Puerto Rico (U.S.),PRI,2008,16360.0,H,actual,H,projected
Puerto Rico (U.S.),PRI,2009,16580.0,H,actual,H,projected
Puerto Rico (U.S.),PRI,2010,16910.0,H,actual,H,projected
Puerto Rico (U.S.),PRI,2011,17600.0,H,actual,H,projected
Puerto Rico (U.S.),PRI,2012,18550.0,H,actual,H,projected
Puerto Rico (U.S.),PRI,2013,18960.0,H,actual,H,projected
Puerto Rico (U.S.),PRI,2014,19010.0,H,actual,H,projected
Puerto Rico (U.S.),PRI,2015,19080.0,H,actual,H,projected
Puerto Rico (U.S.),PRI,2016,19290.0,H,actual,H,projected
Puerto Rico (U.S.),PRI,2017,19500.0,H,actual,H,projected
Puerto Rico (U.S.),PRI,2018,20380.0,H,actual,H,projected
Puerto Rico (U.S.),PRI,2019,21310.0,H,actual,H,projected
Puerto Rico (U.S.),PRI,2020,21200.0,H,actual,H,projected
Puerto Rico (U.S.),PRI,2021,22580.0,H,actual,H,projected
Puerto Rico (U.S.),PRI,2022,24670.0,H,actual,H,projected
Puerto Rico (U.S.),PRI,2023,25290.0,H,actual,H,projected
Puerto Rico (U.S.),PRI,2024,25870.0,H,actual,H,projected
Puerto Rico (U.S.),PRI,2025,27320.0,H,actual,H,projected
Puerto Rico (U.S.),PRI,2026,28279.750836,H,projected,H,projected
Puerto Rico (U.S.),PRI,2027,29273.217692,H,projected,H,projected
Puerto Rico (U.S.),PRI,2028,30301.585011,H,projected,H,projected
Puerto Rico (U.S.),PRI,2029,31366.078846,H,projected,H,projected
Puerto Rico (U.S.),PRI,2030,32467.968319,H,projected,H,projected
Puerto Rico (U.S.),PRI,2031,33608.567138,H,projected,H,projected
Puerto Rico (U.S.),PRI,2032,34789.235162,H,projected,H,projected
Puerto Rico (U.S.),PRI,2033,36011.38002,H,projected,H,projected
Puerto Rico (U.S.),PRI,2034,37276.458794,H,projected,H,projected
Puerto Rico (U.S.),PRI,2035,38585.979749,H,projected,H,projected
Puerto Rico (U.S.),PRI,2036,39941.504139,H,projected,H,projected
Puerto Rico (U.S.),PRI,2037,41344.648062,H,projected,H,projected
Puerto Rico (U.S.),PRI,2038,42797.084393,H,projected,H,projected
Puerto Rico (U.S.),PRI,2039,44300.544771,H,projected,H,projected
Puerto Rico (U.S.),PRI,2040,45856.82167,H,projected,H,projected
Puerto Rico (U.S.),PRI,2041,47467.770533,H,projected,H,projected
Puerto Rico (U.S.),PRI,2042,49135.311985,H,projected,H,projected
Puerto Rico (U.S.),PRI,2043,50861.434121,H,projected,H,projected
Puerto Rico (U.S.),PRI,2044,52648.19488,H,projected,H,projected
Puerto Rico (U.S.),PRI,2045,54497.724494,H,projected,H,projected
Puerto Rico (U.S.),PRI,2046,56412.228032,H,projected,H,projected
Puerto Rico (U.S.),PRI,2047,58393.988025,H,projected,H,projected
Puerto Rico (U.S.),PRI,2048,60445.367192,H,projected,H,projected
Puerto Rico (U.S.),PRI,2049,62568.811252,H,projected,H,projected
Puerto Rico (U.S.),PRI,2050,64766.851841,H,projected,H,projected
Qatar,QAT,1987,16780.0,H,actual,H,projected - raised from 0.3% to the 1.244% floor
Qatar,QAT,1988,16470.0,H,actual,H,projected - raised from 0.3% to the 1.244% floor
Qatar,QAT,1989,16690.0,H,actual,H,projected - raised from 0.3% to the 1.244% floor
Qatar,QAT,1990,17040.0,H,actual,H,projected - raised from 0.3% to the 1.244% floor
Qatar,QAT,1991,16270.0,H,actual,H,projected - raised from 0.3% to the 1.244% floor
Qatar,QAT,1992,17900.0,H,actual,H,projected - raised from 0.3% to the 1.244% floor
Qatar,QAT,1993,16400.0,H,actual,H,projected - raised from 0.3% to the 1.244% floor
Qatar,QAT,1994,15860.0,H,actual,H,projected - raised from 0.3% to the 1.244% floor
Qatar,QAT,1995,16060.0,H,actual,H,projected - raised from 0.3% to the 1.244% floor
Qatar,QAT,1996,17000.0,H,actual,H,projected - raised from 0.3% to the 1.244% floor
Qatar,QAT,1997,21470.0,H,actual,H,projected - raised from 0.3% to the 1.244% floor
Qatar,QAT,1998,19860.0,H,actual,H,projected - raised from 0.3% to the 1.244% floor
Qatar,QAT,1999,19050.0,H,actual,H,projected - raised from 0.3% to the 1.244% floor
Qatar,QAT,2000,19620.0,H,actual,H,projected - raised from 0.3% to the 1.244% floor
Qatar,QAT,2001,23090.0,H,actual,H,projected - raised from 0.3% to the 1.244% floor
Qatar,QAT,2002,25590.0,H,actual,H,projected - raised from 0.3% to the 1.244% floor
Qatar,QAT,2003,28090.0,H,actual,H,projected - raised from 0.3% to the 1.244% floor
Qatar,QAT,2004,35220.0,H,actual,H,projected - raised from 0.3% to the 1.244% floor
Qatar,QAT,2005,40110.0,H,actual,H,projected - raised from 0.3% to the 1.244% floor
Qatar,QAT,2006,53410.0,H,actual,H,projected - raised from 0.3% to the 1.244% floor
Qatar,QAT,2007,58500.0,H,actual,H,projected - raised from 0.3% to the 1.244% floor
Qatar,QAT,2008,66030.0,H,actual,H,projected - raised from 0.3% to the 1.244% floor
Qatar,QAT,2009,63010.0,H,actual,H,projected - raised from 0.3% to the 1.244% floor
Qatar,QAT,2010,71900.0,H,actual,H,projected - raised from 0.3% to the 1.244% floor
Qatar,QAT,2011,82960.0,H,actual,H,projected - raised from 0.3% to the 1.244% floor
Qatar,QAT,2012,92750.0,H,actual,H,projected - raised from 0.3% to the 1.244% floor
Qatar,QAT,2013,96070.0,H,actual,H,projected - raised from 0.3% to the 1.244% floor
Qatar,QAT,2014,91410.0,H,actual,H,projected - raised from 0.3% to the 1.244% floor
Qatar,QAT,2015,80090.0,H,actual,H,projected - raised from 0.3% to the 1.244% floor
Qatar,QAT,2016,69170.0,H,actual,H,projected - raised from 0.3% to the 1.244% floor
Qatar,QAT,2017,60920.0,H,actual,H,projected - raised from 0.3% to the 1.244% floor
Qatar,QAT,2018,63410.0,H,actual,H,projected - raised from 0.3% to the 1.244% floor
Qatar,QAT,2019,65700.0,H,actual,H,projected - raised from 0.3% to the 1.244% floor
Qatar,QAT,2020,57730.0,H,actual,H,projected - raised from 0.3% to the 1.244% floor
Qatar,QAT,2021,66970.0,H,actual,H,projected - raised from 0.3% to the 1.244% floor
Qatar,QAT,2022,71050.0,H,actual,H,projected - raised from 0.3% to the 1.244% floor
Qatar,QAT,2023,79430.0,H,actual,H,projected - raised from 0.3% to the 1.244% floor
Qatar,QAT,2024,76570.0,H,actual,H,projected - raised from 0.3% to the 1.244% floor
Qatar,QAT,2025,74330.0,H,actual,H,projected - raised from 0.3% to the 1.244% floor
Qatar,QAT,2026,75254.6652,H,projected,H,projected - raised from 0.3% to the 1.244% floor
Qatar,QAT,2027,76190.833235,H,projected,H,projected - raised from 0.3% to the 1.244% floor
Qatar,QAT,2028,77138.647201,H,projected,H,projected - raised from 0.3% to the 1.244% floor
Qatar,QAT,2029,78098.251972,H,projected,H,projected - raised from 0.3% to the 1.244% floor
Qatar,QAT,2030,79069.794226,H,projected,H,projected - raised from 0.3% to the 1.244% floor
Qatar,QAT,2031,80053.422466,H,projected,H,projected - raised from 0.3% to the 1.244% floor
Qatar,QAT,2032,81049.287042,H,projected,H,projected - raised from 0.3% to the 1.244% floor
Qatar,QAT,2033,82057.540173,H,projected,H,projected - raised from 0.3% to the 1.244% floor
Qatar,QAT,2034,83078.335972,H,projected,H,projected - raised from 0.3% to the 1.244% floor
Qatar,QAT,2035,84111.830472,H,projected,H,projected - raised from 0.3% to the 1.244% floor
Qatar,QAT,2036,85158.181643,H,projected,H,projected - raised from 0.3% to the 1.244% floor
Qatar,QAT,2037,86217.549423,H,projected,H,projected - raised from 0.3% to the 1.244% floor
Qatar,QAT,2038,87290.095737,H,projected,H,projected - raised from 0.3% to the 1.244% floor
Qatar,QAT,2039,88375.984528,H,projected,H,projected - raised from 0.3% to the 1.244% floor
Qatar,QAT,2040,89475.381776,H,projected,H,projected - raised from 0.3% to the 1.244% floor
Qatar,QAT,2041,90588.455525,H,projected,H,projected - raised from 0.3% to the 1.244% floor
Qatar,QAT,2042,91715.375912,H,projected,H,projected - raised from 0.3% to the 1.244% floor
Qatar,QAT,2043,92856.315188,H,projected,H,projected - raised from 0.3% to the 1.244% floor
Qatar,QAT,2044,94011.447749,H,projected,H,projected - raised from 0.3% to the 1.244% floor
Qatar,QAT,2045,95180.950159,H,projected,H,projected - raised from 0.3% to the 1.244% floor
Qatar,QAT,2046,96365.001179,H,projected,H,projected - raised from 0.3% to the 1.244% floor
Qatar,QAT,2047,97563.781794,H,projected,H,projected - raised from 0.3% to the 1.244% floor
Qatar,QAT,2048,98777.475239,H,projected,H,projected - raised from 0.3% to the 1.244% floor
Qatar,QAT,2049,100006.267031,H,projected,H,projected - raised from 0.3% to the 1.244% floor
Qatar,QAT,2050,101250.344993,H,projected,H,projected - raised from 0.3% to the 1.244% floor
Romania,ROU,1987,,UM,actual,H,projected - cut from 8.2% to the H p90 cap of 7.17%
Romania,ROU,1988,,UM,actual,H,projected - cut from 8.2% to the H p90 cap of 7.17%
Romania,ROU,1989,,UM,actual,H,projected - cut from 8.2% to the H p90 cap of 7.17%
Romania,ROU,1990,,LM,actual,H,projected - cut from 8.2% to the H p90 cap of 7.17%
Romania,ROU,1991,,LM,actual,H,projected - cut from 8.2% to the H p90 cap of 7.17%
Romania,ROU,1992,1240.0,LM,actual,H,projected - cut from 8.2% to the H p90 cap of 7.17%
Romania,ROU,1993,1190.0,LM,actual,H,projected - cut from 8.2% to the H p90 cap of 7.17%
Romania,ROU,1994,1270.0,LM,actual,H,projected - cut from 8.2% to the H p90 cap of 7.17%
Romania,ROU,1995,1490.0,LM,actual,H,projected - cut from 8.2% to the H p90 cap of 7.17%
Romania,ROU,1996,1640.0,LM,actual,H,projected - cut from 8.2% to the H p90 cap of 7.17%
Romania,ROU,1997,1590.0,LM,actual,H,projected - cut from 8.2% to the H p90 cap of 7.17%
Romania,ROU,1998,1580.0,LM,actual,H,projected - cut from 8.2% to the H p90 cap of 7.17%
Romania,ROU,1999,1610.0,LM,actual,H,projected - cut from 8.2% to the H p90 cap of 7.17%
Romania,ROU,2000,1710.0,LM,actual,H,projected - cut from 8.2% to the H p90 cap of 7.17%
Romania,ROU,2001,1760.0,LM,actual,H,projected - cut from 8.2% to the H p90 cap of 7.17%
Romania,ROU,2002,1950.0,LM,actual,H,projected - cut from 8.2% to the H p90 cap of 7.17%
Romania,ROU,2003,2250.0,LM,actual,H,projected - cut from 8.2% to the H p90 cap of 7.17%
Romania,ROU,2004,2960.0,LM,actual,H,projected - cut from 8.2% to the H p90 cap of 7.17%
Romania,ROU,2005,3880.0,UM,actual,H,projected - cut from 8.2% to the H p90 cap of 7.17%
Romania,ROU,2006,4900.0,UM,actual,H,projected - cut from 8.2% to the H p90 cap of 7.17%
Romania,ROU,2007,6510.0,UM,actual,H,projected - cut from 8.2% to the H p90 cap of 7.17%
Romania,ROU,2008,8800.0,UM,actual,H,projected - cut from 8.2% to the H p90 cap of 7.17%
Romania,ROU,2009,9220.0,UM,actual,H,projected - cut from 8.2% to the H p90 cap of 7.17%
Romania,ROU,2010,8770.0,UM,actual,H,projected - cut from 8.2% to the H p90 cap of 7.17%
Romania,ROU,2011,9080.0,UM,actual,H,projected - cut from 8.2% to the H p90 cap of 7.17%
Romania,ROU,2012,9260.0,UM,actual,H,projected - cut from 8.2% to the H p90 cap of 7.17%
Romania,ROU,2013,9390.0,UM,actual,H,projected - cut from 8.2% to the H p90 cap of 7.17%
Romania,ROU,2014,9760.0,UM,actual,H,projected - cut from 8.2% to the H p90 cap of 7.17%
Romania,ROU,2015,9610.0,UM,actual,H,projected - cut from 8.2% to the H p90 cap of 7.17%
Romania,ROU,2016,9460.0,UM,actual,H,projected - cut from 8.2% to the H p90 cap of 7.17%
Romania,ROU,2017,10030.0,UM,actual,H,projected - cut from 8.2% to the H p90 cap of 7.17%
Romania,ROU,2018,11490.0,UM,actual,H,projected - cut from 8.2% to the H p90 cap of 7.17%
Romania,ROU,2019,12660.0,H,actual,H,projected - cut from 8.2% to the H p90 cap of 7.17%
Romania,ROU,2020,12720.0,UM,actual,H,projected - cut from 8.2% to the H p90 cap of 7.17%
Romania,ROU,2021,14180.0,H,actual,H,projected - cut from 8.2% to the H p90 cap of 7.17%
Romania,ROU,2022,15390.0,H,actual,H,projected - cut from 8.2% to the H p90 cap of 7.17%
Romania,ROU,2023,16590.0,H,actual,H,projected - cut from 8.2% to the H p90 cap of 7.17%
Romania,ROU,2024,17600.0,H,actual,H,projected - cut from 8.2% to the H p90 cap of 7.17%
Romania,ROU,2025,20190.0,H,actual,H,projected - cut from 8.2% to the H p90 cap of 7.17%
Romania,ROU,2026,21637.40091,H,projected,H,projected - cut from 8.2% to the H p90 cap of 7.17%
Romania,ROU,2027,23188.564544,H,projected,H,projected - cut from 8.2% to the H p90 cap of 7.17%
Romania,ROU,2028,24850.929547,H,projected,H,projected - cut from 8.2% to the H p90 cap of 7.17%
Romania,ROU,2029,26632.467836,H,projected,H,projected - cut from 8.2% to the H p90 cap of 7.17%
Romania,ROU,2030,28541.722822,H,projected,H,projected - cut from 8.2% to the H p90 cap of 7.17%
Romania,ROU,2031,30587.85039,H,projected,H,projected - cut from 8.2% to the H p90 cap of 7.17%
Romania,ROU,2032,32780.662796,H,projected,H,projected - cut from 8.2% to the H p90 cap of 7.17%
Romania,ROU,2033,35130.675732,H,projected,H,projected - cut from 8.2% to the H p90 cap of 7.17%
Romania,ROU,2034,37649.158744,H,projected,H,projected - cut from 8.2% to the H p90 cap of 7.17%
Romania,ROU,2035,40348.189285,H,projected,H,projected - cut from 8.2% to the H p90 cap of 7.17%
Romania,ROU,2036,43240.710627,H,projected,H,projected - cut from 8.2% to the H p90 cap of 7.17%
Romania,ROU,2037,46340.593931,H,projected,H,projected - cut from 8.2% to the H p90 cap of 7.17%
Romania,ROU,2038,49662.70477,H,projected,H,projected - cut from 8.2% to the H p90 cap of 7.17%
Romania,ROU,2039,53222.974412,H,projected,H,projected - cut from 8.2% to the H p90 cap of 7.17%
Romania,ROU,2040,57038.476224,H,projected,H,projected - cut from 8.2% to the H p90 cap of 7.17%
Romania,ROU,2041,61127.507546,H,projected,H,projected - cut from 8.2% to the H p90 cap of 7.17%
Romania,ROU,2042,65509.677435,H,projected,H,projected - cut from 8.2% to the H p90 cap of 7.17%
Romania,ROU,2043,70206.000701,H,projected,H,projected - cut from 8.2% to the H p90 cap of 7.17%
Romania,ROU,2044,75238.998685,H,projected,H,projected - cut from 8.2% to the H p90 cap of 7.17%
Romania,ROU,2045,80632.807261,H,projected,H,projected - cut from 8.2% to the H p90 cap of 7.17%
Romania,ROU,2046,86413.292581,H,projected,H,projected - cut from 8.2% to the H p90 cap of 7.17%
Romania,ROU,2047,92608.175113,H,projected,H,projected - cut from 8.2% to the H p90 cap of 7.17%
Romania,ROU,2048,99247.162579,H,projected,H,projected - cut from 8.2% to the H p90 cap of 7.17%
Romania,ROU,2049,106362.092417,H,projected,H,projected - cut from 8.2% to the H p90 cap of 7.17%
Romania,ROU,2050,113987.08446,H,projected,H,projected - cut from 8.2% to the H p90 cap of 7.17%
Russian Federation,RUS,1991,3440.0,UM,actual,H,projected - cut from 8.2% to the H p90 cap of 7.17%
Russian Federation,RUS,1992,3090.0,LM,actual,H,projected - cut from 8.2% to the H p90 cap of 7.17%
Russian Federation,RUS,1993,2920.0,LM,actual,H,projected - cut from 8.2% to the H p90 cap of 7.17%
Russian Federation,RUS,1994,2650.0,LM,actual,H,projected - cut from 8.2% to the H p90 cap of 7.17%
Russian Federation,RUS,1995,2640.0,LM,actual,H,projected - cut from 8.2% to the H p90 cap of 7.17%
Russian Federation,RUS,1996,2600.0,LM,actual,H,projected - cut from 8.2% to the H p90 cap of 7.17%
Russian Federation,RUS,1997,2650.0,LM,actual,H,projected - cut from 8.2% to the H p90 cap of 7.17%
Russian Federation,RUS,1998,2130.0,LM,actual,H,projected - cut from 8.2% to the H p90 cap of 7.17%
Russian Federation,RUS,1999,1750.0,LM,actual,H,projected - cut from 8.2% to the H p90 cap of 7.17%
Russian Federation,RUS,2000,1710.0,LM,actual,H,projected - cut from 8.2% to the H p90 cap of 7.17%
Russian Federation,RUS,2001,1780.0,LM,actual,H,projected - cut from 8.2% to the H p90 cap of 7.17%
Russian Federation,RUS,2002,2100.0,LM,actual,H,projected - cut from 8.2% to the H p90 cap of 7.17%
Russian Federation,RUS,2003,2590.0,LM,actual,H,projected - cut from 8.2% to the H p90 cap of 7.17%
Russian Federation,RUS,2004,3410.0,UM,actual,H,projected - cut from 8.2% to the H p90 cap of 7.17%
Russian Federation,RUS,2005,4450.0,UM,actual,H,projected - cut from 8.2% to the H p90 cap of 7.17%
Russian Federation,RUS,2006,5810.0,UM,actual,H,projected - cut from 8.2% to the H p90 cap of 7.17%
Russian Federation,RUS,2007,7560.0,UM,actual,H,projected - cut from 8.2% to the H p90 cap of 7.17%
Russian Federation,RUS,2008,9580.0,UM,actual,H,projected - cut from 8.2% to the H p90 cap of 7.17%
Russian Federation,RUS,2009,9230.0,UM,actual,H,projected - cut from 8.2% to the H p90 cap of 7.17%
Russian Federation,RUS,2010,9980.0,UM,actual,H,projected - cut from 8.2% to the H p90 cap of 7.17%
Russian Federation,RUS,2011,11060.0,UM,actual,H,projected - cut from 8.2% to the H p90 cap of 7.17%
Russian Federation,RUS,2012,13470.0,H,actual,H,projected - cut from 8.2% to the H p90 cap of 7.17%
Russian Federation,RUS,2013,15160.0,H,actual,H,projected - cut from 8.2% to the H p90 cap of 7.17%
Russian Federation,RUS,2014,14590.0,H,actual,H,projected - cut from 8.2% to the H p90 cap of 7.17%
Russian Federation,RUS,2015,11740.0,UM,actual,H,projected - cut from 8.2% to the H p90 cap of 7.17%
Russian Federation,RUS,2016,9680.0,UM,actual,H,projected - cut from 8.2% to the H p90 cap of 7.17%
Russian Federation,RUS,2017,9160.0,UM,actual,H,projected - cut from 8.2% to the H p90 cap of 7.17%
Russian Federation,RUS,2018,10180.0,UM,actual,H,projected - cut from 8.2% to the H p90 cap of 7.17%
Russian Federation,RUS,2019,11190.0,UM,actual,H,projected - cut from 8.2% to the H p90 cap of 7.17%
Russian Federation,RUS,2020,10660.0,UM,actual,H,projected - cut from 8.2% to the H p90 cap of 7.17%
Russian Federation,RUS,2021,11710.0,UM,actual,H,projected - cut from 8.2% to the H p90 cap of 7.17%
Russian Federation,RUS,2022,12890.0,UM,actual,H,projected - cut from 8.2% to the H p90 cap of 7.17%
Russian Federation,RUS,2023,14400.0,H,actual,H,projected - cut from 8.2% to the H p90 cap of 7.17%
Russian Federation,RUS,2024,15330.0,H,actual,H,projected - cut from 8.2% to the H p90 cap of 7.17%
Russian Federation,RUS,2025,15960.0,H,actual,H,projected - cut from 8.2% to the H p90 cap of 7.17%
Russian Federation,RUS,2026,17104.15644,H,projected,H,projected - cut from 8.2% to the H p90 cap of 7.17%
Russian Federation,RUS,2027,18330.336311,H,projected,H,projected - cut from 8.2% to the H p90 cap of 7.17%
Russian Federation,RUS,2028,19644.419791,H,projected,H,projected - cut from 8.2% to the H p90 cap of 7.17%
Russian Federation,RUS,2029,21052.708601,H,projected,H,projected - cut from 8.2% to the H p90 cap of 7.17%
Russian Federation,RUS,2030,22561.956228,H,projected,H,projected - cut from 8.2% to the H p90 cap of 7.17%
Russian Federation,RUS,2031,24179.400308,H,projected,H,projected - cut from 8.2% to the H p90 cap of 7.17%
Russian Federation,RUS,2032,25912.797337,H,projected,H,projected - cut from 8.2% to the H p90 cap of 7.17%
Russian Federation,RUS,2033,27770.459865,H,projected,H,projected - cut from 8.2% to the H p90 cap of 7.17%
Russian Federation,RUS,2034,29761.296362,H,projected,H,projected - cut from 8.2% to the H p90 cap of 7.17%
Russian Federation,RUS,2035,31894.853937,H,projected,H,projected - cut from 8.2% to the H p90 cap of 7.17%
Russian Federation,RUS,2036,34181.364121,H,projected,H,projected - cut from 8.2% to the H p90 cap of 7.17%
Russian Federation,RUS,2037,36631.791934,H,projected,H,projected - cut from 8.2% to the H p90 cap of 7.17%
Russian Federation,RUS,2038,39257.888466,H,projected,H,projected - cut from 8.2% to the H p90 cap of 7.17%
Russian Federation,RUS,2039,42072.247232,H,projected,H,projected - cut from 8.2% to the H p90 cap of 7.17%
Russian Federation,RUS,2040,45088.364564,H,projected,H,projected - cut from 8.2% to the H p90 cap of 7.17%
Russian Federation,RUS,2041,48320.704331,H,projected,H,projected - cut from 8.2% to the H p90 cap of 7.17%
Russian Federation,RUS,2042,51784.767304,H,projected,H,projected - cut from 8.2% to the H p90 cap of 7.17%
Russian Federation,RUS,2043,55497.165487,H,projected,H,projected - cut from 8.2% to the H p90 cap of 7.17%
Russian Federation,RUS,2044,59475.701784,H,projected,H,projected - cut from 8.2% to the H p90 cap of 7.17%
Russian Federation,RUS,2045,63739.455369,H,projected,H,projected - cut from 8.2% to the H p90 cap of 7.17%
Russian Federation,RUS,2046,68308.873185,H,projected,H,projected - cut from 8.2% to the H p90 cap of 7.17%
Russian Federation,RUS,2047,73205.867994,H,projected,H,projected - cut from 8.2% to the H p90 cap of 7.17%
Russian Federation,RUS,2048,78453.923465,H,projected,H,projected - cut from 8.2% to the H p90 cap of 7.17%
Russian Federation,RUS,2049,84078.206784,H,projected,H,projected - cut from 8.2% to the H p90 cap of 7.17%
Russian Federation,RUS,2050,90105.68935,H,projected,H,projected - cut from 8.2% to the H p90 cap of 7.17%
Rwanda,RWA,1987,320.0,L,actual,L,projected - cut from 5.9% to the L p90 cap of 5.59%
Rwanda,RWA,1988,360.0,L,actual,L,projected - cut from 5.9% to the L p90 cap of 5.59%
Rwanda,RWA,1989,350.0,L,actual,L,projected - cut from 5.9% to the L p90 cap of 5.59%
Rwanda,RWA,1990,340.0,L,actual,L,projected - cut from 5.9% to the L p90 cap of 5.59%
Rwanda,RWA,1991,300.0,L,actual,L,projected - cut from 5.9% to the L p90 cap of 5.59%
Rwanda,RWA,1992,300.0,L,actual,L,projected - cut from 5.9% to the L p90 cap of 5.59%
Rwanda,RWA,1993,250.0,L,actual,L,projected - cut from 5.9% to the L p90 cap of 5.59%
Rwanda,RWA,1994,130.0,L,actual,L,projected - cut from 5.9% to the L p90 cap of 5.59%
Rwanda,RWA,1995,220.0,L,actual,L,projected - cut from 5.9% to the L p90 cap of 5.59%
Rwanda,RWA,1996,200.0,L,actual,L,projected - cut from 5.9% to the L p90 cap of 5.59%
Rwanda,RWA,1997,220.0,L,actual,L,projected - cut from 5.9% to the L p90 cap of 5.59%
Rwanda,RWA,1998,230.0,L,actual,L,projected - cut from 5.9% to the L p90 cap of 5.59%
Rwanda,RWA,1999,250.0,L,actual,L,projected - cut from 5.9% to the L p90 cap of 5.59%
Rwanda,RWA,2000,270.0,L,actual,L,projected - cut from 5.9% to the L p90 cap of 5.59%
Rwanda,RWA,2001,260.0,L,actual,L,projected - cut from 5.9% to the L p90 cap of 5.59%
Rwanda,RWA,2002,260.0,L,actual,L,projected - cut from 5.9% to the L p90 cap of 5.59%
Rwanda,RWA,2003,250.0,L,actual,L,projected - cut from 5.9% to the L p90 cap of 5.59%
Rwanda,RWA,2004,270.0,L,actual,L,projected - cut from 5.9% to the L p90 cap of 5.59%
Rwanda,RWA,2005,310.0,L,actual,L,projected - cut from 5.9% to the L p90 cap of 5.59%
Rwanda,RWA,2006,350.0,L,actual,L,projected - cut from 5.9% to the L p90 cap of 5.59%
Rwanda,RWA,2007,390.0,L,actual,L,projected - cut from 5.9% to the L p90 cap of 5.59%
Rwanda,RWA,2008,470.0,L,actual,L,projected - cut from 5.9% to the L p90 cap of 5.59%
Rwanda,RWA,2009,530.0,L,actual,L,projected - cut from 5.9% to the L p90 cap of 5.59%
Rwanda,RWA,2010,580.0,L,actual,L,projected - cut from 5.9% to the L p90 cap of 5.59%
Rwanda,RWA,2011,630.0,L,actual,L,projected - cut from 5.9% to the L p90 cap of 5.59%
Rwanda,RWA,2012,680.0,L,actual,L,projected - cut from 5.9% to the L p90 cap of 5.59%
Rwanda,RWA,2013,700.0,L,actual,L,projected - cut from 5.9% to the L p90 cap of 5.59%
Rwanda,RWA,2014,710.0,L,actual,L,projected - cut from 5.9% to the L p90 cap of 5.59%
Rwanda,RWA,2015,720.0,L,actual,L,projected - cut from 5.9% to the L p90 cap of 5.59%
Rwanda,RWA,2016,720.0,L,actual,L,projected - cut from 5.9% to the L p90 cap of 5.59%
Rwanda,RWA,2017,720.0,L,actual,L,projected - cut from 5.9% to the L p90 cap of 5.59%
Rwanda,RWA,2018,760.0,L,actual,L,projected - cut from 5.9% to the L p90 cap of 5.59%
Rwanda,RWA,2019,820.0,L,actual,L,projected - cut from 5.9% to the L p90 cap of 5.59%
Rwanda,RWA,2020,780.0,L,actual,L,projected - cut from 5.9% to the L p90 cap of 5.59%
Rwanda,RWA,2021,850.0,L,actual,L,projected - cut from 5.9% to the L p90 cap of 5.59%
Rwanda,RWA,2022,970.0,L,actual,L,projected - cut from 5.9% to the L p90 cap of 5.59%
Rwanda,RWA,2023,1030.0,L,actual,L,projected - cut from 5.9% to the L p90 cap of 5.59%
Rwanda,RWA,2024,1070.0,L,actual,L,projected - cut from 5.9% to the L p90 cap of 5.59%
Rwanda,RWA,2025,1150.0,L,actual,L,projected - cut from 5.9% to the L p90 cap of 5.59%
Rwanda,RWA,2026,1214.3402,LM,projected,L,projected - cut from 5.9% to the L p90 cap of 5.59%
Rwanda,RWA,2027,1282.280106,LM,projected,L,projected - cut from 5.9% to the L p90 cap of 5.59%
Rwanda,RWA,2028,1354.021113,LM,projected,L,projected - cut from 5.9% to the L p90 cap of 5.59%
Rwanda,RWA,2029,1429.775886,LM,projected,L,projected - cut from 5.9% to the L p90 cap of 5.59%
Rwanda,RWA,2030,1509.768987,LM,projected,L,projected - cut from 5.9% to the L p90 cap of 5.59%
Rwanda,RWA,2031,1594.237543,LM,projected,L,projected - cut from 5.9% to the L p90 cap of 5.59%
Rwanda,RWA,2032,1683.431945,LM,projected,L,projected - cut from 5.9% to the L p90 cap of 5.59%
Rwanda,RWA,2033,1777.616595,LM,projected,L,projected - cut from 5.9% to the L p90 cap of 5.59%
Rwanda,RWA,2034,1877.070688,LM,projected,L,projected - cut from 5.9% to the L p90 cap of 5.59%
Rwanda,RWA,2035,1982.089039,LM,projected,L,projected - cut from 5.9% to the L p90 cap of 5.59%
Rwanda,RWA,2036,2092.982957,LM,projected,L,projected - cut from 5.9% to the L p90 cap of 5.59%
Rwanda,RWA,2037,2210.081167,LM,projected,L,projected - cut from 5.9% to the L p90 cap of 5.59%
Rwanda,RWA,2038,2333.730788,LM,projected,L,projected - cut from 5.9% to the L p90 cap of 5.59%
Rwanda,RWA,2039,2464.298359,LM,projected,L,projected - cut from 5.9% to the L p90 cap of 5.59%
Rwanda,RWA,2040,2602.170923,LM,projected,L,projected - cut from 5.9% to the L p90 cap of 5.59%
Rwanda,RWA,2041,2747.757182,LM,projected,L,projected - cut from 5.9% to the L p90 cap of 5.59%
Rwanda,RWA,2042,2901.488701,LM,projected,L,projected - cut from 5.9% to the L p90 cap of 5.59%
Rwanda,RWA,2043,3063.821191,LM,projected,L,projected - cut from 5.9% to the L p90 cap of 5.59%
Rwanda,RWA,2044,3235.235859,LM,projected,L,projected - cut from 5.9% to the L p90 cap of 5.59%
Rwanda,RWA,2045,3416.240834,LM,projected,L,projected - cut from 5.9% to the L p90 cap of 5.59%
Rwanda,RWA,2046,3607.372677,LM,projected,L,projected - cut from 5.9% to the L p90 cap of 5.59%
Rwanda,RWA,2047,3809.197963,LM,projected,L,projected - cut from 5.9% to the L p90 cap of 5.59%
Rwanda,RWA,2048,4022.314971,LM,projected,L,projected - cut from 5.9% to the L p90 cap of 5.59%
Rwanda,RWA,2049,4247.355449,LM,projected,L,projected - cut from 5.9% to the L p90 cap of 5.59%
Rwanda,RWA,2050,4484.986491,LM,projected,L,projected - cut from 5.9% to the L p90 cap of 5.59%
Samoa,WSM,1987,710.0,LM,actual,UM,projected
Samoa,WSM,1988,920.0,LM,actual,UM,projected
Samoa,WSM,1989,1040.0,LM,actual,UM,projected
Samoa,WSM,1990,1050.0,LM,actual,UM,projected
Samoa,WSM,1991,1000.0,LM,actual,UM,projected
Samoa,WSM,1992,1010.0,LM,actual,UM,projected
Samoa,WSM,1993,1060.0,LM,actual,UM,projected
Samoa,WSM,1994,820.0,LM,actual,UM,projected
Samoa,WSM,1995,990.0,LM,actual,UM,projected
Samoa,WSM,1996,1320.0,LM,actual,UM,projected
Samoa,WSM,1997,1330.0,LM,actual,UM,projected
Samoa,WSM,1998,1360.0,LM,actual,UM,projected
Samoa,WSM,1999,1380.0,LM,actual,UM,projected
Samoa,WSM,2000,1410.0,LM,actual,UM,projected
Samoa,WSM,2001,1410.0,LM,actual,UM,projected
Samoa,WSM,2002,1420.0,LM,actual,UM,projected
Samoa,WSM,2003,1570.0,LM,actual,UM,projected
Samoa,WSM,2004,1850.0,LM,actual,UM,projected
Samoa,WSM,2005,2240.0,LM,actual,UM,projected
Samoa,WSM,2006,2470.0,LM,actual,UM,projected
Samoa,WSM,2007,2660.0,LM,actual,UM,projected
Samoa,WSM,2008,2970.0,LM,actual,UM,projected
Samoa,WSM,2009,3160.0,LM,actual,UM,projected
Samoa,WSM,2010,3430.0,LM,actual,UM,projected
Samoa,WSM,2011,3570.0,LM,actual,UM,projected
Samoa,WSM,2012,3590.0,LM,actual,UM,projected
Samoa,WSM,2013,3750.0,LM,actual,UM,projected
Samoa,WSM,2014,3830.0,LM,actual,UM,projected
Samoa,WSM,2015,3970.0,LM,actual,UM,projected
Samoa,WSM,2016,4120.0,UM,actual,UM,projected
Samoa,WSM,2017,4100.0,UM,actual,UM,projected
Samoa,WSM,2018,4100.0,UM,actual,UM,projected
Samoa,WSM,2019,4270.0,UM,actual,UM,projected
Samoa,WSM,2020,4080.0,LM,actual,UM,projected
Samoa,WSM,2021,3990.0,LM,actual,UM,projected
Samoa,WSM,2022,4130.0,LM,actual,UM,projected
Samoa,WSM,2023,4800.0,LM,actual,UM,projected
Samoa,WSM,2024,5040.0,UM,actual,UM,projected
Samoa,WSM,2025,5640.0,UM,actual,UM,projected
Samoa,WSM,2026,5845.496487,UM,projected,UM,projected
Samoa,WSM,2027,6058.480351,UM,projected,UM,projected
Samoa,WSM,2028,6279.224398,UM,projected,UM,projected
Samoa,WSM,2029,6508.011376,UM,projected,UM,projected
Samoa,WSM,2030,6745.134332,UM,projected,UM,projected
Samoa,WSM,2031,6990.896993,UM,projected,UM,projected
Samoa,WSM,2032,7245.614151,UM,projected,UM,projected
Samoa,WSM,2033,7509.612068,UM,projected,UM,projected
Samoa,WSM,2034,7783.228894,UM,projected,UM,projected
Samoa,WSM,2035,8066.815099,UM,projected,UM,projected
Samoa,WSM,2036,8360.733922,UM,projected,UM,projected
Samoa,WSM,2037,8665.361838,UM,projected,UM,projected
Samoa,WSM,2038,8981.089039,UM,projected,UM,projected
Samoa,WSM,2039,9308.319934,UM,projected,UM,projected
Samoa,WSM,2040,9647.473665,UM,projected,UM,projected
Samoa,WSM,2041,9998.984648,UM,projected,UM,projected
Samoa,WSM,2042,10363.303126,UM,projected,UM,projected
Samoa,WSM,2043,10740.895748,UM,projected,UM,projected
Samoa,WSM,2044,11132.246163,UM,projected,UM,projected
Samoa,WSM,2045,11537.855644,UM,projected,UM,projected
Samoa,WSM,2046,11958.24373,UM,projected,UM,projected
Samoa,WSM,2047,12393.948885,UM,projected,UM,projected
Samoa,WSM,2048,12845.529196,UM,projected,UM,projected
Samoa,WSM,2049,13313.563082,UM,projected,UM,projected
Samoa,WSM,2050,13798.65004,UM,projected,UM,projected
San Marino,SMR,1991,,H,actual,H,frozen - only 6 of 10 annual rates
San Marino,SMR,1992,,H,actual,H,frozen - only 6 of 10 annual rates
San Marino,SMR,1993,,H,actual,H,frozen - only 6 of 10 annual rates
San Marino,SMR,2000,,H,actual,H,frozen - only 6 of 10 annual rates
San Marino,SMR,2001,,H,actual,H,frozen - only 6 of 10 annual rates
San Marino,SMR,2002,,H,actual,H,frozen - only 6 of 10 annual rates
San Marino,SMR,2003,,H,actual,H,frozen - only 6 of 10 annual rates
San Marino,SMR,2004,,H,actual,H,frozen - only 6 of 10 annual rates
San Marino,SMR,2005,,H,actual,H,frozen - only 6 of 10 annual rates
San Marino,SMR,2006,,H,actual,H,frozen - only 6 of 10 annual rates
San Marino,SMR,2007,,H,actual,H,frozen - only 6 of 10 annual rates
San Marino,SMR,2008,,H,actual,H,frozen - only 6 of 10 annual rates
San Marino,SMR,2009,,H,actual,H,frozen - only 6 of 10 annual rates
San Marino,SMR,2010,,H,actual,H,frozen - only 6 of 10 annual rates
San Marino,SMR,2011,,H,actual,H,frozen - only 6 of 10 annual rates
San Marino,SMR,2012,,H,actual,H,frozen - only 6 of 10 annual rates
San Marino,SMR,2013,,H,actual,H,frozen - only 6 of 10 annual rates
San Marino,SMR,2014,,H,actual,H,frozen - only 6 of 10 annual rates
San Marino,SMR,2015,,H,actual,H,frozen - only 6 of 10 annual rates
San Marino,SMR,2016,,H,actual,H,frozen - only 6 of 10 annual rates
San Marino,SMR,2017,40010.0,H,actual,H,frozen - only 6 of 10 annual rates
San Marino,SMR,2018,41800.0,H,actual,H,frozen - only 6 of 10 annual rates
San Marino,SMR,2019,43770.0,H,actual,H,frozen - only 6 of 10 annual rates
San Marino,SMR,2020,40570.0,H,actual,H,frozen - only 6 of 10 annual rates
San Marino,SMR,2021,48190.0,H,actual,H,frozen - only 6 of 10 annual rates
San Marino,SMR,2022,53950.0,H,actual,H,frozen - only 6 of 10 annual rates
San Marino,SMR,2023,53910.0,H,actual,H,frozen - only 6 of 10 annual rates
San Marino,SMR,2024,,H,actual,H,frozen - only 6 of 10 annual rates
San Marino,SMR,2025,,H,actual,H,frozen - only 6 of 10 annual rates
San Marino,SMR,2026,,H,projected,H,frozen - only 6 of 10 annual rates
San Marino,SMR,2027,,H,projected,H,frozen - only 6 of 10 annual rates
San Marino,SMR,2028,,H,projected,H,frozen - only 6 of 10 annual rates
San Marino,SMR,2029,,H,projected,H,frozen - only 6 of 10 annual rates
San Marino,SMR,2030,,H,projected,H,frozen - only 6 of 10 annual rates
San Marino,SMR,2031,,H,projected,H,frozen - only 6 of 10 annual rates
San Marino,SMR,2032,,H,projected,H,frozen - only 6 of 10 annual rates
San Marino,SMR,2033,,H,projected,H,frozen - only 6 of 10 annual rates
San Marino,SMR,2034,,H,projected,H,frozen - only 6 of 10 annual rates
San Marino,SMR,2035,,H,projected,H,frozen - only 6 of 10 annual rates
San Marino,SMR,2036,,H,projected,H,frozen - only 6 of 10 annual rates
San Marino,SMR,2037,,H,projected,H,frozen - only 6 of 10 annual rates
San Marino,SMR,2038,,H,projected,H,frozen - only 6 of 10 annual rates
San Marino,SMR,2039,,H,projected,H,frozen - only 6 of 10 annual rates
San Marino,SMR,2040,,H,projected,H,frozen - only 6 of 10 annual rates
San Marino,SMR,2041,,H,projected,H,frozen - only 6 of 10 annual rates
San Marino,SMR,2042,,H,projected,H,frozen - only 6 of 10 annual rates
San Marino,SMR,2043,,H,projected,H,frozen - only 6 of 10 annual rates
San Marino,SMR,2044,,H,projected,H,frozen - only 6 of 10 annual rates
San Marino,SMR,2045,,H,projected,H,frozen - only 6 of 10 annual rates
San Marino,SMR,2046,,H,projected,H,frozen - only 6 of 10 annual rates
San Marino,SMR,2047,,H,projected,H,frozen - only 6 of 10 annual rates
San Marino,SMR,2048,,H,projected,H,frozen - only 6 of 10 annual rates
San Marino,SMR,2049,,H,projected,H,frozen - only 6 of 10 annual rates
San Marino,SMR,2050,,H,projected,H,frozen - only 6 of 10 annual rates
Saudi Arabia,SAU,1987,11990.0,H,actual,H,projected
Saudi Arabia,SAU,1988,11640.0,H,actual,H,projected
Saudi Arabia,SAU,1989,10820.0,H,actual,H,projected
Saudi Arabia,SAU,1990,11230.0,UM,actual,H,projected
Saudi Arabia,SAU,1991,12160.0,UM,actual,H,projected
Saudi Arabia,SAU,1992,12720.0,UM,actual,H,projected
Saudi Arabia,SAU,1993,11970.0,UM,actual,H,projected
Saudi Arabia,SAU,1994,11180.0,UM,actual,H,projected
Saudi Arabia,SAU,1995,11020.0,UM,actual,H,projected
Saudi Arabia,SAU,1996,11280.0,UM,actual,H,projected
Saudi Arabia,SAU,1997,11440.0,UM,actual,H,projected
Saudi Arabia,SAU,1998,10780.0,UM,actual,H,projected
Saudi Arabia,SAU,1999,10250.0,UM,actual,H,projected
Saudi Arabia,SAU,2000,10450.0,UM,actual,H,projected
Saudi Arabia,SAU,2001,10540.0,UM,actual,H,projected
Saudi Arabia,SAU,2002,10310.0,UM,actual,H,projected
Saudi Arabia,SAU,2003,11140.0,UM,actual,H,projected
Saudi Arabia,SAU,2004,12880.0,H,actual,H,projected
Saudi Arabia,SAU,2005,14620.0,H,actual,H,projected
Saudi Arabia,SAU,2006,16250.0,H,actual,H,projected
Saudi Arabia,SAU,2007,17870.0,H,actual,H,projected
Saudi Arabia,SAU,2008,20540.0,H,actual,H,projected
Saudi Arabia,SAU,2009,19810.0,H,actual,H,projected
Saudi Arabia,SAU,2010,21820.0,H,actual,H,projected
Saudi Arabia,SAU,2011,24110.0,H,actual,H,projected
Saudi Arabia,SAU,2012,27610.0,H,actual,H,projected
Saudi Arabia,SAU,2013,28620.0,H,actual,H,projected
Saudi Arabia,SAU,2014,29080.0,H,actual,H,projected
Saudi Arabia,SAU,2015,26580.0,H,actual,H,projected
Saudi Arabia,SAU,2016,23940.0,H,actual,H,projected
Saudi Arabia,SAU,2017,23130.0,H,actual,H,projected
Saudi Arabia,SAU,2018,26570.0,H,actual,H,projected
Saudi Arabia,SAU,2019,29140.0,H,actual,H,projected
Saudi Arabia,SAU,2020,26940.0,H,actual,H,projected
Saudi Arabia,SAU,2021,30480.0,H,actual,H,projected
Saudi Arabia,SAU,2022,35110.0,H,actual,H,projected
Saudi Arabia,SAU,2023,36330.0,H,actual,H,projected
Saudi Arabia,SAU,2024,35990.0,H,actual,H,projected
Saudi Arabia,SAU,2025,36070.0,H,actual,H,projected
Saudi Arabia,SAU,2026,36736.767922,H,projected,H,projected
Saudi Arabia,SAU,2027,37415.861308,H,projected,H,projected
Saudi Arabia,SAU,2028,38107.507998,H,projected,H,projected
Saudi Arabia,SAU,2029,38811.940045,H,projected,H,projected
Saudi Arabia,SAU,2030,39529.393792,H,projected,H,projected
Saudi Arabia,SAU,2031,40260.109948,H,projected,H,projected
Saudi Arabia,SAU,2032,41004.333676,H,projected,H,projected
Saudi Arabia,SAU,2033,41762.314668,H,projected,H,projected
Saudi Arabia,SAU,2034,42534.307232,H,projected,H,projected
Saudi Arabia,SAU,2035,43320.570378,H,projected,H,projected
Saudi Arabia,SAU,2036,44121.367902,H,projected,H,projected
Saudi Arabia,SAU,2037,44936.968479,H,projected,H,projected
Saudi Arabia,SAU,2038,45767.645749,H,projected,H,projected
Saudi Arabia,SAU,2039,46613.678409,H,projected,H,projected
Saudi Arabia,SAU,2040,47475.350312,H,projected,H,projected
Saudi Arabia,SAU,2041,48352.950553,H,projected,H,projected
Saudi Arabia,SAU,2042,49246.773574,H,projected,H,projected
Saudi Arabia,SAU,2043,50157.11926,H,projected,H,projected
Saudi Arabia,SAU,2044,51084.293039,H,projected,H,projected
Saudi Arabia,SAU,2045,52028.605984,H,projected,H,projected
Saudi Arabia,SAU,2046,52990.37492,H,projected,H,projected
Saudi Arabia,SAU,2047,53969.922528,H,projected,H,projected
Saudi Arabia,SAU,2048,54967.577452,H,projected,H,projected
Saudi Arabia,SAU,2049,55983.674414,H,projected,H,projected
Saudi Arabia,SAU,2050,57018.554322,H,projected,H,projected
Senegal,SEN,1987,800.0,LM,actual,LM,projected
Senegal,SEN,1988,920.0,LM,actual,LM,projected
Senegal,SEN,1989,920.0,LM,actual,LM,projected
Senegal,SEN,1990,900.0,LM,actual,LM,projected
Senegal,SEN,1991,910.0,LM,actual,LM,projected
Senegal,SEN,1992,960.0,LM,actual,LM,projected
Senegal,SEN,1993,910.0,LM,actual,LM,projected
Senegal,SEN,1994,760.0,L,actual,LM,projected
Senegal,SEN,1995,720.0,L,actual,LM,projected
Senegal,SEN,1996,690.0,L,actual,LM,projected
Senegal,SEN,1997,700.0,L,actual,LM,projected
Senegal,SEN,1998,680.0,L,actual,LM,projected
Senegal,SEN,1999,670.0,L,actual,LM,projected
Senegal,SEN,2000,650.0,L,actual,LM,projected
Senegal,SEN,2001,640.0,L,actual,LM,projected
Senegal,SEN,2002,610.0,L,actual,LM,projected
Senegal,SEN,2003,710.0,L,actual,LM,projected
Senegal,SEN,2004,850.0,L,actual,LM,projected
Senegal,SEN,2005,980.0,L,actual,LM,projected
Senegal,SEN,2006,1020.0,L,actual,LM,projected
Senegal,SEN,2007,1090.0,L,actual,LM,projected
Senegal,SEN,2008,1240.0,L,actual,LM,projected
Senegal,SEN,2009,1330.0,LM,actual,LM,projected
Senegal,SEN,2010,1340.0,LM,actual,LM,projected
Senegal,SEN,2011,1310.0,LM,actual,LM,projected
Senegal,SEN,2012,1320.0,LM,actual,LM,projected
Senegal,SEN,2013,1350.0,LM,actual,LM,projected
Senegal,SEN,2014,1370.0,LM,actual,LM,projected
Senegal,SEN,2015,1320.0,L,actual,LM,projected
Senegal,SEN,2016,1270.0,L,actual,LM,projected
Senegal,SEN,2017,1270.0,L,actual,LM,projected
Senegal,SEN,2018,1390.0,LM,actual,LM,projected
Senegal,SEN,2019,1430.0,LM,actual,LM,projected
Senegal,SEN,2020,1430.0,LM,actual,LM,projected
Senegal,SEN,2021,1540.0,LM,actual,LM,projected
Senegal,SEN,2022,1590.0,LM,actual,LM,projected
Senegal,SEN,2023,1620.0,LM,actual,LM,projected
Senegal,SEN,2024,1630.0,LM,actual,LM,projected
Senegal,SEN,2025,1780.0,LM,actual,LM,projected
Senegal,SEN,2026,1822.403964,LM,projected,LM,projected
Senegal,SEN,2027,1865.818094,LM,projected,LM,projected
Senegal,SEN,2028,1910.266455,LM,projected,LM,projected
Senegal,SEN,2029,1955.773685,LM,projected,LM,projected
Senegal,SEN,2030,2002.365008,LM,projected,LM,projected
Senegal,SEN,2031,2050.066251,LM,projected,LM,projected
Senegal,SEN,2032,2098.903855,LM,projected,LM,projected
Senegal,SEN,2033,2148.90489,LM,projected,LM,projected
Senegal,SEN,2034,2200.097073,LM,projected,LM,projected
Senegal,SEN,2035,2252.508779,LM,projected,LM,projected
Senegal,SEN,2036,2306.16906,LM,projected,LM,projected
Senegal,SEN,2037,2361.10766,LM,projected,LM,projected
Senegal,SEN,2038,2417.355033,LM,projected,LM,projected
Senegal,SEN,2039,2474.942356,LM,projected,LM,projected
Senegal,SEN,2040,2533.90155,LM,projected,LM,projected
Senegal,SEN,2041,2594.265297,LM,projected,LM,projected
Senegal,SEN,2042,2656.067056,LM,projected,LM,projected
Senegal,SEN,2043,2719.341084,LM,projected,LM,projected
Senegal,SEN,2044,2784.122456,LM,projected,LM,projected
Senegal,SEN,2045,2850.447078,LM,projected,LM,projected
Senegal,SEN,2046,2918.351715,LM,projected,LM,projected
Senegal,SEN,2047,2987.874007,LM,projected,LM,projected
Senegal,SEN,2048,3059.05249,LM,projected,LM,projected
Senegal,SEN,2049,3131.92662,LM,projected,LM,projected
Senegal,SEN,2050,3206.53679,LM,projected,LM,projected
Serbia,SRB,1997,3210.0,,actual,UM,projected - cut from 10.0% to the UM p90 cap of 9.07%
Serbia,SRB,1998,3250.0,,actual,UM,projected - cut from 10.0% to the UM p90 cap of 9.07%
Serbia,SRB,1999,2800.0,,actual,UM,projected - cut from 10.0% to the UM p90 cap of 9.07%
Serbia,SRB,2000,1720.0,,actual,UM,projected - cut from 10.0% to the UM p90 cap of 9.07%
Serbia,SRB,2001,1630.0,,actual,UM,projected - cut from 10.0% to the UM p90 cap of 9.07%
Serbia,SRB,2002,1610.0,,actual,UM,projected - cut from 10.0% to the UM p90 cap of 9.07%
Serbia,SRB,2003,2510.0,,actual,UM,projected - cut from 10.0% to the UM p90 cap of 9.07%
Serbia,SRB,2004,3340.0,,actual,UM,projected - cut from 10.0% to the UM p90 cap of 9.07%
Serbia,SRB,2005,3940.0,,actual,UM,projected - cut from 10.0% to the UM p90 cap of 9.07%
Serbia,SRB,2006,4280.0,UM,actual,UM,projected - cut from 10.0% to the UM p90 cap of 9.07%
Serbia,SRB,2007,5000.0,UM,actual,UM,projected - cut from 10.0% to the UM p90 cap of 9.07%
Serbia,SRB,2008,6250.0,UM,actual,UM,projected - cut from 10.0% to the UM p90 cap of 9.07%
Serbia,SRB,2009,6680.0,UM,actual,UM,projected - cut from 10.0% to the UM p90 cap of 9.07%
Serbia,SRB,2010,6500.0,UM,actual,UM,projected - cut from 10.0% to the UM p90 cap of 9.07%
Serbia,SRB,2011,6380.0,UM,actual,UM,projected - cut from 10.0% to the UM p90 cap of 9.07%
Serbia,SRB,2012,6310.0,UM,actual,UM,projected - cut from 10.0% to the UM p90 cap of 9.07%
Serbia,SRB,2013,6630.0,UM,actual,UM,projected - cut from 10.0% to the UM p90 cap of 9.07%
Serbia,SRB,2014,6450.0,UM,actual,UM,projected - cut from 10.0% to the UM p90 cap of 9.07%
Serbia,SRB,2015,6210.0,UM,actual,UM,projected - cut from 10.0% to the UM p90 cap of 9.07%
Serbia,SRB,2016,5920.0,UM,actual,UM,projected - cut from 10.0% to the UM p90 cap of 9.07%
Serbia,SRB,2017,5810.0,UM,actual,UM,projected - cut from 10.0% to the UM p90 cap of 9.07%
Serbia,SRB,2018,6700.0,UM,actual,UM,projected - cut from 10.0% to the UM p90 cap of 9.07%
Serbia,SRB,2019,7380.0,UM,actual,UM,projected - cut from 10.0% to the UM p90 cap of 9.07%
Serbia,SRB,2020,7790.0,UM,actual,UM,projected - cut from 10.0% to the UM p90 cap of 9.07%
Serbia,SRB,2021,8890.0,UM,actual,UM,projected - cut from 10.0% to the UM p90 cap of 9.07%
Serbia,SRB,2022,9790.0,UM,actual,UM,projected - cut from 10.0% to the UM p90 cap of 9.07%
Serbia,SRB,2023,10750.0,UM,actual,UM,projected - cut from 10.0% to the UM p90 cap of 9.07%
Serbia,SRB,2024,11610.0,UM,actual,UM,projected - cut from 10.0% to the UM p90 cap of 9.07%
Serbia,SRB,2025,13480.0,UM,actual,UM,projected - cut from 10.0% to the UM p90 cap of 9.07%
Serbia,SRB,2026,14702.79776,H,projected,UM,projected - cut from 10.0% to the UM p90 cap of 9.07%
Serbia,SRB,2027,16036.51795,H,projected,UM,projected - cut from 10.0% to the UM p90 cap of 9.07%
Serbia,SRB,2028,17491.222567,H,projected,UM,projected - cut from 10.0% to the UM p90 cap of 9.07%
Serbia,SRB,2029,19077.886348,H,projected,UM,projected - cut from 10.0% to the UM p90 cap of 9.07%
Serbia,SRB,2030,20808.479575,H,projected,UM,projected - cut from 10.0% to the UM p90 cap of 9.07%
Serbia,SRB,2031,22696.058374,H,projected,UM,projected - cut from 10.0% to the UM p90 cap of 9.07%
Serbia,SRB,2032,24754.863221,H,projected,UM,projected - cut from 10.0% to the UM p90 cap of 9.07%
Serbia,SRB,2033,27000.426373,H,projected,UM,projected - cut from 10.0% to the UM p90 cap of 9.07%
Serbia,SRB,2034,29449.689051,H,projected,UM,projected - cut from 10.0% to the UM p90 cap of 9.07%
Serbia,SRB,2035,32121.129244,H,projected,UM,projected - cut from 10.0% to the UM p90 cap of 9.07%
Serbia,SRB,2036,35034.90112,H,projected,UM,projected - cut from 10.0% to the UM p90 cap of 9.07%
Serbia,SRB,2037,38212.98707,H,projected,UM,projected - cut from 10.0% to the UM p90 cap of 9.07%
Serbia,SRB,2038,41679.363553,H,projected,UM,projected - cut from 10.0% to the UM p90 cap of 9.07%
Serbia,SRB,2039,45460.18198,H,projected,UM,projected - cut from 10.0% to the UM p90 cap of 9.07%
Serbia,SRB,2040,49583.966008,H,projected,UM,projected - cut from 10.0% to the UM p90 cap of 9.07%
Serbia,SRB,2041,54081.826732,H,projected,UM,projected - cut from 10.0% to the UM p90 cap of 9.07%
Serbia,SRB,2042,58987.697399,H,projected,UM,projected - cut from 10.0% to the UM p90 cap of 9.07%
Serbia,SRB,2043,64338.589405,H,projected,UM,projected - cut from 10.0% to the UM p90 cap of 9.07%
Serbia,SRB,2044,70174.871527,H,projected,UM,projected - cut from 10.0% to the UM p90 cap of 9.07%
Serbia,SRB,2045,76540.574473,H,projected,UM,projected - cut from 10.0% to the UM p90 cap of 9.07%
Serbia,SRB,2046,83483.723065,H,projected,UM,projected - cut from 10.0% to the UM p90 cap of 9.07%
Serbia,SRB,2047,91056.698552,H,projected,UM,projected - cut from 10.0% to the UM p90 cap of 9.07%
Serbia,SRB,2048,99316.633791,H,projected,UM,projected - cut from 10.0% to the UM p90 cap of 9.07%
Serbia,SRB,2049,108325.844275,H,projected,UM,projected - cut from 10.0% to the UM p90 cap of 9.07%
Serbia,SRB,2050,118152.298261,H,projected,UM,projected - cut from 10.0% to the UM p90 cap of 9.07%
Seychelles,SYC,1987,3440.0,UM,actual,H,projected
Seychelles,SYC,1988,4250.0,UM,actual,H,projected
Seychelles,SYC,1989,4820.0,UM,actual,H,projected
Seychelles,SYC,1990,5370.0,UM,actual,H,projected
Seychelles,SYC,1991,5550.0,UM,actual,H,projected
Seychelles,SYC,1992,6400.0,UM,actual,H,projected
Seychelles,SYC,1993,6850.0,UM,actual,H,projected
Seychelles,SYC,1994,6900.0,UM,actual,H,projected
Seychelles,SYC,1995,6910.0,UM,actual,H,projected
Seychelles,SYC,1996,7430.0,UM,actual,H,projected
Seychelles,SYC,1997,7940.0,UM,actual,H,projected
Seychelles,SYC,1998,7520.0,UM,actual,H,projected
Seychelles,SYC,1999,7630.0,UM,actual,H,projected
Seychelles,SYC,2000,7920.0,UM,actual,H,projected
Seychelles,SYC,2001,7860.0,UM,actual,H,projected
Seychelles,SYC,2002,7330.0,UM,actual,H,projected
Seychelles,SYC,2003,8000.0,UM,actual,H,projected
Seychelles,SYC,2004,9870.0,UM,actual,H,projected
Seychelles,SYC,2005,11850.0,UM,actual,H,projected
Seychelles,SYC,2006,13380.0,UM,actual,H,projected
Seychelles,SYC,2007,12890.0,UM,actual,H,projected
Seychelles,SYC,2008,11520.0,UM,actual,H,projected
Seychelles,SYC,2009,10310.0,UM,actual,H,projected
Seychelles,SYC,2010,10160.0,UM,actual,H,projected
Seychelles,SYC,2011,11150.0,UM,actual,H,projected
Seychelles,SYC,2012,12540.0,UM,actual,H,projected
Seychelles,SYC,2013,12350.0,UM,actual,H,projected
Seychelles,SYC,2014,13340.0,H,actual,H,projected
Seychelles,SYC,2015,14750.0,H,actual,H,projected
Seychelles,SYC,2016,15630.0,H,actual,H,projected
Seychelles,SYC,2017,16180.0,H,actual,H,projected
Seychelles,SYC,2018,17620.0,H,actual,H,projected
Seychelles,SYC,2019,18700.0,H,actual,H,projected
Seychelles,SYC,2020,15400.0,H,actual,H,projected
Seychelles,SYC,2021,14890.0,H,actual,H,projected
Seychelles,SYC,2022,14390.0,H,actual,H,projected
Seychelles,SYC,2023,16340.0,H,actual,H,projected
Seychelles,SYC,2024,17700.0,H,actual,H,projected
Seychelles,SYC,2025,19200.0,H,actual,H,projected
Seychelles,SYC,2026,20361.16801,H,projected,H,projected
Seychelles,SYC,2027,21592.560559,H,projected,H,projected
Seychelles,SYC,2028,22898.424652,H,projected,H,projected
Seychelles,SYC,2029,24283.264141,H,projected,H,projected
Seychelles,SYC,2030,25751.855261,H,projected,H,projected
Seychelles,SYC,2031,27309.263101,H,projected,H,projected
Seychelles,SYC,2032,28960.859075,H,projected,H,projected
Seychelles,SYC,2033,30712.339445,H,projected,H,projected
Seychelles,SYC,2034,32569.74497,H,projected,H,projected
Seychelles,SYC,2035,34539.481738,H,projected,H,projected
Seychelles,SYC,2036,36628.343263,H,projected,H,projected
Seychelles,SYC,2037,38843.533912,H,projected,H,projected
Seychelles,SYC,2038,41192.693755,H,projected,H,projected
Seychelles,SYC,2039,43683.924914,H,projected,H,projected
Seychelles,SYC,2040,46325.819506,H,projected,H,projected
Seychelles,SYC,2041,49127.489279,H,projected,H,projected
Seychelles,SYC,2042,52098.597038,H,projected,H,projected
Seychelles,SYC,2043,55249.389968,H,projected,H,projected
Seychelles,SYC,2044,58590.734979,H,projected,H,projected
Seychelles,SYC,2045,62134.156185,H,projected,H,projected
Seychelles,SYC,2046,65891.874648,H,projected,H,projected
Seychelles,SYC,2047,69876.850532,H,projected,H,projected
Seychelles,SYC,2048,74102.827797,H,projected,H,projected
Seychelles,SYC,2049,78584.381605,H,projected,H,projected
Seychelles,SYC,2050,83336.968585,H,projected,H,projected
Sierra Leone,SLE,1987,180.0,L,actual,L,projected - raised from -1.2% to the 1.244% floor
Sierra Leone,SLE,1988,180.0,L,actual,L,projected - raised from -1.2% to the 1.244% floor
Sierra Leone,SLE,1989,210.0,L,actual,L,projected - raised from -1.2% to the 1.244% floor
Sierra Leone,SLE,1990,190.0,L,actual,L,projected - raised from -1.2% to the 1.244% floor
Sierra Leone,SLE,1991,180.0,L,actual,L,projected - raised from -1.2% to the 1.244% floor
Sierra Leone,SLE,1992,140.0,L,actual,L,projected - raised from -1.2% to the 1.244% floor
Sierra Leone,SLE,1993,160.0,L,actual,L,projected - raised from -1.2% to the 1.244% floor
Sierra Leone,SLE,1994,170.0,L,actual,L,projected - raised from -1.2% to the 1.244% floor
Sierra Leone,SLE,1995,190.0,L,actual,L,projected - raised from -1.2% to the 1.244% floor
Sierra Leone,SLE,1996,210.0,L,actual,L,projected - raised from -1.2% to the 1.244% floor
Sierra Leone,SLE,1997,200.0,L,actual,L,projected - raised from -1.2% to the 1.244% floor
Sierra Leone,SLE,1998,170.0,L,actual,L,projected - raised from -1.2% to the 1.244% floor
Sierra Leone,SLE,1999,160.0,L,actual,L,projected - raised from -1.2% to the 1.244% floor
Sierra Leone,SLE,2000,150.0,L,actual,L,projected - raised from -1.2% to the 1.244% floor
Sierra Leone,SLE,2001,170.0,L,actual,L,projected - raised from -1.2% to the 1.244% floor
Sierra Leone,SLE,2002,260.0,L,actual,L,projected - raised from -1.2% to the 1.244% floor
Sierra Leone,SLE,2003,420.0,L,actual,L,projected - raised from -1.2% to the 1.244% floor
Sierra Leone,SLE,2004,410.0,L,actual,L,projected - raised from -1.2% to the 1.244% floor
Sierra Leone,SLE,2005,440.0,L,actual,L,projected - raised from -1.2% to the 1.244% floor
Sierra Leone,SLE,2006,440.0,L,actual,L,projected - raised from -1.2% to the 1.244% floor
Sierra Leone,SLE,2007,480.0,L,actual,L,projected - raised from -1.2% to the 1.244% floor
Sierra Leone,SLE,2008,580.0,L,actual,L,projected - raised from -1.2% to the 1.244% floor
Sierra Leone,SLE,2009,650.0,L,actual,L,projected - raised from -1.2% to the 1.244% floor
Sierra Leone,SLE,2010,690.0,L,actual,L,projected - raised from -1.2% to the 1.244% floor
Sierra Leone,SLE,2011,710.0,L,actual,L,projected - raised from -1.2% to the 1.244% floor
Sierra Leone,SLE,2012,830.0,L,actual,L,projected - raised from -1.2% to the 1.244% floor
Sierra Leone,SLE,2013,970.0,L,actual,L,projected - raised from -1.2% to the 1.244% floor
Sierra Leone,SLE,2014,970.0,L,actual,L,projected - raised from -1.2% to the 1.244% floor
Sierra Leone,SLE,2015,950.0,L,actual,L,projected - raised from -1.2% to the 1.244% floor
Sierra Leone,SLE,2016,930.0,L,actual,L,projected - raised from -1.2% to the 1.244% floor
Sierra Leone,SLE,2017,840.0,L,actual,L,projected - raised from -1.2% to the 1.244% floor
Sierra Leone,SLE,2018,830.0,L,actual,L,projected - raised from -1.2% to the 1.244% floor
Sierra Leone,SLE,2019,850.0,L,actual,L,projected - raised from -1.2% to the 1.244% floor
Sierra Leone,SLE,2020,840.0,L,actual,L,projected - raised from -1.2% to the 1.244% floor
Sierra Leone,SLE,2021,890.0,L,actual,L,projected - raised from -1.2% to the 1.244% floor
Sierra Leone,SLE,2022,920.0,L,actual,L,projected - raised from -1.2% to the 1.244% floor
Sierra Leone,SLE,2023,870.0,L,actual,L,projected - raised from -1.2% to the 1.244% floor
Sierra Leone,SLE,2024,820.0,L,actual,L,projected - raised from -1.2% to the 1.244% floor
Sierra Leone,SLE,2025,830.0,L,actual,L,projected - raised from -1.2% to the 1.244% floor
Sierra Leone,SLE,2026,840.3252,L,projected,L,projected - raised from -1.2% to the 1.244% floor
Sierra Leone,SLE,2027,850.778845,L,projected,L,projected - raised from -1.2% to the 1.244% floor
Sierra Leone,SLE,2028,861.362534,L,projected,L,projected - raised from -1.2% to the 1.244% floor
Sierra Leone,SLE,2029,872.077884,L,projected,L,projected - raised from -1.2% to the 1.244% floor
Sierra Leone,SLE,2030,882.926533,L,projected,L,projected - raised from -1.2% to the 1.244% floor
Sierra Leone,SLE,2031,893.910139,L,projected,L,projected - raised from -1.2% to the 1.244% floor
Sierra Leone,SLE,2032,905.030381,L,projected,L,projected - raised from -1.2% to the 1.244% floor
Sierra Leone,SLE,2033,916.288959,L,projected,L,projected - raised from -1.2% to the 1.244% floor
Sierra Leone,SLE,2034,927.687594,L,projected,L,projected - raised from -1.2% to the 1.244% floor
Sierra Leone,SLE,2035,939.228028,L,projected,L,projected - raised from -1.2% to the 1.244% floor
Sierra Leone,SLE,2036,950.912024,L,projected,L,projected - raised from -1.2% to the 1.244% floor
Sierra Leone,SLE,2037,962.74137,L,projected,L,projected - raised from -1.2% to the 1.244% floor
Sierra Leone,SLE,2038,974.717872,L,projected,L,projected - raised from -1.2% to the 1.244% floor
Sierra Leone,SLE,2039,986.843363,L,projected,L,projected - raised from -1.2% to the 1.244% floor
Sierra Leone,SLE,2040,999.119694,L,projected,L,projected - raised from -1.2% to the 1.244% floor
Sierra Leone,SLE,2041,1011.548743,L,projected,L,projected - raised from -1.2% to the 1.244% floor
Sierra Leone,SLE,2042,1024.13241,L,projected,L,projected - raised from -1.2% to the 1.244% floor
Sierra Leone,SLE,2043,1036.872617,L,projected,L,projected - raised from -1.2% to the 1.244% floor
Sierra Leone,SLE,2044,1049.771312,L,projected,L,projected - raised from -1.2% to the 1.244% floor
Sierra Leone,SLE,2045,1062.830467,L,projected,L,projected - raised from -1.2% to the 1.244% floor
Sierra Leone,SLE,2046,1076.052078,L,projected,L,projected - raised from -1.2% to the 1.244% floor
Sierra Leone,SLE,2047,1089.438166,L,projected,L,projected - raised from -1.2% to the 1.244% floor
Sierra Leone,SLE,2048,1102.990777,L,projected,L,projected - raised from -1.2% to the 1.244% floor
Sierra Leone,SLE,2049,1116.711982,L,projected,L,projected - raised from -1.2% to the 1.244% floor
Sierra Leone,SLE,2050,1130.603879,L,projected,L,projected - raised from -1.2% to the 1.244% floor
Singapore,SGP,1987,8080.0,H,actual,H,projected
Singapore,SGP,1988,9320.0,H,actual,H,projected
Singapore,SGP,1989,10320.0,H,actual,H,projected
Singapore,SGP,1990,11450.0,H,actual,H,projected
Singapore,SGP,1991,12970.0,H,actual,H,projected
Singapore,SGP,1992,15270.0,H,actual,H,projected
Singapore,SGP,1993,17710.0,H,actual,H,projected
Singapore,SGP,1994,20780.0,H,actual,H,projected
Singapore,SGP,1995,23630.0,H,actual,H,projected
Singapore,SGP,1996,25610.0,H,actual,H,projected
Singapore,SGP,1997,27730.0,H,actual,H,projected
Singapore,SGP,1998,24010.0,H,actual,H,projected
Singapore,SGP,1999,23360.0,H,actual,H,projected
Singapore,SGP,2000,23680.0,H,actual,H,projected
Singapore,SGP,2001,22130.0,H,actual,H,projected
Singapore,SGP,2002,22000.0,H,actual,H,projected
Singapore,SGP,2003,23440.0,H,actual,H,projected
Singapore,SGP,2004,26170.0,H,actual,H,projected
Singapore,SGP,2005,28830.0,H,actual,H,projected
Singapore,SGP,2006,32550.0,H,actual,H,projected
Singapore,SGP,2007,36010.0,H,actual,H,projected
Singapore,SGP,2008,37230.0,H,actual,H,projected
Singapore,SGP,2009,37320.0,H,actual,H,projected
Singapore,SGP,2010,44930.0,H,actual,H,projected
Singapore,SGP,2011,48250.0,H,actual,H,projected
Singapore,SGP,2012,51710.0,H,actual,H,projected
Singapore,SGP,2013,54470.0,H,actual,H,projected
Singapore,SGP,2014,56380.0,H,actual,H,projected
Singapore,SGP,2015,53160.0,H,actual,H,projected
Singapore,SGP,2016,53600.0,H,actual,H,projected
Singapore,SGP,2017,55360.0,H,actual,H,projected
Singapore,SGP,2018,56440.0,H,actual,H,projected
Singapore,SGP,2019,58510.0,H,actual,H,projected
Singapore,SGP,2020,56290.0,H,actual,H,projected
Singapore,SGP,2021,65540.0,H,actual,H,projected
Singapore,SGP,2022,68100.0,H,actual,H,projected
Singapore,SGP,2023,69530.0,H,actual,H,projected
Singapore,SGP,2024,75820.0,H,actual,H,projected
Singapore,SGP,2025,81760.0,H,actual,H,projected
Singapore,SGP,2026,84601.64799,H,projected,H,projected
Singapore,SGP,2027,87542.060208,H,projected,H,projected
Singapore,SGP,2028,90584.6693,H,projected,H,projected
Singapore,SGP,2029,93733.027218,H,projected,H,projected
Singapore,SGP,2030,96990.809366,H,projected,H,projected
Singapore,SGP,2031,100361.818887,H,projected,H,projected
Singapore,SGP,2032,103849.991109,H,projected,H,projected
Singapore,SGP,2033,107459.398135,H,projected,H,projected
Singapore,SGP,2034,111194.253599,H,projected,H,projected
Singapore,SGP,2035,115058.917581,H,projected,H,projected
Singapore,SGP,2036,119057.901703,H,projected,H,projected
Singapore,SGP,2037,123195.874392,H,projected,H,projected
Singapore,SGP,2038,127477.666329,H,projected,H,projected
Singapore,SGP,2039,131908.276093,H,projected,H,projected
Singapore,SGP,2040,136492.87599,H,projected,H,projected
Singapore,SGP,2041,141236.818097,H,projected,H,projected
Singapore,SGP,2042,146145.640506,H,projected,H,projected
Singapore,SGP,2043,151225.073793,H,projected,H,projected
Singapore,SGP,2044,156481.047704,H,projected,H,projected
Singapore,SGP,2045,161919.698079,H,projected,H,projected
Singapore,SGP,2046,167547.374015,H,projected,H,projected
Singapore,SGP,2047,173370.645279,H,projected,H,projected
Singapore,SGP,2048,179396.309976,H,projected,H,projected
Singapore,SGP,2049,185631.402485,H,projected,H,projected
Singapore,SGP,2050,192083.201674,H,projected,H,projected
Sint Maarten (Dutch part),SXM,2010,,H,actual,H,projected
Sint Maarten (Dutch part),SXM,2011,26550.0,H,actual,H,projected
Sint Maarten (Dutch part),SXM,2012,26910.0,H,actual,H,projected
Sint Maarten (Dutch part),SXM,2013,27400.0,H,actual,H,projected
Sint Maarten (Dutch part),SXM,2014,29620.0,H,actual,H,projected
Sint Maarten (Dutch part),SXM,2015,31890.0,H,actual,H,projected
Sint Maarten (Dutch part),SXM,2016,35260.0,H,actual,H,projected
Sint Maarten (Dutch part),SXM,2017,32950.0,H,actual,H,projected
Sint Maarten (Dutch part),SXM,2018,31140.0,H,actual,H,projected
Sint Maarten (Dutch part),SXM,2019,34060.0,H,actual,H,projected
Sint Maarten (Dutch part),SXM,2020,29440.0,H,actual,H,projected
Sint Maarten (Dutch part),SXM,2021,31430.0,H,actual,H,projected
Sint Maarten (Dutch part),SXM,2022,36960.0,H,actual,H,projected
Sint Maarten (Dutch part),SXM,2023,38260.0,H,actual,H,projected
Sint Maarten (Dutch part),SXM,2024,38950.0,H,actual,H,projected
Sint Maarten (Dutch part),SXM,2025,,H,actual,H,projected
Sint Maarten (Dutch part),SXM,2026,40319.994589,H,projected,H,projected
Sint Maarten (Dutch part),SXM,2027,41738.176217,H,projected,H,projected
Sint Maarten (Dutch part),SXM,2028,43206.239774,H,projected,H,projected
Sint Maarten (Dutch part),SXM,2029,44725.939766,H,projected,H,projected
Sint Maarten (Dutch part),SXM,2030,46299.092409,H,projected,H,projected
Sint Maarten (Dutch part),SXM,2031,47927.577803,H,projected,H,projected
Sint Maarten (Dutch part),SXM,2032,49613.342173,H,projected,H,projected
Sint Maarten (Dutch part),SXM,2033,51358.400204,H,projected,H,projected
Sint Maarten (Dutch part),SXM,2034,53164.837441,H,projected,H,projected
Sint Maarten (Dutch part),SXM,2035,55034.812784,H,projected,H,projected
Sint Maarten (Dutch part),SXM,2036,56970.561069,H,projected,H,projected
Sint Maarten (Dutch part),SXM,2037,58974.395739,H,projected,H,projected
Sint Maarten (Dutch part),SXM,2038,61048.711606,H,projected,H,projected
Sint Maarten (Dutch part),SXM,2039,63195.987718,H,projected,H,projected
Sint Maarten (Dutch part),SXM,2040,65418.790316,H,projected,H,projected
Sint Maarten (Dutch part),SXM,2041,67719.775906,H,projected,H,projected
Sint Maarten (Dutch part),SXM,2042,70101.694431,H,projected,H,projected
Sint Maarten (Dutch part),SXM,2043,72567.392558,H,projected,H,projected
Sint Maarten (Dutch part),SXM,2044,75119.817079,H,projected,H,projected
Sint Maarten (Dutch part),SXM,2045,77762.018438,H,projected,H,projected
Sint Maarten (Dutch part),SXM,2046,80497.154368,H,projected,H,projected
Sint Maarten (Dutch part),SXM,2047,83328.493672,H,projected,H,projected
Sint Maarten (Dutch part),SXM,2048,86259.420126,H,projected,H,projected
Sint Maarten (Dutch part),SXM,2049,89293.436527,H,projected,H,projected
Sint Maarten (Dutch part),SXM,2050,92434.168872,H,projected,H,projected
Slovak Republic,SVK,1992,2320.0,LM,actual,H,projected
Slovak Republic,SVK,1993,2480.0,LM,actual,H,projected
Slovak Republic,SVK,1994,2890.0,LM,actual,H,projected
Slovak Republic,SVK,1995,3430.0,LM,actual,H,projected
Slovak Republic,SVK,1996,3960.0,UM,actual,H,projected
Slovak Republic,SVK,1997,4250.0,UM,actual,H,projected
Slovak Republic,SVK,1998,4230.0,UM,actual,H,projected
Slovak Republic,SVK,1999,4010.0,UM,actual,H,projected
Slovak Republic,SVK,2000,3960.0,UM,actual,H,projected
Slovak Republic,SVK,2001,3960.0,UM,actual,H,projected
Slovak Republic,SVK,2002,4220.0,UM,actual,H,projected
Slovak Republic,SVK,2003,4890.0,UM,actual,H,projected
Slovak Republic,SVK,2004,6520.0,UM,actual,H,projected
Slovak Republic,SVK,2005,8490.0,UM,actual,H,projected
Slovak Republic,SVK,2006,10090.0,UM,actual,H,projected
Slovak Republic,SVK,2007,12280.0,H,actual,H,projected
Slovak Republic,SVK,2008,15130.0,H,actual,H,projected
Slovak Republic,SVK,2009,16220.0,H,actual,H,projected
Slovak Republic,SVK,2010,17370.0,H,actual,H,projected
Slovak Republic,SVK,2011,17560.0,H,actual,H,projected
Slovak Republic,SVK,2012,17830.0,H,actual,H,projected
Slovak Republic,SVK,2013,18280.0,H,actual,H,projected
Slovak Republic,SVK,2014,18380.0,H,actual,H,projected
Slovak Republic,SVK,2015,17800.0,H,actual,H,projected
Slovak Republic,SVK,2016,16900.0,H,actual,H,projected
Slovak Republic,SVK,2017,16710.0,H,actual,H,projected
Slovak Republic,SVK,2018,18460.0,H,actual,H,projected
Slovak Republic,SVK,2019,19230.0,H,actual,H,projected
Slovak Republic,SVK,2020,19420.0,H,actual,H,projected
Slovak Republic,SVK,2021,21010.0,H,actual,H,projected
Slovak Republic,SVK,2022,21890.0,H,actual,H,projected
Slovak Republic,SVK,2023,22710.0,H,actual,H,projected
Slovak Republic,SVK,2024,23560.0,H,actual,H,projected
Slovak Republic,SVK,2025,26410.0,H,actual,H,projected
Slovak Republic,SVK,2026,27455.464104,H,projected,H,projected
Slovak Republic,SVK,2027,28542.313865,H,projected,H,projected
Slovak Republic,SVK,2028,29672.187571,H,projected,H,projected
Slovak Republic,SVK,2029,30846.788366,H,projected,H,projected
Slovak Republic,SVK,2030,32067.886812,H,projected,H,projected
Slovak Republic,SVK,2031,33337.323562,H,projected,H,projected
Slovak Republic,SVK,2032,34657.01213,H,projected,H,projected
Slovak Republic,SVK,2033,36028.941783,H,projected,H,projected
Slovak Republic,SVK,2034,37455.180532,H,projected,H,projected
Slovak Republic,SVK,2035,38937.87825,H,projected,H,projected
Slovak Republic,SVK,2036,40479.26992,H,projected,H,projected
Slovak Republic,SVK,2037,42081.678995,H,projected,H,projected
Slovak Republic,SVK,2038,43747.520904,H,projected,H,projected
Slovak Republic,SVK,2039,45479.306695,H,projected,H,projected
Slovak Republic,SVK,2040,47279.646817,H,projected,H,projected
Slovak Republic,SVK,2041,49151.255056,H,projected,H,projected
Slovak Republic,SVK,2042,51096.952626,H,projected,H,projected
Slovak Republic,SVK,2043,53119.672422,H,projected,H,projected
Slovak Republic,SVK,2044,55222.463438,H,projected,H,projected
Slovak Republic,SVK,2045,57408.495367,H,projected,H,projected
Slovak Republic,SVK,2046,59681.063378,H,projected,H,projected
Slovak Republic,SVK,2047,62043.593081,H,projected,H,projected
Slovak Republic,SVK,2048,64499.645691,H,projected,H,projected
Slovak Republic,SVK,2049,67052.9234,H,projected,H,projected
Slovak Republic,SVK,2050,69707.274952,H,projected,H,projected
Slovenia,SVN,1992,7120.0,UM,actual,H,projected
Slovenia,SVN,1993,6900.0,UM,actual,H,projected
Slovenia,SVN,1994,7610.0,UM,actual,H,projected
Slovenia,SVN,1995,9410.0,UM,actual,H,projected
Slovenia,SVN,1996,10510.0,UM,actual,H,projected
Slovenia,SVN,1997,11230.0,H,actual,H,projected
Slovenia,SVN,1998,10970.0,H,actual,H,projected
Slovenia,SVN,1999,11270.0,H,actual,H,projected
Slovenia,SVN,2000,11200.0,H,actual,H,projected
Slovenia,SVN,2001,10840.0,H,actual,H,projected
Slovenia,SVN,2002,10780.0,H,actual,H,projected
Slovenia,SVN,2003,12510.0,H,actual,H,projected
Slovenia,SVN,2004,15490.0,H,actual,H,projected
Slovenia,SVN,2005,18180.0,H,actual,H,projected
Slovenia,SVN,2006,19710.0,H,actual,H,projected
Slovenia,SVN,2007,21710.0,H,actual,H,projected
Slovenia,SVN,2008,24530.0,H,actual,H,projected
Slovenia,SVN,2009,24260.0,H,actual,H,projected
Slovenia,SVN,2010,24370.0,H,actual,H,projected
Slovenia,SVN,2011,24340.0,H,actual,H,projected
Slovenia,SVN,2012,23010.0,H,actual,H,projected
Slovenia,SVN,2013,23040.0,H,actual,H,projected
Slovenia,SVN,2014,23400.0,H,actual,H,projected
Slovenia,SVN,2015,22080.0,H,actual,H,projected
Slovenia,SVN,2016,21610.0,H,actual,H,projected
Slovenia,SVN,2017,22040.0,H,actual,H,projected
Slovenia,SVN,2018,24510.0,H,actual,H,projected
Slovenia,SVN,2019,25900.0,H,actual,H,projected
Slovenia,SVN,2020,25380.0,H,actual,H,projected
Slovenia,SVN,2021,28320.0,H,actual,H,projected
Slovenia,SVN,2022,29590.0,H,actual,H,projected
Slovenia,SVN,2023,31020.0,H,actual,H,projected
Slovenia,SVN,2024,31790.0,H,actual,H,projected
Slovenia,SVN,2025,35520.0,H,actual,H,projected
Slovenia,SVN,2026,37174.730641,H,projected,H,projected
Slovenia,SVN,2027,38906.548373,H,projected,H,projected
Slovenia,SVN,2028,40719.044368,H,projected,H,projected
Slovenia,SVN,2029,42615.977092,H,projected,H,projected
Slovenia,SVN,2030,44601.280107,H,projected,H,projected
Slovenia,SVN,2031,46679.07022,H,projected,H,projected
Slovenia,SVN,2032,48853.656024,H,projected,H,projected
Slovenia,SVN,2033,51129.546833,H,projected,H,projected
Slovenia,SVN,2034,53511.46203,H,projected,H,projected
Slovenia,SVN,2035,56004.340855,H,projected,H,projected
Slovenia,SVN,2036,58613.352646,H,projected,H,projected
Slovenia,SVN,2037,61343.907562,H,projected,H,projected
Slovenia,SVN,2038,64201.667794,H,projected,H,projected
Slovenia,SVN,2039,67192.559317,H,projected,H,projected
Slovenia,SVN,2040,70322.784169,H,projected,H,projected
Slovenia,SVN,2041,73598.833316,H,projected,H,projected
Slovenia,SVN,2042,77027.500113,H,projected,H,projected
Slovenia,SVN,2043,80615.894387,H,projected,H,projected
Slovenia,SVN,2044,84371.457185,H,projected,H,projected
Slovenia,SVN,2045,88301.9762,H,projected,H,projected
Slovenia,SVN,2046,92415.601922,H,projected,H,projected
Slovenia,SVN,2047,96720.86454,H,projected,H,projected
Slovenia,SVN,2048,101226.691628,H,projected,H,projected
Slovenia,SVN,2049,105942.426659,H,projected,H,projected
Slovenia,SVN,2050,110877.84838,H,projected,H,projected
Solomon Islands,SLB,1987,570.0,L,actual,LM,projected - raised from -1.0% to the 1.244% floor
Solomon Islands,SLB,1988,570.0,LM,actual,LM,projected - raised from -1.0% to the 1.244% floor
Solomon Islands,SLB,1989,560.0,L,actual,LM,projected - raised from -1.0% to the 1.244% floor
Solomon Islands,SLB,1990,600.0,L,actual,LM,projected - raised from -1.0% to the 1.244% floor
Solomon Islands,SLB,1991,620.0,L,actual,LM,projected - raised from -1.0% to the 1.244% floor
Solomon Islands,SLB,1992,750.0,LM,actual,LM,projected - raised from -1.0% to the 1.244% floor
Solomon Islands,SLB,1993,800.0,LM,actual,LM,projected - raised from -1.0% to the 1.244% floor
Solomon Islands,SLB,1994,940.0,LM,actual,LM,projected - raised from -1.0% to the 1.244% floor
Solomon Islands,SLB,1995,1120.0,LM,actual,LM,projected - raised from -1.0% to the 1.244% floor
Solomon Islands,SLB,1996,1230.0,LM,actual,LM,projected - raised from -1.0% to the 1.244% floor
Solomon Islands,SLB,1997,1220.0,LM,actual,LM,projected - raised from -1.0% to the 1.244% floor
Solomon Islands,SLB,1998,1150.0,L,actual,LM,projected - raised from -1.0% to the 1.244% floor
Solomon Islands,SLB,1999,1080.0,L,actual,LM,projected - raised from -1.0% to the 1.244% floor
Solomon Islands,SLB,2000,920.0,L,actual,LM,projected - raised from -1.0% to the 1.244% floor
Solomon Islands,SLB,2001,870.0,L,actual,LM,projected - raised from -1.0% to the 1.244% floor
Solomon Islands,SLB,2002,790.0,L,actual,LM,projected - raised from -1.0% to the 1.244% floor
Solomon Islands,SLB,2003,870.0,L,actual,LM,projected - raised from -1.0% to the 1.244% floor
Solomon Islands,SLB,2004,980.0,L,actual,LM,projected - raised from -1.0% to the 1.244% floor
Solomon Islands,SLB,2005,1130.0,L,actual,LM,projected - raised from -1.0% to the 1.244% floor
Solomon Islands,SLB,2006,1190.0,L,actual,LM,projected - raised from -1.0% to the 1.244% floor
Solomon Islands,SLB,2007,1260.0,L,actual,LM,projected - raised from -1.0% to the 1.244% floor
Solomon Islands,SLB,2008,1380.0,LM,actual,LM,projected - raised from -1.0% to the 1.244% floor
Solomon Islands,SLB,2009,1460.0,L,actual,LM,projected - raised from -1.0% to the 1.244% floor
Solomon Islands,SLB,2010,1600.0,LM,actual,LM,projected - raised from -1.0% to the 1.244% floor
Solomon Islands,SLB,2011,1690.0,LM,actual,LM,projected - raised from -1.0% to the 1.244% floor
Solomon Islands,SLB,2012,1820.0,LM,actual,LM,projected - raised from -1.0% to the 1.244% floor
Solomon Islands,SLB,2013,2090.0,LM,actual,LM,projected - raised from -1.0% to the 1.244% floor
Solomon Islands,SLB,2014,2090.0,LM,actual,LM,projected - raised from -1.0% to the 1.244% floor
Solomon Islands,SLB,2015,2010.0,LM,actual,LM,projected - raised from -1.0% to the 1.244% floor
Solomon Islands,SLB,2016,2000.0,LM,actual,LM,projected - raised from -1.0% to the 1.244% floor
Solomon Islands,SLB,2017,2020.0,LM,actual,LM,projected - raised from -1.0% to the 1.244% floor
Solomon Islands,SLB,2018,2150.0,LM,actual,LM,projected - raised from -1.0% to the 1.244% floor
Solomon Islands,SLB,2019,2210.0,LM,actual,LM,projected - raised from -1.0% to the 1.244% floor
Solomon Islands,SLB,2020,2170.0,LM,actual,LM,projected - raised from -1.0% to the 1.244% floor
Solomon Islands,SLB,2021,2120.0,LM,actual,LM,projected - raised from -1.0% to the 1.244% floor
Solomon Islands,SLB,2022,2010.0,LM,actual,LM,projected - raised from -1.0% to the 1.244% floor
Solomon Islands,SLB,2023,1980.0,LM,actual,LM,projected - raised from -1.0% to the 1.244% floor
Solomon Islands,SLB,2024,1910.0,LM,actual,LM,projected - raised from -1.0% to the 1.244% floor
Solomon Islands,SLB,2025,2020.0,LM,actual,LM,projected - raised from -1.0% to the 1.244% floor
Solomon Islands,SLB,2026,2045.1288,LM,projected,LM,projected - raised from -1.0% to the 1.244% floor
Solomon Islands,SLB,2027,2070.570202,LM,projected,LM,projected - raised from -1.0% to the 1.244% floor
Solomon Islands,SLB,2028,2096.328096,LM,projected,LM,projected - raised from -1.0% to the 1.244% floor
Solomon Islands,SLB,2029,2122.406417,LM,projected,LM,projected - raised from -1.0% to the 1.244% floor
Solomon Islands,SLB,2030,2148.809153,LM,projected,LM,projected - raised from -1.0% to the 1.244% floor
Solomon Islands,SLB,2031,2175.540339,LM,projected,LM,projected - raised from -1.0% to the 1.244% floor
Solomon Islands,SLB,2032,2202.604061,LM,projected,LM,projected - raised from -1.0% to the 1.244% floor
Solomon Islands,SLB,2033,2230.004455,LM,projected,LM,projected - raised from -1.0% to the 1.244% floor
Solomon Islands,SLB,2034,2257.745711,LM,projected,LM,projected - raised from -1.0% to the 1.244% floor
Solomon Islands,SLB,2035,2285.832067,LM,projected,LM,projected - raised from -1.0% to the 1.244% floor
Solomon Islands,SLB,2036,2314.267818,LM,projected,LM,projected - raised from -1.0% to the 1.244% floor
Solomon Islands,SLB,2037,2343.05731,LM,projected,LM,projected - raised from -1.0% to the 1.244% floor
Solomon Islands,SLB,2038,2372.204943,LM,projected,LM,projected - raised from -1.0% to the 1.244% floor
Solomon Islands,SLB,2039,2401.715172,LM,projected,LM,projected - raised from -1.0% to the 1.244% floor
Solomon Islands,SLB,2040,2431.592509,LM,projected,LM,projected - raised from -1.0% to the 1.244% floor
Solomon Islands,SLB,2041,2461.84152,LM,projected,LM,projected - raised from -1.0% to the 1.244% floor
Solomon Islands,SLB,2042,2492.466828,LM,projected,LM,projected - raised from -1.0% to the 1.244% floor
Solomon Islands,SLB,2043,2523.473116,LM,projected,LM,projected - raised from -1.0% to the 1.244% floor
Solomon Islands,SLB,2044,2554.865121,LM,projected,LM,projected - raised from -1.0% to the 1.244% floor
Solomon Islands,SLB,2045,2586.647643,LM,projected,LM,projected - raised from -1.0% to the 1.244% floor
Solomon Islands,SLB,2046,2618.82554,LM,projected,LM,projected - raised from -1.0% to the 1.244% floor
Solomon Islands,SLB,2047,2651.40373,LM,projected,LM,projected - raised from -1.0% to the 1.244% floor
Solomon Islands,SLB,2048,2684.387192,LM,projected,LM,projected - raised from -1.0% to the 1.244% floor
Solomon Islands,SLB,2049,2717.780969,LM,projected,LM,projected - raised from -1.0% to the 1.244% floor
Solomon Islands,SLB,2050,2751.590164,LM,projected,LM,projected - raised from -1.0% to the 1.244% floor
"Somalia, Fed. Rep.",SOM,1987,150.0,L,actual,L,projected
"Somalia, Fed. Rep.",SOM,1988,160.0,L,actual,L,projected
"Somalia, Fed. Rep.",SOM,1989,160.0,L,actual,L,projected
"Somalia, Fed. Rep.",SOM,1990,160.0,L,actual,L,projected
"Somalia, Fed. Rep.",SOM,1991,140.0,L,actual,L,projected
"Somalia, Fed. Rep.",SOM,1992,120.0,L,actual,L,projected
"Somalia, Fed. Rep.",SOM,1993,130.0,L,actual,L,projected
"Somalia, Fed. Rep.",SOM,1994,130.0,L,actual,L,projected
"Somalia, Fed. Rep.",SOM,1995,190.0,L,actual,L,projected
"Somalia, Fed. Rep.",SOM,1996,230.0,L,actual,L,projected
"Somalia, Fed. Rep.",SOM,1997,240.0,L,actual,L,projected
"Somalia, Fed. Rep.",SOM,1998,270.0,L,actual,L,projected
"Somalia, Fed. Rep.",SOM,1999,320.0,L,actual,L,projected
"Somalia, Fed. Rep.",SOM,2000,370.0,L,actual,L,projected
"Somalia, Fed. Rep.",SOM,2001,320.0,L,actual,L,projected
"Somalia, Fed. Rep.",SOM,2002,270.0,L,actual,L,projected
"Somalia, Fed. Rep.",SOM,2003,260.0,L,actual,L,projected
"Somalia, Fed. Rep.",SOM,2004,310.0,L,actual,L,projected
"Somalia, Fed. Rep.",SOM,2005,390.0,L,actual,L,projected
"Somalia, Fed. Rep.",SOM,2006,450.0,L,actual,L,projected
"Somalia, Fed. Rep.",SOM,2007,480.0,L,actual,L,projected
"Somalia, Fed. Rep.",SOM,2008,510.0,L,actual,L,projected
"Somalia, Fed. Rep.",SOM,2009,380.0,L,actual,L,projected
"Somalia, Fed. Rep.",SOM,2010,290.0,L,actual,L,projected
"Somalia, Fed. Rep.",SOM,2011,250.0,L,actual,L,projected
"Somalia, Fed. Rep.",SOM,2012,280.0,L,actual,L,projected
"Somalia, Fed. Rep.",SOM,2013,340.0,L,actual,L,projected
"Somalia, Fed. Rep.",SOM,2014,410.0,L,actual,L,projected
"Somalia, Fed. Rep.",SOM,2015,440.0,L,actual,L,projected
"Somalia, Fed. Rep.",SOM,2016,450.0,L,actual,L,projected
"Somalia, Fed. Rep.",SOM,2017,500.0,L,actual,L,projected
"Somalia, Fed. Rep.",SOM,2018,510.0,L,actual,L,projected
"Somalia, Fed. Rep.",SOM,2019,520.0,L,actual,L,projected
"Somalia, Fed. Rep.",SOM,2020,500.0,L,actual,L,projected
"Somalia, Fed. Rep.",SOM,2021,540.0,L,actual,L,projected
"Somalia, Fed. Rep.",SOM,2022,570.0,L,actual,L,projected
"Somalia, Fed. Rep.",SOM,2023,600.0,L,actual,L,projected
"Somalia, Fed. Rep.",SOM,2024,620.0,L,actual,L,projected
"Somalia, Fed. Rep.",SOM,2025,640.0,L,actual,L,projected
"Somalia, Fed. Rep.",SOM,2026,660.989247,L,projected,L,projected
"Somalia, Fed. Rep.",SOM,2027,682.666852,L,projected,L,projected
"Somalia, Fed. Rep.",SOM,2028,705.055388,L,projected,L,projected
"Somalia, Fed. Rep.",SOM,2029,728.178172,L,projected,L,projected
"Somalia, Fed. Rep.",SOM,2030,752.059285,L,projected,L,projected
"Somalia, Fed. Rep.",SOM,2031,776.723594,L,projected,L,projected
"Somalia, Fed. Rep.",SOM,2032,802.196788,L,projected,L,projected
"Somalia, Fed. Rep.",SOM,2033,828.505392,L,projected,L,projected
"Somalia, Fed. Rep.",SOM,2034,855.676805,L,projected,L,projected
"Somalia, Fed. Rep.",SOM,2035,883.739324,L,projected,L,projected
"Somalia, Fed. Rep.",SOM,2036,912.722173,L,projected,L,projected
"Somalia, Fed. Rep.",SOM,2037,942.655535,L,projected,L,projected
"Somalia, Fed. Rep.",SOM,2038,973.570582,L,projected,L,projected
"Somalia, Fed. Rep.",SOM,2039,1005.499509,L,projected,L,projected
"Somalia, Fed. Rep.",SOM,2040,1038.475568,L,projected,L,projected
"Somalia, Fed. Rep.",SOM,2041,1072.533101,L,projected,L,projected
"Somalia, Fed. Rep.",SOM,2042,1107.707573,L,projected,L,projected
"Somalia, Fed. Rep.",SOM,2043,1144.035617,L,projected,L,projected
"Somalia, Fed. Rep.",SOM,2044,1181.555065,L,projected,L,projected
"Somalia, Fed. Rep.",SOM,2045,1220.304989,L,projected,L,projected
"Somalia, Fed. Rep.",SOM,2046,1260.325744,L,projected,L,projected
"Somalia, Fed. Rep.",SOM,2047,1301.659008,L,projected,L,projected
"Somalia, Fed. Rep.",SOM,2048,1344.347825,L,projected,L,projected
"Somalia, Fed. Rep.",SOM,2049,1388.436651,L,projected,L,projected
"Somalia, Fed. Rep.",SOM,2050,1433.971402,L,projected,L,projected
South Africa,ZAF,1987,2220.0,LM,actual,UM,projected - raised from 1.1% to the 1.244% floor
South Africa,ZAF,1988,2660.0,UM,actual,UM,projected - raised from 1.1% to the 1.244% floor
South Africa,ZAF,1989,2810.0,UM,actual,UM,projected - raised from 1.1% to the 1.244% floor
South Africa,ZAF,1990,2830.0,UM,actual,UM,projected - raised from 1.1% to the 1.244% floor
South Africa,ZAF,1991,2960.0,UM,actual,UM,projected - raised from 1.1% to the 1.244% floor
South Africa,ZAF,1992,3230.0,UM,actual,UM,projected - raised from 1.1% to the 1.244% floor
South Africa,ZAF,1993,3380.0,UM,actual,UM,projected - raised from 1.1% to the 1.244% floor
South Africa,ZAF,1994,3550.0,UM,actual,UM,projected - raised from 1.1% to the 1.244% floor
South Africa,ZAF,1995,3730.0,UM,actual,UM,projected - raised from 1.1% to the 1.244% floor
South Africa,ZAF,1996,3790.0,UM,actual,UM,projected - raised from 1.1% to the 1.244% floor
South Africa,ZAF,1997,3750.0,UM,actual,UM,projected - raised from 1.1% to the 1.244% floor
South Africa,ZAF,1998,3390.0,LM,actual,UM,projected - raised from 1.1% to the 1.244% floor
South Africa,ZAF,1999,3300.0,UM,actual,UM,projected - raised from 1.1% to the 1.244% floor
South Africa,ZAF,2000,3260.0,UM,actual,UM,projected - raised from 1.1% to the 1.244% floor
South Africa,ZAF,2001,3060.0,LM,actual,UM,projected - raised from 1.1% to the 1.244% floor
South Africa,ZAF,2002,2870.0,LM,actual,UM,projected - raised from 1.1% to the 1.244% floor
South Africa,ZAF,2003,3160.0,LM,actual,UM,projected - raised from 1.1% to the 1.244% floor
South Africa,ZAF,2004,4040.0,UM,actual,UM,projected - raised from 1.1% to the 1.244% floor
South Africa,ZAF,2005,5430.0,UM,actual,UM,projected - raised from 1.1% to the 1.244% floor
South Africa,ZAF,2006,6120.0,UM,actual,UM,projected - raised from 1.1% to the 1.244% floor
South Africa,ZAF,2007,6440.0,UM,actual,UM,projected - raised from 1.1% to the 1.244% floor
South Africa,ZAF,2008,6490.0,UM,actual,UM,projected - raised from 1.1% to the 1.244% floor
South Africa,ZAF,2009,6350.0,UM,actual,UM,projected - raised from 1.1% to the 1.244% floor
South Africa,ZAF,2010,6730.0,UM,actual,UM,projected - raised from 1.1% to the 1.244% floor
South Africa,ZAF,2011,7620.0,UM,actual,UM,projected - raised from 1.1% to the 1.244% floor
South Africa,ZAF,2012,8220.0,UM,actual,UM,projected - raised from 1.1% to the 1.244% floor
South Africa,ZAF,2013,7930.0,UM,actual,UM,projected - raised from 1.1% to the 1.244% floor
South Africa,ZAF,2014,7230.0,UM,actual,UM,projected - raised from 1.1% to the 1.244% floor
South Africa,ZAF,2015,6450.0,UM,actual,UM,projected - raised from 1.1% to the 1.244% floor
South Africa,ZAF,2016,5880.0,UM,actual,UM,projected - raised from 1.1% to the 1.244% floor
South Africa,ZAF,2017,5850.0,UM,actual,UM,projected - raised from 1.1% to the 1.244% floor
South Africa,ZAF,2018,6250.0,UM,actual,UM,projected - raised from 1.1% to the 1.244% floor
South Africa,ZAF,2019,6570.0,UM,actual,UM,projected - raised from 1.1% to the 1.244% floor
South Africa,ZAF,2020,5930.0,UM,actual,UM,projected - raised from 1.1% to the 1.244% floor
South Africa,ZAF,2021,6320.0,UM,actual,UM,projected - raised from 1.1% to the 1.244% floor
South Africa,ZAF,2022,6530.0,UM,actual,UM,projected - raised from 1.1% to the 1.244% floor
South Africa,ZAF,2023,6490.0,UM,actual,UM,projected - raised from 1.1% to the 1.244% floor
South Africa,ZAF,2024,6110.0,UM,actual,UM,projected - raised from 1.1% to the 1.244% floor
South Africa,ZAF,2025,6270.0,UM,actual,UM,projected - raised from 1.1% to the 1.244% floor
South Africa,ZAF,2026,6347.9988,UM,projected,UM,projected - raised from 1.1% to the 1.244% floor
South Africa,ZAF,2027,6426.967905,UM,projected,UM,projected - raised from 1.1% to the 1.244% floor
South Africa,ZAF,2028,6506.919386,UM,projected,UM,projected - raised from 1.1% to the 1.244% floor
South Africa,ZAF,2029,6587.865463,UM,projected,UM,projected - raised from 1.1% to the 1.244% floor
South Africa,ZAF,2030,6669.818509,UM,projected,UM,projected - raised from 1.1% to the 1.244% floor
South Africa,ZAF,2031,6752.791052,UM,projected,UM,projected - raised from 1.1% to the 1.244% floor
South Africa,ZAF,2032,6836.795772,UM,projected,UM,projected - raised from 1.1% to the 1.244% floor
South Africa,ZAF,2033,6921.845512,UM,projected,UM,projected - raised from 1.1% to the 1.244% floor
South Africa,ZAF,2034,7007.95327,UM,projected,UM,projected - raised from 1.1% to the 1.244% floor
South Africa,ZAF,2035,7095.132209,UM,projected,UM,projected - raised from 1.1% to the 1.244% floor
South Africa,ZAF,2036,7183.395653,UM,projected,UM,projected - raised from 1.1% to the 1.244% floor
South Africa,ZAF,2037,7272.757095,UM,projected,UM,projected - raised from 1.1% to the 1.244% floor
South Africa,ZAF,2038,7363.230193,UM,projected,UM,projected - raised from 1.1% to the 1.244% floor
South Africa,ZAF,2039,7454.828777,UM,projected,UM,projected - raised from 1.1% to the 1.244% floor
South Africa,ZAF,2040,7547.566847,UM,projected,UM,projected - raised from 1.1% to the 1.244% floor
South Africa,ZAF,2041,7641.458579,UM,projected,UM,projected - raised from 1.1% to the 1.244% floor
South Africa,ZAF,2042,7736.518323,UM,projected,UM,projected - raised from 1.1% to the 1.244% floor
South Africa,ZAF,2043,7832.760611,UM,projected,UM,projected - raised from 1.1% to the 1.244% floor
South Africa,ZAF,2044,7930.200153,UM,projected,UM,projected - raised from 1.1% to the 1.244% floor
South Africa,ZAF,2045,8028.851843,UM,projected,UM,projected - raised from 1.1% to the 1.244% floor
South Africa,ZAF,2046,8128.73076,UM,projected,UM,projected - raised from 1.1% to the 1.244% floor
South Africa,ZAF,2047,8229.852171,UM,projected,UM,projected - raised from 1.1% to the 1.244% floor
South Africa,ZAF,2048,8332.231532,UM,projected,UM,projected - raised from 1.1% to the 1.244% floor
South Africa,ZAF,2049,8435.884492,UM,projected,UM,projected - raised from 1.1% to the 1.244% floor
South Africa,ZAF,2050,8540.826895,UM,projected,UM,projected - raised from 1.1% to the 1.244% floor
South Sudan,SSD,2011,770.0,LM,actual,L,frozen - only 0 of 10 annual rates
South Sudan,SSD,2012,800.0,L,actual,L,frozen - only 0 of 10 annual rates
South Sudan,SSD,2013,1080.0,LM,actual,L,frozen - only 0 of 10 annual rates
South Sudan,SSD,2014,1170.0,L,actual,L,frozen - only 0 of 10 annual rates
South Sudan,SSD,2015,1050.0,L,actual,L,frozen - only 0 of 10 annual rates
South Sudan,SSD,2016,,L,actual,L,frozen - only 0 of 10 annual rates
South Sudan,SSD,2017,,L,actual,L,frozen - only 0 of 10 annual rates
South Sudan,SSD,2018,,L,actual,L,frozen - only 0 of 10 annual rates
South Sudan,SSD,2019,,L,actual,L,frozen - only 0 of 10 annual rates
South Sudan,SSD,2020,,L,actual,L,frozen - only 0 of 10 annual rates
South Sudan,SSD,2021,,L,actual,L,frozen - only 0 of 10 annual rates
South Sudan,SSD,2022,,L,actual,L,frozen - only 0 of 10 annual rates
South Sudan,SSD,2023,,L,actual,L,frozen - only 0 of 10 annual rates
South Sudan,SSD,2024,,L,actual,L,frozen - only 0 of 10 annual rates
South Sudan,SSD,2025,,L,actual,L,frozen - only 0 of 10 annual rates
South Sudan,SSD,2026,,L,projected,L,frozen - only 0 of 10 annual rates
South Sudan,SSD,2027,,L,projected,L,frozen - only 0 of 10 annual rates
South Sudan,SSD,2028,,L,projected,L,frozen - only 0 of 10 annual rates
South Sudan,SSD,2029,,L,projected,L,frozen - only 0 of 10 annual rates
South Sudan,SSD,2030,,L,projected,L,frozen - only 0 of 10 annual rates
South Sudan,SSD,2031,,L,projected,L,frozen - only 0 of 10 annual rates
South Sudan,SSD,2032,,L,projected,L,frozen - only 0 of 10 annual rates
South Sudan,SSD,2033,,L,projected,L,frozen - only 0 of 10 annual rates
South Sudan,SSD,2034,,L,projected,L,frozen - only 0 of 10 annual rates
South Sudan,SSD,2035,,L,projected,L,frozen - only 0 of 10 annual rates
South Sudan,SSD,2036,,L,projected,L,frozen - only 0 of 10 annual rates
South Sudan,SSD,2037,,L,projected,L,frozen - only 0 of 10 annual rates
South Sudan,SSD,2038,,L,projected,L,frozen - only 0 of 10 annual rates
South Sudan,SSD,2039,,L,projected,L,frozen - only 0 of 10 annual rates
South Sudan,SSD,2040,,L,projected,L,frozen - only 0 of 10 annual rates
South Sudan,SSD,2041,,L,projected,L,frozen - only 0 of 10 annual rates
South Sudan,SSD,2042,,L,projected,L,frozen - only 0 of 10 annual rates
South Sudan,SSD,2043,,L,projected,L,frozen - only 0 of 10 annual rates
South Sudan,SSD,2044,,L,projected,L,frozen - only 0 of 10 annual rates
South Sudan,SSD,2045,,L,projected,L,frozen - only 0 of 10 annual rates
South Sudan,SSD,2046,,L,projected,L,frozen - only 0 of 10 annual rates
South Sudan,SSD,2047,,L,projected,L,frozen - only 0 of 10 annual rates
South Sudan,SSD,2048,,L,projected,L,frozen - only 0 of 10 annual rates
South Sudan,SSD,2049,,L,projected,L,frozen - only 0 of 10 annual rates
South Sudan,SSD,2050,,L,projected,L,frozen - only 0 of 10 annual rates
Spain,ESP,1987,7100.0,H,actual,H,projected
Spain,ESP,1988,9400.0,H,actual,H,projected
Spain,ESP,1989,10690.0,H,actual,H,projected
Spain,ESP,1990,12190.0,H,actual,H,projected
Spain,ESP,1991,13680.0,H,actual,H,projected
Spain,ESP,1992,15590.0,H,actual,H,projected
Spain,ESP,1993,15000.0,H,actual,H,projected
Spain,ESP,1994,14460.0,H,actual,H,projected
Spain,ESP,1995,14810.0,H,actual,H,projected
Spain,ESP,1996,15540.0,H,actual,H,projected
Spain,ESP,1997,15790.0,H,actual,H,projected
Spain,ESP,1998,15410.0,H,actual,H,projected
Spain,ESP,1999,15450.0,H,actual,H,projected
Spain,ESP,2000,15770.0,H,actual,H,projected
Spain,ESP,2001,15530.0,H,actual,H,projected
Spain,ESP,2002,15630.0,H,actual,H,projected
Spain,ESP,2003,18080.0,H,actual,H,projected
Spain,ESP,2004,22140.0,H,actual,H,projected
Spain,ESP,2005,25910.0,H,actual,H,projected
Spain,ESP,2006,27860.0,H,actual,H,projected
Spain,ESP,2007,29780.0,H,actual,H,projected
Spain,ESP,2008,32270.0,H,actual,H,projected
Spain,ESP,2009,32630.0,H,actual,H,projected
Spain,ESP,2010,32060.0,H,actual,H,projected
Spain,ESP,2011,31170.0,H,actual,H,projected
Spain,ESP,2012,29710.0,H,actual,H,projected
Spain,ESP,2013,29400.0,H,actual,H,projected
Spain,ESP,2014,29350.0,H,actual,H,projected
Spain,ESP,2015,28700.0,H,actual,H,projected
Spain,ESP,2016,27760.0,H,actual,H,projected
Spain,ESP,2017,27290.0,H,actual,H,projected
Spain,ESP,2018,29530.0,H,actual,H,projected
Spain,ESP,2019,30560.0,H,actual,H,projected
Spain,ESP,2020,27410.0,H,actual,H,projected
Spain,ESP,2021,30380.0,H,actual,H,projected
Spain,ESP,2022,32690.0,H,actual,H,projected
Spain,ESP,2023,32980.0,H,actual,H,projected
Spain,ESP,2024,33550.0,H,actual,H,projected
Spain,ESP,2025,37120.0,H,actual,H,projected
Spain,ESP,2026,38088.145006,H,projected,H,projected
Spain,ESP,2027,39081.540678,H,projected,H,projected
Spain,ESP,2028,40100.845592,H,projected,H,projected
Spain,ESP,2029,41146.7355,H,projected,H,projected
Spain,ESP,2030,42219.903778,H,projected,H,projected
Spain,ESP,2031,43321.061886,H,projected,H,projected
Spain,ESP,2032,44450.939841,H,projected,H,projected
Spain,ESP,2033,45610.2867,H,projected,H,projected
Spain,ESP,2034,46799.871055,H,projected,H,projected
Spain,ESP,2035,48020.481546,H,projected,H,projected
Spain,ESP,2036,49272.92738,H,projected,H,projected
Spain,ESP,2037,50558.038872,H,projected,H,projected
Spain,ESP,2038,51876.667989,H,projected,H,projected
Spain,ESP,2039,53229.688921,H,projected,H,projected
Spain,ESP,2040,54617.998659,H,projected,H,projected
Spain,ESP,2041,56042.517587,H,projected,H,projected
Spain,ESP,2042,57504.190095,H,projected,H,projected
Spain,ESP,2043,59003.985204,H,projected,H,projected
Spain,ESP,2044,60542.897208,H,projected,H,projected
Spain,ESP,2045,62121.946334,H,projected,H,projected
Spain,ESP,2046,63742.179418,H,projected,H,projected
Spain,ESP,2047,65404.670599,H,projected,H,projected
Spain,ESP,2048,67110.522032,H,projected,H,projected
Spain,ESP,2049,68860.864616,H,projected,H,projected
Spain,ESP,2050,70656.858747,H,projected,H,projected
Sri Lanka,LKA,1987,450.0,L,actual,UM,projected
Sri Lanka,LKA,1988,480.0,L,actual,UM,projected
Sri Lanka,LKA,1989,470.0,L,actual,UM,projected
Sri Lanka,LKA,1990,490.0,L,actual,UM,projected
Sri Lanka,LKA,1991,530.0,L,actual,UM,projected
Sri Lanka,LKA,1992,580.0,L,actual,UM,projected
Sri Lanka,LKA,1993,630.0,L,actual,UM,projected
Sri Lanka,LKA,1994,670.0,L,actual,UM,projected
Sri Lanka,LKA,1995,720.0,L,actual,UM,projected
Sri Lanka,LKA,1996,760.0,L,actual,UM,projected
Sri Lanka,LKA,1997,810.0,LM,actual,UM,projected
Sri Lanka,LKA,1998,810.0,LM,actual,UM,projected
Sri Lanka,LKA,1999,830.0,LM,actual,UM,projected
Sri Lanka,LKA,2000,860.0,LM,actual,UM,projected
Sri Lanka,LKA,2001,810.0,LM,actual,UM,projected
Sri Lanka,LKA,2002,820.0,LM,actual,UM,projected
Sri Lanka,LKA,2003,910.0,LM,actual,UM,projected
Sri Lanka,LKA,2004,1030.0,LM,actual,UM,projected
Sri Lanka,LKA,2005,1170.0,LM,actual,UM,projected
Sri Lanka,LKA,2006,1320.0,LM,actual,UM,projected
Sri Lanka,LKA,2007,1500.0,LM,actual,UM,projected
Sri Lanka,LKA,2008,1740.0,LM,actual,UM,projected
Sri Lanka,LKA,2009,1950.0,LM,actual,UM,projected
Sri Lanka,LKA,2010,2360.0,LM,actual,UM,projected
Sri Lanka,LKA,2011,2830.0,LM,actual,UM,projected
Sri Lanka,LKA,2012,3340.0,LM,actual,UM,projected
Sri Lanka,LKA,2013,3630.0,LM,actual,UM,projected
Sri Lanka,LKA,2014,3810.0,LM,actual,UM,projected
Sri Lanka,LKA,2015,3920.0,LM,actual,UM,projected
Sri Lanka,LKA,2016,4020.0,LM,actual,UM,projected
Sri Lanka,LKA,2017,4220.0,LM,actual,UM,projected
Sri Lanka,LKA,2018,4350.0,UM,actual,UM,projected
Sri Lanka,LKA,2019,4220.0,LM,actual,UM,projected
Sri Lanka,LKA,2020,3880.0,LM,actual,UM,projected
Sri Lanka,LKA,2021,4010.0,LM,actual,UM,projected
Sri Lanka,LKA,2022,3620.0,LM,actual,UM,projected
Sri Lanka,LKA,2023,3550.0,LM,actual,UM,projected
Sri Lanka,LKA,2024,3870.0,LM,actual,UM,projected
Sri Lanka,LKA,2025,4670.0,UM,actual,UM,projected
Sri Lanka,LKA,2026,4801.497606,UM,projected,UM,projected
Sri Lanka,LKA,2027,4936.697915,UM,projected,UM,projected
Sri Lanka,LKA,2028,5075.705186,UM,projected,UM,projected
Sri Lanka,LKA,2029,5218.626617,UM,projected,UM,projected
Sri Lanka,LKA,2030,5365.572422,UM,projected,UM,projected
Sri Lanka,LKA,2031,5516.655918,UM,projected,UM,projected
Sri Lanka,LKA,2032,5671.993616,UM,projected,UM,projected
Sri Lanka,LKA,2033,5831.705304,UM,projected,UM,projected
Sri Lanka,LKA,2034,5995.914145,UM,projected,UM,projected
Sri Lanka,LKA,2035,6164.746769,UM,projected,UM,projected
Sri Lanka,LKA,2036,6338.333374,UM,projected,UM,projected
Sri Lanka,LKA,2037,6516.80782,UM,projected,UM,projected
Sri Lanka,LKA,2038,6700.307741,UM,projected,UM,projected
Sri Lanka,LKA,2039,6888.974642,UM,projected,UM,projected
Sri Lanka,LKA,2040,7082.954015,UM,projected,UM,projected
Sri Lanka,LKA,2041,7282.395449,UM,projected,UM,projected
Sri Lanka,LKA,2042,7487.452745,UM,projected,UM,projected
Sri Lanka,LKA,2043,7698.284032,UM,projected,UM,projected
Sri Lanka,LKA,2044,7915.051895,UM,projected,UM,projected
Sri Lanka,LKA,2045,8137.923496,UM,projected,UM,projected
Sri Lanka,LKA,2046,8367.070704,UM,projected,UM,projected
Sri Lanka,LKA,2047,8602.670226,UM,projected,UM,projected
Sri Lanka,LKA,2048,8844.903746,UM,projected,UM,projected
Sri Lanka,LKA,2049,9093.958065,UM,projected,UM,projected
Sri Lanka,LKA,2050,9350.025242,UM,projected,UM,projected
St. Kitts and Nevis,KNA,1987,3660.0,UM,actual,H,projected
St. Kitts and Nevis,KNA,1988,4350.0,UM,actual,H,projected
St. Kitts and Nevis,KNA,1989,4610.0,UM,actual,H,projected
St. Kitts and Nevis,KNA,1990,5200.0,UM,actual,H,projected
St. Kitts and Nevis,KNA,1991,5260.0,UM,actual,H,projected
St. Kitts and Nevis,KNA,1992,5710.0,UM,actual,H,projected
St. Kitts and Nevis,KNA,1993,6180.0,UM,actual,H,projected
St. Kitts and Nevis,KNA,1994,6680.0,UM,actual,H,projected
St. Kitts and Nevis,KNA,1995,7260.0,UM,actual,H,projected
St. Kitts and Nevis,KNA,1996,7620.0,UM,actual,H,projected
St. Kitts and Nevis,KNA,1997,7980.0,UM,actual,H,projected
St. Kitts and Nevis,KNA,1998,7690.0,UM,actual,H,projected
St. Kitts and Nevis,KNA,1999,8100.0,UM,actual,H,projected
St. Kitts and Nevis,KNA,2000,8890.0,UM,actual,H,projected
St. Kitts and Nevis,KNA,2001,9200.0,UM,actual,H,projected
St. Kitts and Nevis,KNA,2002,9190.0,UM,actual,H,projected
St. Kitts and Nevis,KNA,2003,9190.0,UM,actual,H,projected
St. Kitts and Nevis,KNA,2004,10390.0,UM,actual,H,projected
St. Kitts and Nevis,KNA,2005,11750.0,UM,actual,H,projected
St. Kitts and Nevis,KNA,2006,12650.0,UM,actual,H,projected
St. Kitts and Nevis,KNA,2007,13350.0,UM,actual,H,projected
St. Kitts and Nevis,KNA,2008,15980.0,UM,actual,H,projected
St. Kitts and Nevis,KNA,2009,15840.0,UM,actual,H,projected
St. Kitts and Nevis,KNA,2010,15970.0,UM,actual,H,projected
St. Kitts and Nevis,KNA,2011,16760.0,H,actual,H,projected
St. Kitts and Nevis,KNA,2012,17010.0,H,actual,H,projected
St. Kitts and Nevis,KNA,2013,18460.0,H,actual,H,projected
St. Kitts and Nevis,KNA,2014,18850.0,H,actual,H,projected
St. Kitts and Nevis,KNA,2015,18670.0,H,actual,H,projected
St. Kitts and Nevis,KNA,2016,19640.0,H,actual,H,projected
St. Kitts and Nevis,KNA,2017,20420.0,H,actual,H,projected
St. Kitts and Nevis,KNA,2018,21930.0,H,actual,H,projected
St. Kitts and Nevis,KNA,2019,23670.0,H,actual,H,projected
St. Kitts and Nevis,KNA,2020,19340.0,H,actual,H,projected
St. Kitts and Nevis,KNA,2021,19070.0,H,actual,H,projected
St. Kitts and Nevis,KNA,2022,21420.0,H,actual,H,projected
St. Kitts and Nevis,KNA,2023,21870.0,H,actual,H,projected
St. Kitts and Nevis,KNA,2024,21960.0,H,actual,H,projected
St. Kitts and Nevis,KNA,2025,24530.0,H,actual,H,projected
St. Kitts and Nevis,KNA,2026,25654.331025,H,projected,H,projected
St. Kitts and Nevis,KNA,2027,26830.195692,H,projected,H,projected
St. Kitts and Nevis,KNA,2028,28059.956044,H,projected,H,projected
St. Kitts and Nevis,KNA,2029,29346.082384,H,projected,H,projected
St. Kitts and Nevis,KNA,2030,30691.158246,H,projected,H,projected
St. Kitts and Nevis,KNA,2031,32097.885576,H,projected,H,projected
St. Kitts and Nevis,KNA,2032,33569.090166,H,projected,H,projected
St. Kitts and Nevis,KNA,2033,35107.727326,H,projected,H,projected
St. Kitts and Nevis,KNA,2034,36716.887825,H,projected,H,projected
St. Kitts and Nevis,KNA,2035,38399.804096,H,projected,H,projected
St. Kitts and Nevis,KNA,2036,40159.856729,H,projected,H,projected
St. Kitts and Nevis,KNA,2037,42000.581266,H,projected,H,projected
St. Kitts and Nevis,KNA,2038,43925.675297,H,projected,H,projected
St. Kitts and Nevis,KNA,2039,45939.005893,H,projected,H,projected
St. Kitts and Nevis,KNA,2040,48044.617372,H,projected,H,projected
St. Kitts and Nevis,KNA,2041,50246.739422,H,projected,H,projected
St. Kitts and Nevis,KNA,2042,52549.795599,H,projected,H,projected
St. Kitts and Nevis,KNA,2043,54958.412213,H,projected,H,projected
St. Kitts and Nevis,KNA,2044,57477.42762,H,projected,H,projected
St. Kitts and Nevis,KNA,2045,60111.901941,H,projected,H,projected
St. Kitts and Nevis,KNA,2046,62867.127229,H,projected,H,projected
St. Kitts and Nevis,KNA,2047,65748.638097,H,projected,H,projected
St. Kitts and Nevis,KNA,2048,68762.222836,H,projected,H,projected
St. Kitts and Nevis,KNA,2049,71913.935045,H,projected,H,projected
St. Kitts and Nevis,KNA,2050,75210.105786,H,projected,H,projected
St. Lucia,LCA,1987,2780.0,LM,actual,UM,projected
St. Lucia,LCA,1988,3290.0,LM,actual,UM,projected
St. Lucia,LCA,1989,3550.0,LM,actual,UM,projected
St. Lucia,LCA,1990,3740.0,LM,actual,UM,projected
St. Lucia,LCA,1991,3870.0,LM,actual,UM,projected
St. Lucia,LCA,1992,4410.0,UM,actual,UM,projected
St. Lucia,LCA,1993,4410.0,UM,actual,UM,projected
St. Lucia,LCA,1994,4480.0,UM,actual,UM,projected
St. Lucia,LCA,1995,4610.0,UM,actual,UM,projected
St. Lucia,LCA,1996,4800.0,UM,actual,UM,projected
St. Lucia,LCA,1997,4710.0,UM,actual,UM,projected
St. Lucia,LCA,1998,4870.0,UM,actual,UM,projected
St. Lucia,LCA,1999,5100.0,UM,actual,UM,projected
St. Lucia,LCA,2000,5500.0,UM,actual,UM,projected
St. Lucia,LCA,2001,5270.0,UM,actual,UM,projected
St. Lucia,LCA,2002,5280.0,UM,actual,UM,projected
St. Lucia,LCA,2003,5650.0,UM,actual,UM,projected
St. Lucia,LCA,2004,6300.0,UM,actual,UM,projected
St. Lucia,LCA,2005,6550.0,UM,actual,UM,projected
St. Lucia,LCA,2006,7210.0,UM,actual,UM,projected
St. Lucia,LCA,2007,7500.0,UM,actual,UM,projected
St. Lucia,LCA,2008,8150.0,UM,actual,UM,projected
St. Lucia,LCA,2009,8130.0,UM,actual,UM,projected
St. Lucia,LCA,2010,8240.0,UM,actual,UM,projected
St. Lucia,LCA,2011,8890.0,UM,actual,UM,projected
St. Lucia,LCA,2012,9000.0,UM,actual,UM,projected
St. Lucia,LCA,2013,8710.0,UM,actual,UM,projected
St. Lucia,LCA,2014,9040.0,UM,actual,UM,projected
St. Lucia,LCA,2015,9020.0,UM,actual,UM,projected
St. Lucia,LCA,2016,9710.0,UM,actual,UM,projected
St. Lucia,LCA,2017,10260.0,UM,actual,UM,projected
St. Lucia,LCA,2018,11060.0,UM,actual,UM,projected
St. Lucia,LCA,2019,11060.0,UM,actual,UM,projected
St. Lucia,LCA,2020,8700.0,UM,actual,UM,projected
St. Lucia,LCA,2021,10030.0,UM,actual,UM,projected
St. Lucia,LCA,2022,11680.0,UM,actual,UM,projected
St. Lucia,LCA,2023,12440.0,UM,actual,UM,projected
St. Lucia,LCA,2024,12840.0,UM,actual,UM,projected
St. Lucia,LCA,2025,13410.0,UM,actual,UM,projected
St. Lucia,LCA,2026,14226.073124,UM,projected,UM,projected
St. Lucia,LCA,2027,15091.808839,H,projected,UM,projected
St. Lucia,LCA,2028,16010.22939,H,projected,UM,projected
St. Lucia,LCA,2029,16984.540942,H,projected,UM,projected
St. Lucia,LCA,2030,18018.144774,H,projected,UM,projected
St. Lucia,LCA,2031,19114.649151,H,projected,UM,projected
St. Lucia,LCA,2032,20277.881921,H,projected,UM,projected
St. Lucia,LCA,2033,21511.903878,H,projected,UM,projected
St. Lucia,LCA,2034,22821.022939,H,projected,UM,projected
St. Lucia,LCA,2035,24209.809179,H,projected,UM,projected
St. Lucia,LCA,2036,25683.11079,H,projected,UM,projected
St. Lucia,LCA,2037,27246.071004,H,projected,UM,projected
St. Lucia,LCA,2038,28904.146043,H,projected,UM,projected
St. Lucia,LCA,2039,30663.124176,H,projected,UM,projected
St. Lucia,LCA,2040,32529.145916,H,projected,UM,projected
St. Lucia,LCA,2041,34508.725463,H,projected,UM,projected
St. Lucia,LCA,2042,36608.773442,H,projected,UM,projected
St. Lucia,LCA,2043,38836.621027,H,projected,UM,projected
St. Lucia,LCA,2044,41200.045534,H,projected,UM,projected
St. Lucia,LCA,2045,43707.297575,H,projected,UM,projected
St. Lucia,LCA,2046,46367.129855,H,projected,UM,projected
St. Lucia,LCA,2047,49188.827731,H,projected,UM,projected
St. Lucia,LCA,2048,52182.241625,H,projected,UM,projected
St. Lucia,LCA,2049,55357.821412,H,projected,UM,projected
St. Lucia,LCA,2050,58726.6529,H,projected,UM,projected
St. Martin (French part),MAF,2010,,H,actual,H,frozen - only 0 of 10 annual rates
St. Martin (French part),MAF,2011,,H,actual,H,frozen - only 0 of 10 annual rates
St. Martin (French part),MAF,2012,,H,actual,H,frozen - only 0 of 10 annual rates
St. Martin (French part),MAF,2013,,H,actual,H,frozen - only 0 of 10 annual rates
St. Martin (French part),MAF,2014,,H,actual,H,frozen - only 0 of 10 annual rates
St. Martin (French part),MAF,2015,,H,actual,H,frozen - only 0 of 10 annual rates
St. Martin (French part),MAF,2016,,H,actual,H,frozen - only 0 of 10 annual rates
St. Martin (French part),MAF,2017,,H,actual,H,frozen - only 0 of 10 annual rates
St. Martin (French part),MAF,2018,,H,actual,H,frozen - only 0 of 10 annual rates
St. Martin (French part),MAF,2019,,H,actual,H,frozen - only 0 of 10 annual rates
St. Martin (French part),MAF,2020,,H,actual,H,frozen - only 0 of 10 annual rates
St. Martin (French part),MAF,2021,,H,actual,H,frozen - only 0 of 10 annual rates
St. Martin (French part),MAF,2022,,H,actual,H,frozen - only 0 of 10 annual rates
St. Martin (French part),MAF,2023,,H,actual,H,frozen - only 0 of 10 annual rates
St. Martin (French part),MAF,2024,,H,actual,H,frozen - only 0 of 10 annual rates
St. Martin (French part),MAF,2025,,H,actual,H,frozen - only 0 of 10 annual rates
St. Martin (French part),MAF,2026,,H,projected,H,frozen - only 0 of 10 annual rates
St. Martin (French part),MAF,2027,,H,projected,H,frozen - only 0 of 10 annual rates
St. Martin (French part),MAF,2028,,H,projected,H,frozen - only 0 of 10 annual rates
St. Martin (French part),MAF,2029,,H,projected,H,frozen - only 0 of 10 annual rates
St. Martin (French part),MAF,2030,,H,projected,H,frozen - only 0 of 10 annual rates
St. Martin (French part),MAF,2031,,H,projected,H,frozen - only 0 of 10 annual rates
St. Martin (French part),MAF,2032,,H,projected,H,frozen - only 0 of 10 annual rates
St. Martin (French part),MAF,2033,,H,projected,H,frozen - only 0 of 10 annual rates
St. Martin (French part),MAF,2034,,H,projected,H,frozen - only 0 of 10 annual rates
St. Martin (French part),MAF,2035,,H,projected,H,frozen - only 0 of 10 annual rates
St. Martin (French part),MAF,2036,,H,projected,H,frozen - only 0 of 10 annual rates
St. Martin (French part),MAF,2037,,H,projected,H,frozen - only 0 of 10 annual rates
St. Martin (French part),MAF,2038,,H,projected,H,frozen - only 0 of 10 annual rates
St. Martin (French part),MAF,2039,,H,projected,H,frozen - only 0 of 10 annual rates
St. Martin (French part),MAF,2040,,H,projected,H,frozen - only 0 of 10 annual rates
St. Martin (French part),MAF,2041,,H,projected,H,frozen - only 0 of 10 annual rates
St. Martin (French part),MAF,2042,,H,projected,H,frozen - only 0 of 10 annual rates
St. Martin (French part),MAF,2043,,H,projected,H,frozen - only 0 of 10 annual rates
St. Martin (French part),MAF,2044,,H,projected,H,frozen - only 0 of 10 annual rates
St. Martin (French part),MAF,2045,,H,projected,H,frozen - only 0 of 10 annual rates
St. Martin (French part),MAF,2046,,H,projected,H,frozen - only 0 of 10 annual rates
St. Martin (French part),MAF,2047,,H,projected,H,frozen - only 0 of 10 annual rates
St. Martin (French part),MAF,2048,,H,projected,H,frozen - only 0 of 10 annual rates
St. Martin (French part),MAF,2049,,H,projected,H,frozen - only 0 of 10 annual rates
St. Martin (French part),MAF,2050,,H,projected,H,frozen - only 0 of 10 annual rates
St. Vincent and the Grenadines,VCT,1987,1600.0,LM,actual,UM,projected
St. Vincent and the Grenadines,VCT,1988,1880.0,LM,actual,UM,projected
St. Vincent and the Grenadines,VCT,1989,1960.0,LM,actual,UM,projected
St. Vincent and the Grenadines,VCT,1990,2030.0,LM,actual,UM,projected
St. Vincent and the Grenadines,VCT,1991,2140.0,LM,actual,UM,projected
St. Vincent and the Grenadines,VCT,1992,2440.0,LM,actual,UM,projected
St. Vincent and the Grenadines,VCT,1993,2570.0,LM,actual,UM,projected
St. Vincent and the Grenadines,VCT,1994,2530.0,LM,actual,UM,projected
St. Vincent and the Grenadines,VCT,1995,2760.0,LM,actual,UM,projected
St. Vincent and the Grenadines,VCT,1996,2860.0,LM,actual,UM,projected
St. Vincent and the Grenadines,VCT,1997,2930.0,LM,actual,UM,projected
St. Vincent and the Grenadines,VCT,1998,3040.0,LM,actual,UM,projected
St. Vincent and the Grenadines,VCT,1999,3140.0,LM,actual,UM,projected
St. Vincent and the Grenadines,VCT,2000,3390.0,LM,actual,UM,projected
St. Vincent and the Grenadines,VCT,2001,3660.0,LM,actual,UM,projected
St. Vincent and the Grenadines,VCT,2002,4010.0,LM,actual,UM,projected
St. Vincent and the Grenadines,VCT,2003,4430.0,UM,actual,UM,projected
St. Vincent and the Grenadines,VCT,2004,4800.0,UM,actual,UM,projected
St. Vincent and the Grenadines,VCT,2005,5060.0,UM,actual,UM,projected
St. Vincent and the Grenadines,VCT,2006,5580.0,UM,actual,UM,projected
St. Vincent and the Grenadines,VCT,2007,6030.0,UM,actual,UM,projected
St. Vincent and the Grenadines,VCT,2008,6380.0,UM,actual,UM,projected
St. Vincent and the Grenadines,VCT,2009,6530.0,UM,actual,UM,projected
St. Vincent and the Grenadines,VCT,2010,6310.0,UM,actual,UM,projected
St. Vincent and the Grenadines,VCT,2011,6390.0,UM,actual,UM,projected
St. Vincent and the Grenadines,VCT,2012,6720.0,UM,actual,UM,projected
St. Vincent and the Grenadines,VCT,2013,6980.0,UM,actual,UM,projected
St. Vincent and the Grenadines,VCT,2014,6860.0,UM,actual,UM,projected
St. Vincent and the Grenadines,VCT,2015,7110.0,UM,actual,UM,projected
St. Vincent and the Grenadines,VCT,2016,7480.0,UM,actual,UM,projected
St. Vincent and the Grenadines,VCT,2017,7730.0,UM,actual,UM,projected
St. Vincent and the Grenadines,VCT,2018,8370.0,UM,actual,UM,projected
St. Vincent and the Grenadines,VCT,2019,8700.0,UM,actual,UM,projected
St. Vincent and the Grenadines,VCT,2020,8360.0,UM,actual,UM,projected
St. Vincent and the Grenadines,VCT,2021,8720.0,UM,actual,UM,projected
St. Vincent and the Grenadines,VCT,2022,9520.0,UM,actual,UM,projected
St. Vincent and the Grenadines,VCT,2023,10210.0,UM,actual,UM,projected
St. Vincent and the Grenadines,VCT,2024,11210.0,UM,actual,UM,projected
St. Vincent and the Grenadines,VCT,2025,12000.0,UM,actual,UM,projected
St. Vincent and the Grenadines,VCT,2026,12735.07304,UM,projected,UM,projected
St. Vincent and the Grenadines,VCT,2027,13515.173777,UM,projected,UM,projected
St. Vincent and the Grenadines,VCT,2028,14343.060433,UM,projected,UM,projected
St. Vincent and the Grenadines,VCT,2029,15221.660186,H,projected,UM,projected
St. Vincent and the Grenadines,VCT,2030,16154.079522,H,projected,UM,projected
St. Vincent and the Grenadines,VCT,2031,17143.615217,H,projected,UM,projected
St. Vincent and the Grenadines,VCT,2032,18193.765996,H,projected,UM,projected
St. Vincent and the Grenadines,VCT,2033,19308.244902,H,projected,UM,projected
St. Vincent and the Grenadines,VCT,2034,20490.992425,H,projected,UM,projected
St. Vincent and the Grenadines,VCT,2035,21746.190433,H,projected,UM,projected
St. Vincent and the Grenadines,VCT,2036,23078.276958,H,projected,UM,projected
St. Vincent and the Grenadines,VCT,2037,24491.961891,H,projected,UM,projected
St. Vincent and the Grenadines,VCT,2038,25992.243631,H,projected,UM,projected
St. Vincent and the Grenadines,VCT,2039,27584.426759,H,projected,UM,projected
St. Vincent and the Grenadines,VCT,2040,29274.140795,H,projected,UM,projected
St. Vincent and the Grenadines,VCT,2041,31067.3601,H,projected,UM,projected
St. Vincent and the Grenadines,VCT,2042,32970.425002,H,projected,UM,projected
St. Vincent and the Grenadines,VCT,2043,34990.064213,H,projected,UM,projected
St. Vincent and the Grenadines,VCT,2044,37133.418619,H,projected,UM,projected
St. Vincent and the Grenadines,VCT,2045,39408.066527,H,projected,UM,projected
St. Vincent and the Grenadines,VCT,2046,41822.050465,H,projected,UM,projected
St. Vincent and the Grenadines,VCT,2047,44383.905612,H,projected,UM,projected
St. Vincent and the Grenadines,VCT,2048,47102.689981,H,projected,UM,projected
St. Vincent and the Grenadines,VCT,2049,49988.01644,H,projected,UM,projected
St. Vincent and the Grenadines,VCT,2050,53050.086706,H,projected,UM,projected
Sudan,SDN,1987,460.0,L,actual,L,projected - raised from -5.9% to the 1.244% floor
Sudan,SDN,1988,530.0,L,actual,L,projected - raised from -5.9% to the 1.244% floor
Sudan,SDN,1989,640.0,L,actual,L,projected - raised from -5.9% to the 1.244% floor
Sudan,SDN,1990,750.0,L,actual,L,projected - raised from -5.9% to the 1.244% floor
Sudan,SDN,1991,1030.0,L,actual,L,projected - raised from -5.9% to the 1.244% floor
Sudan,SDN,1992,510.0,L,actual,L,projected - raised from -5.9% to the 1.244% floor
Sudan,SDN,1993,360.0,L,actual,L,projected - raised from -5.9% to the 1.244% floor
Sudan,SDN,1994,310.0,L,actual,L,projected - raised from -5.9% to the 1.244% floor
Sudan,SDN,1995,390.0,L,actual,L,projected - raised from -5.9% to the 1.244% floor
Sudan,SDN,1996,390.0,L,actual,L,projected - raised from -5.9% to the 1.244% floor
Sudan,SDN,1997,400.0,L,actual,L,projected - raised from -5.9% to the 1.244% floor
Sudan,SDN,1998,340.0,L,actual,L,projected - raised from -5.9% to the 1.244% floor
Sudan,SDN,1999,330.0,L,actual,L,projected - raised from -5.9% to the 1.244% floor
Sudan,SDN,2000,330.0,L,actual,L,projected - raised from -5.9% to the 1.244% floor
Sudan,SDN,2001,370.0,L,actual,L,projected - raised from -5.9% to the 1.244% floor
Sudan,SDN,2002,420.0,L,actual,L,projected - raised from -5.9% to the 1.244% floor
Sudan,SDN,2003,510.0,L,actual,L,projected - raised from -5.9% to the 1.244% floor
Sudan,SDN,2004,620.0,L,actual,L,projected - raised from -5.9% to the 1.244% floor
Sudan,SDN,2005,750.0,L,actual,L,projected - raised from -5.9% to the 1.244% floor
Sudan,SDN,2006,920.0,L,actual,L,projected - raised from -5.9% to the 1.244% floor
Sudan,SDN,2007,1160.0,LM,actual,L,projected - raised from -5.9% to the 1.244% floor
Sudan,SDN,2008,1350.0,LM,actual,L,projected - raised from -5.9% to the 1.244% floor
Sudan,SDN,2009,1310.0,LM,actual,L,projected - raised from -5.9% to the 1.244% floor
Sudan,SDN,2010,1230.0,LM,actual,L,projected - raised from -5.9% to the 1.244% floor
Sudan,SDN,2011,1250.0,LM,actual,L,projected - raised from -5.9% to the 1.244% floor
Sudan,SDN,2012,1120.0,LM,actual,L,projected - raised from -5.9% to the 1.244% floor
Sudan,SDN,2013,1060.0,LM,actual,L,projected - raised from -5.9% to the 1.244% floor
Sudan,SDN,2014,1130.0,LM,actual,L,projected - raised from -5.9% to the 1.244% floor
Sudan,SDN,2015,1180.0,LM,actual,L,projected - raised from -5.9% to the 1.244% floor
Sudan,SDN,2016,1140.0,LM,actual,L,projected - raised from -5.9% to the 1.244% floor
Sudan,SDN,2017,1010.0,LM,actual,L,projected - raised from -5.9% to the 1.244% floor
Sudan,SDN,2018,810.0,LM,actual,L,projected - raised from -5.9% to the 1.244% floor
Sudan,SDN,2019,720.0,L,actual,L,projected - raised from -5.9% to the 1.244% floor
Sudan,SDN,2020,600.0,L,actual,L,projected - raised from -5.9% to the 1.244% floor
Sudan,SDN,2021,620.0,L,actual,L,projected - raised from -5.9% to the 1.244% floor
Sudan,SDN,2022,720.0,L,actual,L,projected - raised from -5.9% to the 1.244% floor
Sudan,SDN,2023,660.0,L,actual,L,projected - raised from -5.9% to the 1.244% floor
Sudan,SDN,2024,710.0,L,actual,L,projected - raised from -5.9% to the 1.244% floor
Sudan,SDN,2025,900.0,L,actual,L,projected - raised from -5.9% to the 1.244% floor
Sudan,SDN,2026,911.196,L,projected,L,projected - raised from -5.9% to the 1.244% floor
Sudan,SDN,2027,922.531278,L,projected,L,projected - raised from -5.9% to the 1.244% floor
Sudan,SDN,2028,934.007567,L,projected,L,projected - raised from -5.9% to the 1.244% floor
Sudan,SDN,2029,945.626621,L,projected,L,projected - raised from -5.9% to the 1.244% floor
Sudan,SDN,2030,957.390217,L,projected,L,projected - raised from -5.9% to the 1.244% floor
Sudan,SDN,2031,969.300151,L,projected,L,projected - raised from -5.9% to the 1.244% floor
Sudan,SDN,2032,981.358245,L,projected,L,projected - raised from -5.9% to the 1.244% floor
Sudan,SDN,2033,993.566341,L,projected,L,projected - raised from -5.9% to the 1.244% floor
Sudan,SDN,2034,1005.926307,L,projected,L,projected - raised from -5.9% to the 1.244% floor
Sudan,SDN,2035,1018.44003,L,projected,L,projected - raised from -5.9% to the 1.244% floor
Sudan,SDN,2036,1031.109424,L,projected,L,projected - raised from -5.9% to the 1.244% floor
Sudan,SDN,2037,1043.936425,L,projected,L,projected - raised from -5.9% to the 1.244% floor
Sudan,SDN,2038,1056.922994,L,projected,L,projected - raised from -5.9% to the 1.244% floor
Sudan,SDN,2039,1070.071116,L,projected,L,projected - raised from -5.9% to the 1.244% floor
Sudan,SDN,2040,1083.382801,L,projected,L,projected - raised from -5.9% to the 1.244% floor
Sudan,SDN,2041,1096.860083,L,projected,L,projected - raised from -5.9% to the 1.244% floor
Sudan,SDN,2042,1110.505022,L,projected,L,projected - raised from -5.9% to the 1.244% floor
Sudan,SDN,2043,1124.319705,L,projected,L,projected - raised from -5.9% to the 1.244% floor
Sudan,SDN,2044,1138.306242,L,projected,L,projected - raised from -5.9% to the 1.244% floor
Sudan,SDN,2045,1152.466772,L,projected,L,projected - raised from -5.9% to the 1.244% floor
Sudan,SDN,2046,1166.803458,L,projected,L,projected - raised from -5.9% to the 1.244% floor
Sudan,SDN,2047,1181.318493,L,projected,L,projected - raised from -5.9% to the 1.244% floor
Sudan,SDN,2048,1196.014095,L,projected,L,projected - raised from -5.9% to the 1.244% floor
Sudan,SDN,2049,1210.892511,L,projected,L,projected - raised from -5.9% to the 1.244% floor
Sudan,SDN,2050,1225.956014,L,projected,L,projected - raised from -5.9% to the 1.244% floor
Suriname,SUR,1987,2420.0,UM,actual,UM,projected
Suriname,SUR,1988,2890.0,UM,actual,UM,projected
Suriname,SUR,1989,2170.0,UM,actual,UM,projected
Suriname,SUR,1990,1400.0,UM,actual,UM,projected
Suriname,SUR,1991,1130.0,UM,actual,UM,projected
Suriname,SUR,1992,1050.0,UM,actual,UM,projected
Suriname,SUR,1993,990.0,LM,actual,UM,projected
Suriname,SUR,1994,1130.0,LM,actual,UM,projected
Suriname,SUR,1995,1360.0,LM,actual,UM,projected
Suriname,SUR,1996,1660.0,LM,actual,UM,projected
Suriname,SUR,1997,1860.0,LM,actual,UM,projected
Suriname,SUR,1998,2070.0,LM,actual,UM,projected
Suriname,SUR,1999,1950.0,LM,actual,UM,projected
Suriname,SUR,2000,1950.0,LM,actual,UM,projected
Suriname,SUR,2001,1640.0,LM,actual,UM,projected
Suriname,SUR,2002,1870.0,LM,actual,UM,projected
Suriname,SUR,2003,2120.0,LM,actual,UM,projected
Suriname,SUR,2004,2710.0,LM,actual,UM,projected
Suriname,SUR,2005,3190.0,LM,actual,UM,projected
Suriname,SUR,2006,3880.0,LM,actual,UM,projected
Suriname,SUR,2007,4860.0,UM,actual,UM,projected
Suriname,SUR,2008,6090.0,UM,actual,UM,projected
Suriname,SUR,2009,6700.0,UM,actual,UM,projected
Suriname,SUR,2010,7330.0,UM,actual,UM,projected
Suriname,SUR,2011,7620.0,UM,actual,UM,projected
Suriname,SUR,2012,8220.0,UM,actual,UM,projected
Suriname,SUR,2013,8610.0,UM,actual,UM,projected
Suriname,SUR,2014,8900.0,UM,actual,UM,projected
Suriname,SUR,2015,8550.0,UM,actual,UM,projected
Suriname,SUR,2016,6660.0,UM,actual,UM,projected
Suriname,SUR,2017,5700.0,UM,actual,UM,projected
Suriname,SUR,2018,5730.0,UM,actual,UM,projected
Suriname,SUR,2019,6000.0,UM,actual,UM,projected
Suriname,SUR,2020,4710.0,UM,actual,UM,projected
Suriname,SUR,2021,4490.0,UM,actual,UM,projected
Suriname,SUR,2022,5040.0,UM,actual,UM,projected
Suriname,SUR,2023,5210.0,UM,actual,UM,projected
Suriname,SUR,2024,5690.0,UM,actual,UM,projected
Suriname,SUR,2025,6140.0,UM,actual,UM,projected
Suriname,SUR,2026,6259.709482,UM,projected,UM,projected
Suriname,SUR,2027,6381.752899,UM,projected,UM,projected
Suriname,SUR,2028,6506.175755,UM,projected,UM,projected
Suriname,SUR,2029,6633.02444,UM,projected,UM,projected
Suriname,SUR,2030,6762.346251,UM,projected,UM,projected
Suriname,SUR,2031,6894.189406,UM,projected,UM,projected
Suriname,SUR,2032,7028.603061,UM,projected,UM,projected
Suriname,SUR,2033,7165.637333,UM,projected,UM,projected
Suriname,SUR,2034,7305.343316,UM,projected,UM,projected
Suriname,SUR,2035,7447.773098,UM,projected,UM,projected
Suriname,SUR,2036,7592.979786,UM,projected,UM,projected
Suriname,SUR,2037,7741.017518,UM,projected,UM,projected
Suriname,SUR,2038,7891.941492,UM,projected,UM,projected
Suriname,SUR,2039,8045.807978,UM,projected,UM,projected
Suriname,SUR,2040,8202.674347,UM,projected,UM,projected
Suriname,SUR,2041,8362.599086,UM,projected,UM,projected
Suriname,SUR,2042,8525.641823,UM,projected,UM,projected
Suriname,SUR,2043,8691.863349,UM,projected,UM,projected
Suriname,SUR,2044,8861.325638,UM,projected,UM,projected
Suriname,SUR,2045,9034.091877,UM,projected,UM,projected
Suriname,SUR,2046,9210.226479,UM,projected,UM,projected
Suriname,SUR,2047,9389.795118,UM,projected,UM,projected
Suriname,SUR,2048,9572.864745,UM,projected,UM,projected
Suriname,SUR,2049,9759.503618,UM,projected,UM,projected
Suriname,SUR,2050,9949.781325,UM,projected,UM,projected
Sweden,SWE,1987,19360.0,H,actual,H,projected - raised from -0.1% to the 1.244% floor
Sweden,SWE,1988,24190.0,H,actual,H,projected - raised from -0.1% to the 1.244% floor
Sweden,SWE,1989,26090.0,H,actual,H,projected - raised from -0.1% to the 1.244% floor
Sweden,SWE,1990,27760.0,H,actual,H,projected - raised from -0.1% to the 1.244% floor
Sweden,SWE,1991,29110.0,H,actual,H,projected - raised from -0.1% to the 1.244% floor
Sweden,SWE,1992,31340.0,H,actual,H,projected - raised from -0.1% to the 1.244% floor
Sweden,SWE,1993,28200.0,H,actual,H,projected - raised from -0.1% to the 1.244% floor
Sweden,SWE,1994,27700.0,H,actual,H,projected - raised from -0.1% to the 1.244% floor
Sweden,SWE,1995,28090.0,H,actual,H,projected - raised from -0.1% to the 1.244% floor
Sweden,SWE,1996,30400.0,H,actual,H,projected - raised from -0.1% to the 1.244% floor
Sweden,SWE,1997,31400.0,H,actual,H,projected - raised from -0.1% to the 1.244% floor
Sweden,SWE,1998,31100.0,H,actual,H,projected - raised from -0.1% to the 1.244% floor
Sweden,SWE,1999,31310.0,H,actual,H,projected - raised from -0.1% to the 1.244% floor
Sweden,SWE,2000,31600.0,H,actual,H,projected - raised from -0.1% to the 1.244% floor
Sweden,SWE,2001,29710.0,H,actual,H,projected - raised from -0.1% to the 1.244% floor
Sweden,SWE,2002,29130.0,H,actual,H,projected - raised from -0.1% to the 1.244% floor
Sweden,SWE,2003,32690.0,H,actual,H,projected - raised from -0.1% to the 1.244% floor
Sweden,SWE,2004,39690.0,H,actual,H,projected - raised from -0.1% to the 1.244% floor
Sweden,SWE,2005,45690.0,H,actual,H,projected - raised from -0.1% to the 1.244% floor
Sweden,SWE,2006,49090.0,H,actual,H,projected - raised from -0.1% to the 1.244% floor
Sweden,SWE,2007,52180.0,H,actual,H,projected - raised from -0.1% to the 1.244% floor
Sweden,SWE,2008,55370.0,H,actual,H,projected - raised from -0.1% to the 1.244% floor
Sweden,SWE,2009,52390.0,H,actual,H,projected - raised from -0.1% to the 1.244% floor
Sweden,SWE,2010,54380.0,H,actual,H,projected - raised from -0.1% to the 1.244% floor
Sweden,SWE,2011,56450.0,H,actual,H,projected - raised from -0.1% to the 1.244% floor
Sweden,SWE,2012,58840.0,H,actual,H,projected - raised from -0.1% to the 1.244% floor
Sweden,SWE,2013,61530.0,H,actual,H,projected - raised from -0.1% to the 1.244% floor
Sweden,SWE,2014,61350.0,H,actual,H,projected - raised from -0.1% to the 1.244% floor
Sweden,SWE,2015,57900.0,H,actual,H,projected - raised from -0.1% to the 1.244% floor
Sweden,SWE,2016,53850.0,H,actual,H,projected - raised from -0.1% to the 1.244% floor
Sweden,SWE,2017,52240.0,H,actual,H,projected - raised from -0.1% to the 1.244% floor
Sweden,SWE,2018,54930.0,H,actual,H,projected - raised from -0.1% to the 1.244% floor
Sweden,SWE,2019,56100.0,H,actual,H,projected - raised from -0.1% to the 1.244% floor
Sweden,SWE,2020,54590.0,H,actual,H,projected - raised from -0.1% to the 1.244% floor
Sweden,SWE,2021,59840.0,H,actual,H,projected - raised from -0.1% to the 1.244% floor
Sweden,SWE,2022,61930.0,H,actual,H,projected - raised from -0.1% to the 1.244% floor
Sweden,SWE,2023,60540.0,H,actual,H,projected - raised from -0.1% to the 1.244% floor
Sweden,SWE,2024,58510.0,H,actual,H,projected - raised from -0.1% to the 1.244% floor
Sweden,SWE,2025,63010.0,H,actual,H,projected - raised from -0.1% to the 1.244% floor
Sweden,SWE,2026,63793.8444,H,projected,H,projected - raised from -0.1% to the 1.244% floor
Sweden,SWE,2027,64587.439824,H,projected,H,projected - raised from -0.1% to the 1.244% floor
Sweden,SWE,2028,65390.907576,H,projected,H,projected - raised from -0.1% to the 1.244% floor
Sweden,SWE,2029,66204.370466,H,projected,H,projected - raised from -0.1% to the 1.244% floor
Sweden,SWE,2030,67027.952835,H,projected,H,projected - raised from -0.1% to the 1.244% floor
Sweden,SWE,2031,67861.780568,H,projected,H,projected - raised from -0.1% to the 1.244% floor
Sweden,SWE,2032,68705.981118,H,projected,H,projected - raised from -0.1% to the 1.244% floor
Sweden,SWE,2033,69560.683523,H,projected,H,projected - raised from -0.1% to the 1.244% floor
Sweden,SWE,2034,70426.018426,H,projected,H,projected - raised from -0.1% to the 1.244% floor
Sweden,SWE,2035,71302.118095,H,projected,H,projected - raised from -0.1% to the 1.244% floor
Sweden,SWE,2036,72189.116445,H,projected,H,projected - raised from -0.1% to the 1.244% floor
Sweden,SWE,2037,73087.149053,H,projected,H,projected - raised from -0.1% to the 1.244% floor
Sweden,SWE,2038,73996.353187,H,projected,H,projected - raised from -0.1% to the 1.244% floor
Sweden,SWE,2039,74916.867821,H,projected,H,projected - raised from -0.1% to the 1.244% floor
Sweden,SWE,2040,75848.833657,H,projected,H,projected - raised from -0.1% to the 1.244% floor
Sweden,SWE,2041,76792.393147,H,projected,H,projected - raised from -0.1% to the 1.244% floor
Sweden,SWE,2042,77747.690518,H,projected,H,projected - raised from -0.1% to the 1.244% floor
Sweden,SWE,2043,78714.871788,H,projected,H,projected - raised from -0.1% to the 1.244% floor
Sweden,SWE,2044,79694.084793,H,projected,H,projected - raised from -0.1% to the 1.244% floor
Sweden,SWE,2045,80685.479208,H,projected,H,projected - raised from -0.1% to the 1.244% floor
Sweden,SWE,2046,81689.206569,H,projected,H,projected - raised from -0.1% to the 1.244% floor
Sweden,SWE,2047,82705.420299,H,projected,H,projected - raised from -0.1% to the 1.244% floor
Sweden,SWE,2048,83734.275728,H,projected,H,projected - raised from -0.1% to the 1.244% floor
Sweden,SWE,2049,84775.930118,H,projected,H,projected - raised from -0.1% to the 1.244% floor
Sweden,SWE,2050,85830.542688,H,projected,H,projected - raised from -0.1% to the 1.244% floor
Switzerland,CHE,1987,27180.0,H,actual,H,projected - raised from 1.0% to the 1.244% floor
Switzerland,CHE,1988,35140.0,H,actual,H,projected - raised from 1.0% to the 1.244% floor
Switzerland,CHE,1989,36320.0,H,actual,H,projected - raised from 1.0% to the 1.244% floor
Switzerland,CHE,1990,37570.0,H,actual,H,projected - raised from 1.0% to the 1.244% floor
Switzerland,CHE,1991,38680.0,H,actual,H,projected - raised from 1.0% to the 1.244% floor
Switzerland,CHE,1992,42330.0,H,actual,H,projected - raised from 1.0% to the 1.244% floor
Switzerland,CHE,1993,41880.0,H,actual,H,projected - raised from 1.0% to the 1.244% floor
Switzerland,CHE,1994,44200.0,H,actual,H,projected - raised from 1.0% to the 1.244% floor
Switzerland,CHE,1995,49030.0,H,actual,H,projected - raised from 1.0% to the 1.244% floor
Switzerland,CHE,1996,51070.0,H,actual,H,projected - raised from 1.0% to the 1.244% floor
Switzerland,CHE,1997,49970.0,H,actual,H,projected - raised from 1.0% to the 1.244% floor
Switzerland,CHE,1998,46650.0,H,actual,H,projected - raised from 1.0% to the 1.244% floor
Switzerland,CHE,1999,44710.0,H,actual,H,projected - raised from 1.0% to the 1.244% floor
Switzerland,CHE,2000,45030.0,H,actual,H,projected - raised from 1.0% to the 1.244% floor
Switzerland,CHE,2001,42520.0,H,actual,H,projected - raised from 1.0% to the 1.244% floor
Switzerland,CHE,2002,41320.0,H,actual,H,projected - raised from 1.0% to the 1.244% floor
Switzerland,CHE,2003,47270.0,H,actual,H,projected - raised from 1.0% to the 1.244% floor
Switzerland,CHE,2004,55630.0,H,actual,H,projected - raised from 1.0% to the 1.244% floor
Switzerland,CHE,2005,63630.0,H,actual,H,projected - raised from 1.0% to the 1.244% floor
Switzerland,CHE,2006,66250.0,H,actual,H,projected - raised from 1.0% to the 1.244% floor
Switzerland,CHE,2007,65160.0,H,actual,H,projected - raised from 1.0% to the 1.244% floor
Switzerland,CHE,2008,65820.0,H,actual,H,projected - raised from 1.0% to the 1.244% floor
Switzerland,CHE,2009,73030.0,H,actual,H,projected - raised from 1.0% to the 1.244% floor
Switzerland,CHE,2010,80400.0,H,actual,H,projected - raised from 1.0% to the 1.244% floor
Switzerland,CHE,2011,82540.0,H,actual,H,projected - raised from 1.0% to the 1.244% floor
Switzerland,CHE,2012,88060.0,H,actual,H,projected - raised from 1.0% to the 1.244% floor
Switzerland,CHE,2013,92160.0,H,actual,H,projected - raised from 1.0% to the 1.244% floor
Switzerland,CHE,2014,90030.0,H,actual,H,projected - raised from 1.0% to the 1.244% floor
Switzerland,CHE,2015,88150.0,H,actual,H,projected - raised from 1.0% to the 1.244% floor
Switzerland,CHE,2016,84250.0,H,actual,H,projected - raised from 1.0% to the 1.244% floor
Switzerland,CHE,2017,81790.0,H,actual,H,projected - raised from 1.0% to the 1.244% floor
Switzerland,CHE,2018,84760.0,H,actual,H,projected - raised from 1.0% to the 1.244% floor
Switzerland,CHE,2019,84160.0,H,actual,H,projected - raised from 1.0% to the 1.244% floor
Switzerland,CHE,2020,83150.0,H,actual,H,projected - raised from 1.0% to the 1.244% floor
Switzerland,CHE,2021,91900.0,H,actual,H,projected - raised from 1.0% to the 1.244% floor
Switzerland,CHE,2022,97920.0,H,actual,H,projected - raised from 1.0% to the 1.244% floor
Switzerland,CHE,2023,98160.0,H,actual,H,projected - raised from 1.0% to the 1.244% floor
Switzerland,CHE,2024,99920.0,H,actual,H,projected - raised from 1.0% to the 1.244% floor
Switzerland,CHE,2025,110330.0,H,actual,H,projected - raised from 1.0% to the 1.244% floor
Switzerland,CHE,2026,111702.5052,H,projected,H,projected - raised from 1.0% to the 1.244% floor
Switzerland,CHE,2027,113092.084365,H,projected,H,projected - raised from 1.0% to the 1.244% floor
Switzerland,CHE,2028,114498.949894,H,projected,H,projected - raised from 1.0% to the 1.244% floor
Switzerland,CHE,2029,115923.316831,H,projected,H,projected - raised from 1.0% to the 1.244% floor
Switzerland,CHE,2030,117365.402892,H,projected,H,projected - raised from 1.0% to the 1.244% floor
Switzerland,CHE,2031,118825.428504,H,projected,H,projected - raised from 1.0% to the 1.244% floor
Switzerland,CHE,2032,120303.616835,H,projected,H,projected - raised from 1.0% to the 1.244% floor
Switzerland,CHE,2033,121800.193828,H,projected,H,projected - raised from 1.0% to the 1.244% floor
Switzerland,CHE,2034,123315.388239,H,projected,H,projected - raised from 1.0% to the 1.244% floor
Switzerland,CHE,2035,124849.431669,H,projected,H,projected - raised from 1.0% to the 1.244% floor
Switzerland,CHE,2036,126402.558599,H,projected,H,projected - raised from 1.0% to the 1.244% floor
Switzerland,CHE,2037,127975.006428,H,projected,H,projected - raised from 1.0% to the 1.244% floor
Switzerland,CHE,2038,129567.015508,H,projected,H,projected - raised from 1.0% to the 1.244% floor
Switzerland,CHE,2039,131178.829181,H,projected,H,projected - raised from 1.0% to the 1.244% floor
Switzerland,CHE,2040,132810.693816,H,projected,H,projected - raised from 1.0% to the 1.244% floor
Switzerland,CHE,2041,134462.858847,H,projected,H,projected - raised from 1.0% to the 1.244% floor
Switzerland,CHE,2042,136135.576811,H,projected,H,projected - raised from 1.0% to the 1.244% floor
Switzerland,CHE,2043,137829.103387,H,projected,H,projected - raised from 1.0% to the 1.244% floor
Switzerland,CHE,2044,139543.697433,H,projected,H,projected - raised from 1.0% to the 1.244% floor
Switzerland,CHE,2045,141279.621029,H,projected,H,projected - raised from 1.0% to the 1.244% floor
Switzerland,CHE,2046,143037.139514,H,projected,H,projected - raised from 1.0% to the 1.244% floor
Switzerland,CHE,2047,144816.52153,H,projected,H,projected - raised from 1.0% to the 1.244% floor
Switzerland,CHE,2048,146618.039058,H,projected,H,projected - raised from 1.0% to the 1.244% floor
Switzerland,CHE,2049,148441.967464,H,projected,H,projected - raised from 1.0% to the 1.244% floor
Switzerland,CHE,2050,150288.585539,H,projected,H,projected - raised from 1.0% to the 1.244% floor
Syrian Arab Republic,SYR,1987,1170.0,LM,actual,L,frozen - only 7 of 10 annual rates
Syrian Arab Republic,SYR,1988,1130.0,LM,actual,L,frozen - only 7 of 10 annual rates
Syrian Arab Republic,SYR,1989,800.0,LM,actual,L,frozen - only 7 of 10 annual rates
Syrian Arab Republic,SYR,1990,810.0,LM,actual,L,frozen - only 7 of 10 annual rates
Syrian Arab Republic,SYR,1991,900.0,LM,actual,L,frozen - only 7 of 10 annual rates
Syrian Arab Republic,SYR,1992,1010.0,LM,actual,L,frozen - only 7 of 10 annual rates
Syrian Arab Republic,SYR,1993,990.0,LM,actual,L,frozen - only 7 of 10 annual rates
Syrian Arab Republic,SYR,1994,890.0,LM,actual,L,frozen - only 7 of 10 annual rates
Syrian Arab Republic,SYR,1995,830.0,LM,actual,L,frozen - only 7 of 10 annual rates
Syrian Arab Republic,SYR,1996,810.0,LM,actual,L,frozen - only 7 of 10 annual rates
Syrian Arab Republic,SYR,1997,820.0,LM,actual,L,frozen - only 7 of 10 annual rates
Syrian Arab Republic,SYR,1998,860.0,LM,actual,L,frozen - only 7 of 10 annual rates
Syrian Arab Republic,SYR,1999,820.0,LM,actual,L,frozen - only 7 of 10 annual rates
Syrian Arab Republic,SYR,2000,890.0,LM,actual,L,frozen - only 7 of 10 annual rates
Syrian Arab Republic,SYR,2001,1000.0,LM,actual,L,frozen - only 7 of 10 annual rates
Syrian Arab Republic,SYR,2002,1100.0,LM,actual,L,frozen - only 7 of 10 annual rates
Syrian Arab Republic,SYR,2003,1120.0,LM,actual,L,frozen - only 7 of 10 annual rates
Syrian Arab Republic,SYR,2004,1260.0,LM,actual,L,frozen - only 7 of 10 annual rates
Syrian Arab Republic,SYR,2005,1390.0,LM,actual,L,frozen - only 7 of 10 annual rates
Syrian Arab Republic,SYR,2006,1520.0,LM,actual,L,frozen - only 7 of 10 annual rates
Syrian Arab Republic,SYR,2007,1670.0,LM,actual,L,frozen - only 7 of 10 annual rates
Syrian Arab Republic,SYR,2008,1950.0,LM,actual,L,frozen - only 7 of 10 annual rates
Syrian Arab Republic,SYR,2009,2250.0,LM,actual,L,frozen - only 7 of 10 annual rates
Syrian Arab Republic,SYR,2010,2480.0,LM,actual,L,frozen - only 7 of 10 annual rates
Syrian Arab Republic,SYR,2011,2600.0,LM,actual,L,frozen - only 7 of 10 annual rates
Syrian Arab Republic,SYR,2012,1980.0,LM,actual,L,frozen - only 7 of 10 annual rates
Syrian Arab Republic,SYR,2013,1270.0,LM,actual,L,frozen - only 7 of 10 annual rates
Syrian Arab Republic,SYR,2014,1070.0,LM,actual,L,frozen - only 7 of 10 annual rates
Syrian Arab Republic,SYR,2015,900.0,LM,actual,L,frozen - only 7 of 10 annual rates
Syrian Arab Republic,SYR,2016,750.0,LM,actual,L,frozen - only 7 of 10 annual rates
Syrian Arab Republic,SYR,2017,720.0,L,actual,L,frozen - only 7 of 10 annual rates
Syrian Arab Republic,SYR,2018,810.0,L,actual,L,frozen - only 7 of 10 annual rates
Syrian Arab Republic,SYR,2019,970.0,L,actual,L,frozen - only 7 of 10 annual rates
Syrian Arab Republic,SYR,2020,820.0,L,actual,L,frozen - only 7 of 10 annual rates
Syrian Arab Republic,SYR,2021,730.0,L,actual,L,frozen - only 7 of 10 annual rates
Syrian Arab Republic,SYR,2022,720.0,L,actual,L,frozen - only 7 of 10 annual rates
Syrian Arab Republic,SYR,2023,,L,actual,L,frozen - only 7 of 10 annual rates
Syrian Arab Republic,SYR,2024,,L,actual,L,frozen - only 7 of 10 annual rates
Syrian Arab Republic,SYR,2025,,L,actual,L,frozen - only 7 of 10 annual rates
Syrian Arab Republic,SYR,2026,,L,projected,L,frozen - only 7 of 10 annual rates
Syrian Arab Republic,SYR,2027,,L,projected,L,frozen - only 7 of 10 annual rates
Syrian Arab Republic,SYR,2028,,L,projected,L,frozen - only 7 of 10 annual rates
Syrian Arab Republic,SYR,2029,,L,projected,L,frozen - only 7 of 10 annual rates
Syrian Arab Republic,SYR,2030,,L,projected,L,frozen - only 7 of 10 annual rates
Syrian Arab Republic,SYR,2031,,L,projected,L,frozen - only 7 of 10 annual rates
Syrian Arab Republic,SYR,2032,,L,projected,L,frozen - only 7 of 10 annual rates
Syrian Arab Republic,SYR,2033,,L,projected,L,frozen - only 7 of 10 annual rates
Syrian Arab Republic,SYR,2034,,L,projected,L,frozen - only 7 of 10 annual rates
Syrian Arab Republic,SYR,2035,,L,projected,L,frozen - only 7 of 10 annual rates
Syrian Arab Republic,SYR,2036,,L,projected,L,frozen - only 7 of 10 annual rates
Syrian Arab Republic,SYR,2037,,L,projected,L,frozen - only 7 of 10 annual rates
Syrian Arab Republic,SYR,2038,,L,projected,L,frozen - only 7 of 10 annual rates
Syrian Arab Republic,SYR,2039,,L,projected,L,frozen - only 7 of 10 annual rates
Syrian Arab Republic,SYR,2040,,L,projected,L,frozen - only 7 of 10 annual rates
Syrian Arab Republic,SYR,2041,,L,projected,L,frozen - only 7 of 10 annual rates
Syrian Arab Republic,SYR,2042,,L,projected,L,frozen - only 7 of 10 annual rates
Syrian Arab Republic,SYR,2043,,L,projected,L,frozen - only 7 of 10 annual rates
Syrian Arab Republic,SYR,2044,,L,projected,L,frozen - only 7 of 10 annual rates
Syrian Arab Republic,SYR,2045,,L,projected,L,frozen - only 7 of 10 annual rates
Syrian Arab Republic,SYR,2046,,L,projected,L,frozen - only 7 of 10 annual rates
Syrian Arab Republic,SYR,2047,,L,projected,L,frozen - only 7 of 10 annual rates
Syrian Arab Republic,SYR,2048,,L,projected,L,frozen - only 7 of 10 annual rates
Syrian Arab Republic,SYR,2049,,L,projected,L,frozen - only 7 of 10 annual rates
Syrian Arab Republic,SYR,2050,,L,projected,L,frozen - only 7 of 10 annual rates
São Tomé and Príncipe,STP,1987,900.0,L,actual,LM,projected - cut from 9.2% to the LM p90 cap of 7.47%
São Tomé and Príncipe,STP,1988,980.0,L,actual,LM,projected - cut from 9.2% to the LM p90 cap of 7.47%
São Tomé and Príncipe,STP,1989,890.0,L,actual,LM,projected - cut from 9.2% to the LM p90 cap of 7.47%
São Tomé and Príncipe,STP,1990,820.0,L,actual,LM,projected - cut from 9.2% to the LM p90 cap of 7.47%
São Tomé and Príncipe,STP,1991,800.0,L,actual,LM,projected - cut from 9.2% to the LM p90 cap of 7.47%
São Tomé and Príncipe,STP,1992,780.0,L,actual,LM,projected - cut from 9.2% to the LM p90 cap of 7.47%
São Tomé and Príncipe,STP,1993,780.0,L,actual,LM,projected - cut from 9.2% to the LM p90 cap of 7.47%
São Tomé and Príncipe,STP,1994,820.0,L,actual,LM,projected - cut from 9.2% to the LM p90 cap of 7.47%
São Tomé and Príncipe,STP,1995,830.0,L,actual,LM,projected - cut from 9.2% to the LM p90 cap of 7.47%
São Tomé and Príncipe,STP,1996,840.0,L,actual,LM,projected - cut from 9.2% to the LM p90 cap of 7.47%
São Tomé and Príncipe,STP,1997,710.0,L,actual,LM,projected - cut from 9.2% to the LM p90 cap of 7.47%
São Tomé and Príncipe,STP,1998,590.0,L,actual,LM,projected - cut from 9.2% to the LM p90 cap of 7.47%
São Tomé and Príncipe,STP,1999,510.0,L,actual,LM,projected - cut from 9.2% to the LM p90 cap of 7.47%
São Tomé and Príncipe,STP,2000,480.0,L,actual,LM,projected - cut from 9.2% to the LM p90 cap of 7.47%
São Tomé and Príncipe,STP,2001,510.0,L,actual,LM,projected - cut from 9.2% to the LM p90 cap of 7.47%
São Tomé and Príncipe,STP,2002,520.0,L,actual,LM,projected - cut from 9.2% to the LM p90 cap of 7.47%
São Tomé and Príncipe,STP,2003,600.0,L,actual,LM,projected - cut from 9.2% to the LM p90 cap of 7.47%
São Tomé and Príncipe,STP,2004,690.0,L,actual,LM,projected - cut from 9.2% to the LM p90 cap of 7.47%
São Tomé and Príncipe,STP,2005,800.0,L,actual,LM,projected - cut from 9.2% to the LM p90 cap of 7.47%
São Tomé and Príncipe,STP,2006,910.0,L,actual,LM,projected - cut from 9.2% to the LM p90 cap of 7.47%
São Tomé and Príncipe,STP,2007,940.0,L,actual,LM,projected - cut from 9.2% to the LM p90 cap of 7.47%
São Tomé and Príncipe,STP,2008,1000.0,LM,actual,LM,projected - cut from 9.2% to the LM p90 cap of 7.47%
São Tomé and Príncipe,STP,2009,1070.0,LM,actual,LM,projected - cut from 9.2% to the LM p90 cap of 7.47%
São Tomé and Príncipe,STP,2010,1090.0,LM,actual,LM,projected - cut from 9.2% to the LM p90 cap of 7.47%
São Tomé and Príncipe,STP,2011,1140.0,LM,actual,LM,projected - cut from 9.2% to the LM p90 cap of 7.47%
São Tomé and Príncipe,STP,2012,1170.0,LM,actual,LM,projected - cut from 9.2% to the LM p90 cap of 7.47%
São Tomé and Príncipe,STP,2013,1330.0,LM,actual,LM,projected - cut from 9.2% to the LM p90 cap of 7.47%
São Tomé and Príncipe,STP,2014,1440.0,LM,actual,LM,projected - cut from 9.2% to the LM p90 cap of 7.47%
São Tomé and Príncipe,STP,2015,1400.0,LM,actual,LM,projected - cut from 9.2% to the LM p90 cap of 7.47%
São Tomé and Príncipe,STP,2016,1420.0,LM,actual,LM,projected - cut from 9.2% to the LM p90 cap of 7.47%
São Tomé and Príncipe,STP,2017,1440.0,LM,actual,LM,projected - cut from 9.2% to the LM p90 cap of 7.47%
São Tomé and Príncipe,STP,2018,1660.0,LM,actual,LM,projected - cut from 9.2% to the LM p90 cap of 7.47%
São Tomé and Príncipe,STP,2019,1810.0,LM,actual,LM,projected - cut from 9.2% to the LM p90 cap of 7.47%
São Tomé and Príncipe,STP,2020,2030.0,LM,actual,LM,projected - cut from 9.2% to the LM p90 cap of 7.47%
São Tomé and Príncipe,STP,2021,2220.0,LM,actual,LM,projected - cut from 9.2% to the LM p90 cap of 7.47%
São Tomé and Príncipe,STP,2022,2820.0,LM,actual,LM,projected - cut from 9.2% to the LM p90 cap of 7.47%
São Tomé and Príncipe,STP,2023,2810.0,LM,actual,LM,projected - cut from 9.2% to the LM p90 cap of 7.47%
São Tomé and Príncipe,STP,2024,2910.0,LM,actual,LM,projected - cut from 9.2% to the LM p90 cap of 7.47%
São Tomé and Príncipe,STP,2025,3800.0,LM,actual,LM,projected - cut from 9.2% to the LM p90 cap of 7.47%
São Tomé and Príncipe,STP,2026,4083.7878,LM,projected,LM,projected - cut from 9.2% to the LM p90 cap of 7.47%
São Tomé and Príncipe,STP,2027,4388.769157,LM,projected,LM,projected - cut from 9.2% to the LM p90 cap of 7.47%
São Tomé and Príncipe,STP,2028,4716.526826,LM,projected,LM,projected - cut from 9.2% to the LM p90 cap of 7.47%
São Tomé and Príncipe,STP,2029,5068.761766,UM,projected,LM,projected - cut from 9.2% to the LM p90 cap of 7.47%
São Tomé and Príncipe,STP,2030,5447.301963,UM,projected,LM,projected - cut from 9.2% to the LM p90 cap of 7.47%
São Tomé and Príncipe,STP,2031,5854.111921,UM,projected,LM,projected - cut from 9.2% to the LM p90 cap of 7.47%
São Tomé and Príncipe,STP,2032,6291.302854,UM,projected,LM,projected - cut from 9.2% to the LM p90 cap of 7.47%
São Tomé and Príncipe,STP,2033,6761.143642,UM,projected,LM,projected - cut from 9.2% to the LM p90 cap of 7.47%
São Tomé and Príncipe,STP,2034,7266.072611,UM,projected,LM,projected - cut from 9.2% to the LM p90 cap of 7.47%
São Tomé and Príncipe,STP,2035,7808.710179,UM,projected,LM,projected - cut from 9.2% to the LM p90 cap of 7.47%
São Tomé and Príncipe,STP,2036,8391.872464,UM,projected,LM,projected - cut from 9.2% to the LM p90 cap of 7.47%
São Tomé and Príncipe,STP,2037,9018.585892,UM,projected,LM,projected - cut from 9.2% to the LM p90 cap of 7.47%
São Tomé and Príncipe,STP,2038,9692.102904,UM,projected,LM,projected - cut from 9.2% to the LM p90 cap of 7.47%
São Tomé and Príncipe,STP,2039,10415.918841,UM,projected,LM,projected - cut from 9.2% to the LM p90 cap of 7.47%
São Tomé and Príncipe,STP,2040,11193.790076,UM,projected,LM,projected - cut from 9.2% to the LM p90 cap of 7.47%
São Tomé and Príncipe,STP,2041,12029.753513,UM,projected,LM,projected - cut from 9.2% to the LM p90 cap of 7.47%
São Tomé and Príncipe,STP,2042,12928.147535,UM,projected,LM,projected - cut from 9.2% to the LM p90 cap of 7.47%
São Tomé and Príncipe,STP,2043,13893.634521,UM,projected,LM,projected - cut from 9.2% to the LM p90 cap of 7.47%
São Tomé and Príncipe,STP,2044,14931.225041,UM,projected,LM,projected - cut from 9.2% to the LM p90 cap of 7.47%
São Tomé and Príncipe,STP,2045,16046.303858,UM,projected,LM,projected - cut from 9.2% to the LM p90 cap of 7.47%
São Tomé and Príncipe,STP,2046,17244.657877,UM,projected,LM,projected - cut from 9.2% to the LM p90 cap of 7.47%
São Tomé and Príncipe,STP,2047,18532.506172,UM,projected,LM,projected - cut from 9.2% to the LM p90 cap of 7.47%
São Tomé and Príncipe,STP,2048,19916.532265,H,projected,LM,projected - cut from 9.2% to the LM p90 cap of 7.47%
São Tomé and Príncipe,STP,2049,21403.918811,H,projected,LM,projected - cut from 9.2% to the LM p90 cap of 7.47%
São Tomé and Príncipe,STP,2050,23002.384872,H,projected,LM,projected - cut from 9.2% to the LM p90 cap of 7.47%
"Taiwan, China",TWN,1987,,H,actual,H,frozen - only 0 of 10 annual rates
"Taiwan, China",TWN,1988,,H,actual,H,frozen - only 0 of 10 annual rates
"Taiwan, China",TWN,1989,,H,actual,H,frozen - only 0 of 10 annual rates
"Taiwan, China",TWN,1990,,H,actual,H,frozen - only 0 of 10 annual rates
"Taiwan, China",TWN,1991,,H,actual,H,frozen - only 0 of 10 annual rates
"Taiwan, China",TWN,1992,,H,actual,H,frozen - only 0 of 10 annual rates
"Taiwan, China",TWN,1993,,H,actual,H,frozen - only 0 of 10 annual rates
"Taiwan, China",TWN,1994,,H,actual,H,frozen - only 0 of 10 annual rates
"Taiwan, China",TWN,1995,,H,actual,H,frozen - only 0 of 10 annual rates
"Taiwan, China",TWN,1996,,H,actual,H,frozen - only 0 of 10 annual rates
"Taiwan, China",TWN,1997,,H,actual,H,frozen - only 0 of 10 annual rates
"Taiwan, China",TWN,1998,,H,actual,H,frozen - only 0 of 10 annual rates
"Taiwan, China",TWN,1999,,H,actual,H,frozen - only 0 of 10 annual rates
"Taiwan, China",TWN,2000,,H,actual,H,frozen - only 0 of 10 annual rates
"Taiwan, China",TWN,2001,,H,actual,H,frozen - only 0 of 10 annual rates
"Taiwan, China",TWN,2002,,H,actual,H,frozen - only 0 of 10 annual rates
"Taiwan, China",TWN,2003,,H,actual,H,frozen - only 0 of 10 annual rates
"Taiwan, China",TWN,2004,,H,actual,H,frozen - only 0 of 10 annual rates
"Taiwan, China",TWN,2005,,H,actual,H,frozen - only 0 of 10 annual rates
"Taiwan, China",TWN,2006,,H,actual,H,frozen - only 0 of 10 annual rates
"Taiwan, China",TWN,2007,,H,actual,H,frozen - only 0 of 10 annual rates
"Taiwan, China",TWN,2008,,H,actual,H,frozen - only 0 of 10 annual rates
"Taiwan, China",TWN,2009,,H,actual,H,frozen - only 0 of 10 annual rates
"Taiwan, China",TWN,2010,,H,actual,H,frozen - only 0 of 10 annual rates
"Taiwan, China",TWN,2011,,H,actual,H,frozen - only 0 of 10 annual rates
"Taiwan, China",TWN,2012,,H,actual,H,frozen - only 0 of 10 annual rates
"Taiwan, China",TWN,2013,,H,actual,H,frozen - only 0 of 10 annual rates
"Taiwan, China",TWN,2014,,H,actual,H,frozen - only 0 of 10 annual rates
"Taiwan, China",TWN,2015,,H,actual,H,frozen - only 0 of 10 annual rates
"Taiwan, China",TWN,2016,,H,actual,H,frozen - only 0 of 10 annual rates
"Taiwan, China",TWN,2017,,H,actual,H,frozen - only 0 of 10 annual rates
"Taiwan, China",TWN,2018,,H,actual,H,frozen - only 0 of 10 annual rates
"Taiwan, China",TWN,2019,,H,actual,H,frozen - only 0 of 10 annual rates
"Taiwan, China",TWN,2020,,H,actual,H,frozen - only 0 of 10 annual rates
"Taiwan, China",TWN,2021,,H,actual,H,frozen - only 0 of 10 annual rates
"Taiwan, China",TWN,2022,,H,actual,H,frozen - only 0 of 10 annual rates
"Taiwan, China",TWN,2023,,H,actual,H,frozen - only 0 of 10 annual rates
"Taiwan, China",TWN,2024,,H,actual,H,frozen - only 0 of 10 annual rates
"Taiwan, China",TWN,2025,,H,actual,H,frozen - only 0 of 10 annual rates
"Taiwan, China",TWN,2026,,H,projected,H,frozen - only 0 of 10 annual rates
"Taiwan, China",TWN,2027,,H,projected,H,frozen - only 0 of 10 annual rates
"Taiwan, China",TWN,2028,,H,projected,H,frozen - only 0 of 10 annual rates
"Taiwan, China",TWN,2029,,H,projected,H,frozen - only 0 of 10 annual rates
"Taiwan, China",TWN,2030,,H,projected,H,frozen - only 0 of 10 annual rates
"Taiwan, China",TWN,2031,,H,projected,H,frozen - only 0 of 10 annual rates
"Taiwan, China",TWN,2032,,H,projected,H,frozen - only 0 of 10 annual rates
"Taiwan, China",TWN,2033,,H,projected,H,frozen - only 0 of 10 annual rates
"Taiwan, China",TWN,2034,,H,projected,H,frozen - only 0 of 10 annual rates
"Taiwan, China",TWN,2035,,H,projected,H,frozen - only 0 of 10 annual rates
"Taiwan, China",TWN,2036,,H,projected,H,frozen - only 0 of 10 annual rates
"Taiwan, China",TWN,2037,,H,projected,H,frozen - only 0 of 10 annual rates
"Taiwan, China",TWN,2038,,H,projected,H,frozen - only 0 of 10 annual rates
"Taiwan, China",TWN,2039,,H,projected,H,frozen - only 0 of 10 annual rates
"Taiwan, China",TWN,2040,,H,projected,H,frozen - only 0 of 10 annual rates
"Taiwan, China",TWN,2041,,H,projected,H,frozen - only 0 of 10 annual rates
"Taiwan, China",TWN,2042,,H,projected,H,frozen - only 0 of 10 annual rates
"Taiwan, China",TWN,2043,,H,projected,H,frozen - only 0 of 10 annual rates
"Taiwan, China",TWN,2044,,H,projected,H,frozen - only 0 of 10 annual rates
"Taiwan, China",TWN,2045,,H,projected,H,frozen - only 0 of 10 annual rates
"Taiwan, China",TWN,2046,,H,projected,H,frozen - only 0 of 10 annual rates
"Taiwan, China",TWN,2047,,H,projected,H,frozen - only 0 of 10 annual rates
"Taiwan, China",TWN,2048,,H,projected,H,frozen - only 0 of 10 annual rates
"Taiwan, China",TWN,2049,,H,projected,H,frozen - only 0 of 10 annual rates
"Taiwan, China",TWN,2050,,H,projected,H,frozen - only 0 of 10 annual rates
Tajikistan,TJK,1991,,LM,actual,LM,projected
Tajikistan,TJK,1992,340.0,L,actual,LM,projected
Tajikistan,TJK,1993,290.0,L,actual,LM,projected
Tajikistan,TJK,1994,210.0,L,actual,LM,projected
Tajikistan,TJK,1995,210.0,L,actual,LM,projected
Tajikistan,TJK,1996,170.0,L,actual,LM,projected
Tajikistan,TJK,1997,160.0,L,actual,LM,projected
Tajikistan,TJK,1998,170.0,L,actual,LM,projected
Tajikistan,TJK,1999,170.0,L,actual,LM,projected
Tajikistan,TJK,2000,170.0,L,actual,LM,projected
Tajikistan,TJK,2001,160.0,L,actual,LM,projected
Tajikistan,TJK,2002,170.0,L,actual,LM,projected
Tajikistan,TJK,2003,210.0,L,actual,LM,projected
Tajikistan,TJK,2004,260.0,L,actual,LM,projected
Tajikistan,TJK,2005,370.0,L,actual,LM,projected
Tajikistan,TJK,2006,460.0,L,actual,LM,projected
Tajikistan,TJK,2007,570.0,L,actual,LM,projected
Tajikistan,TJK,2008,730.0,L,actual,LM,projected
Tajikistan,TJK,2009,790.0,L,actual,LM,projected
Tajikistan,TJK,2010,910.0,L,actual,LM,projected
Tajikistan,TJK,2011,1000.0,L,actual,LM,projected
Tajikistan,TJK,2012,1130.0,L,actual,LM,projected
Tajikistan,TJK,2013,1300.0,L,actual,LM,projected
Tajikistan,TJK,2014,1320.0,LM,actual,LM,projected
Tajikistan,TJK,2015,1230.0,LM,actual,LM,projected
Tajikistan,TJK,2016,1090.0,LM,actual,LM,projected
Tajikistan,TJK,2017,1000.0,L,actual,LM,projected
Tajikistan,TJK,2018,1000.0,L,actual,LM,projected
Tajikistan,TJK,2019,1050.0,L,actual,LM,projected
Tajikistan,TJK,2020,1030.0,LM,actual,LM,projected
Tajikistan,TJK,2021,1130.0,LM,actual,LM,projected
Tajikistan,TJK,2022,1360.0,LM,actual,LM,projected
Tajikistan,TJK,2023,1400.0,LM,actual,LM,projected
Tajikistan,TJK,2024,1650.0,LM,actual,LM,projected
Tajikistan,TJK,2025,2080.0,LM,actual,LM,projected
Tajikistan,TJK,2026,2162.588235,LM,projected,LM,projected
Tajikistan,TJK,2027,2248.455709,LM,projected,LM,projected
Tajikistan,TJK,2028,2337.732627,LM,projected,LM,projected
Tajikistan,TJK,2029,2430.554364,LM,projected,LM,projected
Tajikistan,TJK,2030,2527.06167,LM,projected,LM,projected
Tajikistan,TJK,2031,2627.400883,LM,projected,LM,projected
Tajikistan,TJK,2032,2731.724153,LM,projected,LM,projected
Tajikistan,TJK,2033,2840.189671,LM,projected,LM,projected
Tajikistan,TJK,2034,2952.961908,LM,projected,LM,projected
Tajikistan,TJK,2035,3070.211866,LM,projected,LM,projected
Tajikistan,TJK,2036,3192.117337,LM,projected,LM,projected
Tajikistan,TJK,2037,3318.863173,LM,projected,LM,projected
Tajikistan,TJK,2038,3450.641563,LM,projected,LM,projected
Tajikistan,TJK,2039,3587.652331,LM,projected,LM,projected
Tajikistan,TJK,2040,3730.103233,LM,projected,LM,projected
Tajikistan,TJK,2041,3878.210273,LM,projected,LM,projected
Tajikistan,TJK,2042,4032.198034,LM,projected,LM,projected
Tajikistan,TJK,2043,4192.300014,LM,projected,LM,projected
Tajikistan,TJK,2044,4358.758986,LM,projected,LM,projected
Tajikistan,TJK,2045,4531.827357,LM,projected,LM,projected
Tajikistan,TJK,2046,4711.767561,LM,projected,LM,projected
Tajikistan,TJK,2047,4898.852449,LM,projected,LM,projected
Tajikistan,TJK,2048,5093.365708,LM,projected,LM,projected
Tajikistan,TJK,2049,5295.602288,LM,projected,LM,projected
Tajikistan,TJK,2050,5505.868849,LM,projected,LM,projected
Tanzania,TZA,1987,500.0,L,actual,LM,projected
Tanzania,TZA,1988,400.0,L,actual,LM,projected
Tanzania,TZA,1989,320.0,L,actual,LM,projected
Tanzania,TZA,1990,280.0,L,actual,LM,projected
Tanzania,TZA,1991,270.0,L,actual,LM,projected
Tanzania,TZA,1992,260.0,L,actual,LM,projected
Tanzania,TZA,1993,250.0,L,actual,LM,projected
Tanzania,TZA,1994,230.0,L,actual,LM,projected
Tanzania,TZA,1995,240.0,L,actual,LM,projected
Tanzania,TZA,1996,280.0,L,actual,LM,projected
Tanzania,TZA,1997,310.0,L,actual,LM,projected
Tanzania,TZA,1998,350.0,L,actual,LM,projected
Tanzania,TZA,1999,380.0,L,actual,LM,projected
Tanzania,TZA,2000,400.0,L,actual,LM,projected
Tanzania,TZA,2001,400.0,L,actual,LM,projected
Tanzania,TZA,2002,410.0,L,actual,LM,projected
Tanzania,TZA,2003,430.0,L,actual,LM,projected
Tanzania,TZA,2004,460.0,L,actual,LM,projected
Tanzania,TZA,2005,490.0,L,actual,LM,projected
Tanzania,TZA,2006,510.0,L,actual,LM,projected
Tanzania,TZA,2007,530.0,L,actual,LM,projected
Tanzania,TZA,2008,590.0,L,actual,LM,projected
Tanzania,TZA,2009,660.0,L,actual,LM,projected
Tanzania,TZA,2010,720.0,L,actual,LM,projected
Tanzania,TZA,2011,760.0,L,actual,LM,projected
Tanzania,TZA,2012,810.0,L,actual,LM,projected
Tanzania,TZA,2013,880.0,L,actual,LM,projected
Tanzania,TZA,2014,970.0,L,actual,LM,projected
Tanzania,TZA,2015,970.0,L,actual,LM,projected
Tanzania,TZA,2016,960.0,L,actual,LM,projected
Tanzania,TZA,2017,960.0,L,actual,LM,projected
Tanzania,TZA,2018,1010.0,L,actual,LM,projected
Tanzania,TZA,2019,1050.0,LM,actual,LM,projected
Tanzania,TZA,2020,1060.0,LM,actual,LM,projected
Tanzania,TZA,2021,1130.0,LM,actual,LM,projected
Tanzania,TZA,2022,1210.0,LM,actual,LM,projected
Tanzania,TZA,2023,1220.0,LM,actual,LM,projected
Tanzania,TZA,2024,1210.0,LM,actual,LM,projected
Tanzania,TZA,2025,1270.0,LM,actual,LM,projected
Tanzania,TZA,2026,1301.196134,LM,projected,LM,projected
Tanzania,TZA,2027,1333.158566,LM,projected,LM,projected
Tanzania,TZA,2028,1365.90612,LM,projected,LM,projected
Tanzania,TZA,2029,1399.45808,LM,projected,LM,projected
Tanzania,TZA,2030,1433.834208,LM,projected,LM,projected
Tanzania,TZA,2031,1469.054746,LM,projected,LM,projected
Tanzania,TZA,2032,1505.140438,LM,projected,LM,projected
Tanzania,TZA,2033,1542.112535,LM,projected,LM,projected
Tanzania,TZA,2034,1579.99281,LM,projected,LM,projected
Tanzania,TZA,2035,1618.803571,LM,projected,LM,projected
Tanzania,TZA,2036,1658.567676,LM,projected,LM,projected
Tanzania,TZA,2037,1699.308541,LM,projected,LM,projected
Tanzania,TZA,2038,1741.050161,LM,projected,LM,projected
Tanzania,TZA,2039,1783.817117,LM,projected,LM,projected
Tanzania,TZA,2040,1827.634595,LM,projected,LM,projected
Tanzania,TZA,2041,1872.528401,LM,projected,LM,projected
Tanzania,TZA,2042,1918.524973,LM,projected,LM,projected
Tanzania,TZA,2043,1965.6514,LM,projected,LM,projected
Tanzania,TZA,2044,2013.935435,LM,projected,LM,projected
Tanzania,TZA,2045,2063.405513,LM,projected,LM,projected
Tanzania,TZA,2046,2114.090769,LM,projected,LM,projected
Tanzania,TZA,2047,2166.021052,LM,projected,LM,projected
Tanzania,TZA,2048,2219.226943,LM,projected,LM,projected
Tanzania,TZA,2049,2273.739779,LM,projected,LM,projected
Tanzania,TZA,2050,2329.591661,LM,projected,LM,projected
Thailand,THA,1987,990.0,LM,actual,UM,projected
Thailand,THA,1988,1200.0,LM,actual,UM,projected
Thailand,THA,1989,1370.0,LM,actual,UM,projected
Thailand,THA,1990,1540.0,LM,actual,UM,projected
Thailand,THA,1991,1710.0,LM,actual,UM,projected
Thailand,THA,1992,1930.0,LM,actual,UM,projected
Thailand,THA,1993,2170.0,LM,actual,UM,projected
Thailand,THA,1994,2420.0,LM,actual,UM,projected
Thailand,THA,1995,2750.0,LM,actual,UM,projected
Thailand,THA,1996,2960.0,LM,actual,UM,projected
Thailand,THA,1997,2680.0,LM,actual,UM,projected
Thailand,THA,1998,2080.0,LM,actual,UM,projected
Thailand,THA,1999,1980.0,LM,actual,UM,projected
Thailand,THA,2000,1980.0,LM,actual,UM,projected
Thailand,THA,2001,1960.0,LM,actual,UM,projected
Thailand,THA,2002,1980.0,LM,actual,UM,projected
Thailand,THA,2003,2170.0,LM,actual,UM,projected
Thailand,THA,2004,2520.0,LM,actual,UM,projected
Thailand,THA,2005,2770.0,LM,actual,UM,projected
Thailand,THA,2006,3070.0,LM,actual,UM,projected
Thailand,THA,2007,3480.0,LM,actual,UM,projected
Thailand,THA,2008,3900.0,LM,actual,UM,projected
Thailand,THA,2009,4060.0,LM,actual,UM,projected
Thailand,THA,2010,4490.0,UM,actual,UM,projected
Thailand,THA,2011,4840.0,UM,actual,UM,projected
Thailand,THA,2012,5400.0,UM,actual,UM,projected
Thailand,THA,2013,5580.0,UM,actual,UM,projected
Thailand,THA,2014,5620.0,UM,actual,UM,projected
Thailand,THA,2015,5560.0,UM,actual,UM,projected
Thailand,THA,2016,5550.0,UM,actual,UM,projected
Thailand,THA,2017,5800.0,UM,actual,UM,projected
Thailand,THA,2018,6430.0,UM,actual,UM,projected
Thailand,THA,2019,7070.0,UM,actual,UM,projected
Thailand,THA,2020,6910.0,UM,actual,UM,projected
Thailand,THA,2021,7100.0,UM,actual,UM,projected
Thailand,THA,2022,7220.0,UM,actual,UM,projected
Thailand,THA,2023,7210.0,UM,actual,UM,projected
Thailand,THA,2024,7130.0,UM,actual,UM,projected
Thailand,THA,2025,7690.0,UM,actual,UM,projected
Thailand,THA,2026,7860.709504,UM,projected,UM,projected
Thailand,THA,2027,8035.208571,UM,projected,UM,projected
Thailand,THA,2028,8213.581325,UM,projected,UM,projected
Thailand,THA,2029,8395.913756,UM,projected,UM,projected
Thailand,THA,2030,8582.293766,UM,projected,UM,projected
Thailand,THA,2031,8772.811207,UM,projected,UM,projected
Thailand,THA,2032,8967.557924,UM,projected,UM,projected
Thailand,THA,2033,9166.627803,UM,projected,UM,projected
Thailand,THA,2034,9370.116813,UM,projected,UM,projected
Thailand,THA,2035,9578.123055,UM,projected,UM,projected
Thailand,THA,2036,9790.746805,UM,projected,UM,projected
Thailand,THA,2037,10008.090568,UM,projected,UM,projected
Thailand,THA,2038,10230.259122,UM,projected,UM,projected
Thailand,THA,2039,10457.359573,UM,projected,UM,projected
Thailand,THA,2040,10689.501403,UM,projected,UM,projected
Thailand,THA,2041,10926.796525,UM,projected,UM,projected
Thailand,THA,2042,11169.359336,UM,projected,UM,projected
Thailand,THA,2043,11417.306774,UM,projected,UM,projected
Thailand,THA,2044,11670.758371,UM,projected,UM,projected
Thailand,THA,2045,11929.836314,UM,projected,UM,projected
Thailand,THA,2046,12194.6655,UM,projected,UM,projected
Thailand,THA,2047,12465.373603,UM,projected,UM,projected
Thailand,THA,2048,12742.091125,UM,projected,UM,projected
Thailand,THA,2049,13024.951472,UM,projected,UM,projected
Thailand,THA,2050,13314.091005,UM,projected,UM,projected
Timor-Leste,TLS,1992,450.0,,actual,LM,projected - raised from -3.0% to the 1.244% floor
Timor-Leste,TLS,1993,510.0,,actual,LM,projected - raised from -3.0% to the 1.244% floor
Timor-Leste,TLS,1994,570.0,,actual,LM,projected - raised from -3.0% to the 1.244% floor
Timor-Leste,TLS,1995,620.0,,actual,LM,projected - raised from -3.0% to the 1.244% floor
Timor-Leste,TLS,1996,670.0,,actual,LM,projected - raised from -3.0% to the 1.244% floor
Timor-Leste,TLS,1997,690.0,,actual,LM,projected - raised from -3.0% to the 1.244% floor
Timor-Leste,TLS,1998,660.0,,actual,LM,projected - raised from -3.0% to the 1.244% floor
Timor-Leste,TLS,1999,500.0,,actual,LM,projected - raised from -3.0% to the 1.244% floor
Timor-Leste,TLS,2000,660.0,,actual,LM,projected - raised from -3.0% to the 1.244% floor
Timor-Leste,TLS,2001,710.0,L,actual,LM,projected - raised from -3.0% to the 1.244% floor
Timor-Leste,TLS,2002,790.0,L,actual,LM,projected - raised from -3.0% to the 1.244% floor
Timor-Leste,TLS,2003,690.0,L,actual,LM,projected - raised from -3.0% to the 1.244% floor
Timor-Leste,TLS,2004,820.0,L,actual,LM,projected - raised from -3.0% to the 1.244% floor
Timor-Leste,TLS,2005,970.0,L,actual,LM,projected - raised from -3.0% to the 1.244% floor
Timor-Leste,TLS,2006,1360.0,L,actual,LM,projected - raised from -3.0% to the 1.244% floor
Timor-Leste,TLS,2007,1900.0,LM,actual,LM,projected - raised from -3.0% to the 1.244% floor
Timor-Leste,TLS,2008,3040.0,LM,actual,LM,projected - raised from -3.0% to the 1.244% floor
Timor-Leste,TLS,2009,2370.0,LM,actual,LM,projected - raised from -3.0% to the 1.244% floor
Timor-Leste,TLS,2010,2870.0,LM,actual,LM,projected - raised from -3.0% to the 1.244% floor
Timor-Leste,TLS,2011,3740.0,LM,actual,LM,projected - raised from -3.0% to the 1.244% floor
Timor-Leste,TLS,2012,3570.0,LM,actual,LM,projected - raised from -3.0% to the 1.244% floor
Timor-Leste,TLS,2013,3190.0,LM,actual,LM,projected - raised from -3.0% to the 1.244% floor
Timor-Leste,TLS,2014,2700.0,LM,actual,LM,projected - raised from -3.0% to the 1.244% floor
Timor-Leste,TLS,2015,2180.0,LM,actual,LM,projected - raised from -3.0% to the 1.244% floor
Timor-Leste,TLS,2016,1730.0,LM,actual,LM,projected - raised from -3.0% to the 1.244% floor
Timor-Leste,TLS,2017,1780.0,LM,actual,LM,projected - raised from -3.0% to the 1.244% floor
Timor-Leste,TLS,2018,1790.0,LM,actual,LM,projected - raised from -3.0% to the 1.244% floor
Timor-Leste,TLS,2019,2180.0,LM,actual,LM,projected - raised from -3.0% to the 1.244% floor
Timor-Leste,TLS,2020,2040.0,LM,actual,LM,projected - raised from -3.0% to the 1.244% floor
Timor-Leste,TLS,2021,2050.0,LM,actual,LM,projected - raised from -3.0% to the 1.244% floor
Timor-Leste,TLS,2022,1820.0,LM,actual,LM,projected - raised from -3.0% to the 1.244% floor
Timor-Leste,TLS,2023,1900.0,LM,actual,LM,projected - raised from -3.0% to the 1.244% floor
Timor-Leste,TLS,2024,1650.0,LM,actual,LM,projected - raised from -3.0% to the 1.244% floor
Timor-Leste,TLS,2025,1510.0,LM,actual,LM,projected - raised from -3.0% to the 1.244% floor
Timor-Leste,TLS,2026,1528.7844,LM,projected,LM,projected - raised from -3.0% to the 1.244% floor
Timor-Leste,TLS,2027,1547.802478,LM,projected,LM,projected - raised from -3.0% to the 1.244% floor
Timor-Leste,TLS,2028,1567.057141,LM,projected,LM,projected - raised from -3.0% to the 1.244% floor
Timor-Leste,TLS,2029,1586.551332,LM,projected,LM,projected - raised from -3.0% to the 1.244% floor
Timor-Leste,TLS,2030,1606.28803,LM,projected,LM,projected - raised from -3.0% to the 1.244% floor
Timor-Leste,TLS,2031,1626.270253,LM,projected,LM,projected - raised from -3.0% to the 1.244% floor
Timor-Leste,TLS,2032,1646.501055,LM,projected,LM,projected - raised from -3.0% to the 1.244% floor
Timor-Leste,TLS,2033,1666.983528,LM,projected,LM,projected - raised from -3.0% to the 1.244% floor
Timor-Leste,TLS,2034,1687.720803,LM,projected,LM,projected - raised from -3.0% to the 1.244% floor
Timor-Leste,TLS,2035,1708.71605,LM,projected,LM,projected - raised from -3.0% to the 1.244% floor
Timor-Leste,TLS,2036,1729.972478,LM,projected,LM,projected - raised from -3.0% to the 1.244% floor
Timor-Leste,TLS,2037,1751.493336,LM,projected,LM,projected - raised from -3.0% to the 1.244% floor
Timor-Leste,TLS,2038,1773.281913,LM,projected,LM,projected - raised from -3.0% to the 1.244% floor
Timor-Leste,TLS,2039,1795.34154,LM,projected,LM,projected - raised from -3.0% to the 1.244% floor
Timor-Leste,TLS,2040,1817.675588,LM,projected,LM,projected - raised from -3.0% to the 1.244% floor
Timor-Leste,TLS,2041,1840.287473,LM,projected,LM,projected - raised from -3.0% to the 1.244% floor
Timor-Leste,TLS,2042,1863.180649,LM,projected,LM,projected - raised from -3.0% to the 1.244% floor
Timor-Leste,TLS,2043,1886.358616,LM,projected,LM,projected - raised from -3.0% to the 1.244% floor
Timor-Leste,TLS,2044,1909.824917,LM,projected,LM,projected - raised from -3.0% to the 1.244% floor
Timor-Leste,TLS,2045,1933.583139,LM,projected,LM,projected - raised from -3.0% to the 1.244% floor
Timor-Leste,TLS,2046,1957.636914,LM,projected,LM,projected - raised from -3.0% to the 1.244% floor
Timor-Leste,TLS,2047,1981.989917,LM,projected,LM,projected - raised from -3.0% to the 1.244% floor
Timor-Leste,TLS,2048,2006.645871,LM,projected,LM,projected - raised from -3.0% to the 1.244% floor
Timor-Leste,TLS,2049,2031.608546,LM,projected,LM,projected - raised from -3.0% to the 1.244% floor
Timor-Leste,TLS,2050,2056.881756,LM,projected,LM,projected - raised from -3.0% to the 1.244% floor
Togo,TGO,1987,450.0,L,actual,LM,projected
Togo,TGO,1988,570.0,L,actual,LM,projected
Togo,TGO,1989,580.0,L,actual,LM,projected
Togo,TGO,1990,580.0,L,actual,LM,projected
Togo,TGO,1991,570.0,L,actual,LM,projected
Togo,TGO,1992,590.0,L,actual,LM,projected
Togo,TGO,1993,500.0,L,actual,LM,projected
Togo,TGO,1994,460.0,L,actual,LM,projected
Togo,TGO,1995,450.0,L,actual,LM,projected
Togo,TGO,1996,450.0,L,actual,LM,projected
Togo,TGO,1997,510.0,L,actual,LM,projected
Togo,TGO,1998,470.0,L,actual,LM,projected
Togo,TGO,1999,460.0,L,actual,LM,projected
Togo,TGO,2000,450.0,L,actual,LM,projected
Togo,TGO,2001,430.0,L,actual,LM,projected
Togo,TGO,2002,440.0,L,actual,LM,projected
Togo,TGO,2003,510.0,L,actual,LM,projected
Togo,TGO,2004,570.0,L,actual,LM,projected
Togo,TGO,2005,590.0,L,actual,LM,projected
Togo,TGO,2006,600.0,L,actual,LM,projected
Togo,TGO,2007,610.0,L,actual,LM,projected
Togo,TGO,2008,680.0,L,actual,LM,projected
Togo,TGO,2009,760.0,L,actual,LM,projected
Togo,TGO,2010,790.0,L,actual,LM,projected
Togo,TGO,2011,850.0,L,actual,LM,projected
Togo,TGO,2012,840.0,L,actual,LM,projected
Togo,TGO,2013,890.0,L,actual,LM,projected
Togo,TGO,2014,910.0,L,actual,LM,projected
Togo,TGO,2015,910.0,L,actual,LM,projected
Togo,TGO,2016,870.0,L,actual,LM,projected
Togo,TGO,2017,850.0,L,actual,LM,projected
Togo,TGO,2018,920.0,L,actual,LM,projected
Togo,TGO,2019,950.0,L,actual,LM,projected
Togo,TGO,2020,970.0,L,actual,LM,projected
Togo,TGO,2021,1040.0,L,actual,LM,projected
Togo,TGO,2022,1130.0,L,actual,LM,projected
Togo,TGO,2023,1190.0,L,actual,LM,projected
Togo,TGO,2024,1220.0,L,actual,LM,projected
Togo,TGO,2025,1350.0,LM,actual,LM,projected
Togo,TGO,2026,1407.851578,LM,projected,LM,projected
Togo,TGO,2027,1468.18227,LM,projected,LM,projected
Togo,TGO,2028,1531.098315,LM,projected,LM,projected
Togo,TGO,2029,1596.710502,LM,projected,LM,projected
Togo,TGO,2030,1665.13437,LM,projected,LM,projected
Togo,TGO,2031,1736.490407,LM,projected,LM,projected
Togo,TGO,2032,1810.904266,LM,projected,LM,projected
Togo,TGO,2033,1888.506983,LM,projected,LM,projected
Togo,TGO,2034,1969.435211,LM,projected,LM,projected
Togo,TGO,2035,2053.831458,LM,projected,LM,projected
Togo,TGO,2036,2141.84434,LM,projected,LM,projected
Togo,TGO,2037,2233.628839,LM,projected,LM,projected
Togo,TGO,2038,2329.346581,LM,projected,LM,projected
Togo,TGO,2039,2429.166118,LM,projected,LM,projected
Togo,TGO,2040,2533.263223,LM,projected,LM,projected
Togo,TGO,2041,2641.821204,LM,projected,LM,projected
Togo,TGO,2042,2755.031221,LM,projected,LM,projected
Togo,TGO,2043,2873.092631,LM,projected,LM,projected
Togo,TGO,2044,2996.213328,LM,projected,LM,projected
Togo,TGO,2045,3124.610118,LM,projected,LM,projected
Togo,TGO,2046,3258.5091,LM,projected,LM,projected
Togo,TGO,2047,3398.146056,LM,projected,LM,projected
Togo,TGO,2048,3543.766879,LM,projected,LM,projected
Togo,TGO,2049,3695.627993,LM,projected,LM,projected
Togo,TGO,2050,3853.996815,LM,projected,LM,projected
Tonga,TON,1987,830.0,LM,actual,UM,projected
Tonga,TON,1988,1020.0,LM,actual,UM,projected
Tonga,TON,1989,1100.0,LM,actual,UM,projected
Tonga,TON,1990,1170.0,LM,actual,UM,projected
Tonga,TON,1991,1280.0,LM,actual,UM,projected
Tonga,TON,1992,1380.0,LM,actual,UM,projected
Tonga,TON,1993,1460.0,LM,actual,UM,projected
Tonga,TON,1994,1740.0,LM,actual,UM,projected
Tonga,TON,1995,1980.0,LM,actual,UM,projected
Tonga,TON,1996,2240.0,LM,actual,UM,projected
Tonga,TON,1997,2200.0,LM,actual,UM,projected
Tonga,TON,1998,2130.0,LM,actual,UM,projected
Tonga,TON,1999,2050.0,LM,actual,UM,projected
Tonga,TON,2000,2010.0,LM,actual,UM,projected
Tonga,TON,2001,1920.0,LM,actual,UM,projected
Tonga,TON,2002,1890.0,LM,actual,UM,projected
Tonga,TON,2003,1870.0,LM,actual,UM,projected
Tonga,TON,2004,2050.0,LM,actual,UM,projected
Tonga,TON,2005,2290.0,LM,actual,UM,projected
Tonga,TON,2006,2560.0,LM,actual,UM,projected
Tonga,TON,2007,2720.0,LM,actual,UM,projected
Tonga,TON,2008,3130.0,LM,actual,UM,projected
Tonga,TON,2009,3090.0,LM,actual,UM,projected
Tonga,TON,2010,3270.0,LM,actual,UM,projected
Tonga,TON,2011,3660.0,LM,actual,UM,projected
Tonga,TON,2012,4130.0,UM,actual,UM,projected
Tonga,TON,2013,4330.0,UM,actual,UM,projected
Tonga,TON,2014,4360.0,UM,actual,UM,projected
Tonga,TON,2015,4220.0,LM,actual,UM,projected
Tonga,TON,2016,4280.0,UM,actual,UM,projected
Tonga,TON,2017,4450.0,UM,actual,UM,projected
Tonga,TON,2018,4650.0,UM,actual,UM,projected
Tonga,TON,2019,4980.0,UM,actual,UM,projected
Tonga,TON,2020,5210.0,UM,actual,UM,projected
Tonga,TON,2021,5240.0,UM,actual,UM,projected
Tonga,TON,2022,5390.0,UM,actual,UM,projected
Tonga,TON,2023,5910.0,UM,actual,UM,projected
Tonga,TON,2024,6270.0,UM,actual,UM,projected
Tonga,TON,2025,6840.0,UM,actual,UM,projected
Tonga,TON,2026,7151.659672,UM,projected,UM,projected
Tonga,TON,2027,7477.519893,UM,projected,UM,projected
Tonga,TON,2028,7818.2277,UM,projected,UM,projected
Tonga,TON,2029,8174.459613,UM,projected,UM,projected
Tonga,TON,2030,8546.922976,UM,projected,UM,projected
Tonga,TON,2031,8936.357365,UM,projected,UM,projected
Tonga,TON,2032,9343.53605,UM,projected,UM,projected
Tonga,TON,2033,9769.267539,UM,projected,UM,projected
Tonga,TON,2034,10214.397177,UM,projected,UM,projected
Tonga,TON,2035,10679.808825,UM,projected,UM,projected
Tonga,TON,2036,11166.426621,UM,projected,UM,projected
Tonga,TON,2037,11675.216805,UM,projected,UM,projected
Tonga,TON,2038,12207.189648,UM,projected,UM,projected
Tonga,TON,2039,12763.40145,UM,projected,UM,projected
Tonga,TON,2040,13344.956642,UM,projected,UM,projected
Tonga,TON,2041,13953.009978,UM,projected,UM,projected
Tonga,TON,2042,14588.768826,UM,projected,UM,projected
Tonga,TON,2043,15253.495567,UM,projected,UM,projected
Tonga,TON,2044,15948.510104,UM,projected,UM,projected
Tonga,TON,2045,16675.192477,UM,projected,UM,projected
Tonga,TON,2046,17434.98561,UM,projected,UM,projected
Tonga,TON,2047,18229.398169,UM,projected,UM,projected
Tonga,TON,2048,19060.007564,UM,projected,UM,projected
Tonga,TON,2049,19928.463077,H,projected,UM,projected
Tonga,TON,2050,20836.489141,H,projected,UM,projected
Trinidad and Tobago,TTO,1987,4200.0,UM,actual,H,projected - raised from -2.1% to the 1.244% floor
Trinidad and Tobago,TTO,1988,3840.0,UM,actual,H,projected - raised from -2.1% to the 1.244% floor
Trinidad and Tobago,TTO,1989,3540.0,UM,actual,H,projected - raised from -2.1% to the 1.244% floor
Trinidad and Tobago,TTO,1990,3610.0,UM,actual,H,projected - raised from -2.1% to the 1.244% floor
Trinidad and Tobago,TTO,1991,3790.0,UM,actual,H,projected - raised from -2.1% to the 1.244% floor
Trinidad and Tobago,TTO,1992,4290.0,UM,actual,H,projected - raised from -2.1% to the 1.244% floor
Trinidad and Tobago,TTO,1993,3960.0,UM,actual,H,projected - raised from -2.1% to the 1.244% floor
Trinidad and Tobago,TTO,1994,3760.0,UM,actual,H,projected - raised from -2.1% to the 1.244% floor
Trinidad and Tobago,TTO,1995,3850.0,UM,actual,H,projected - raised from -2.1% to the 1.244% floor
Trinidad and Tobago,TTO,1996,4090.0,UM,actual,H,projected - raised from -2.1% to the 1.244% floor
Trinidad and Tobago,TTO,1997,4340.0,UM,actual,H,projected - raised from -2.1% to the 1.244% floor
Trinidad and Tobago,TTO,1998,4450.0,UM,actual,H,projected - raised from -2.1% to the 1.244% floor
Trinidad and Tobago,TTO,1999,4700.0,UM,actual,H,projected - raised from -2.1% to the 1.244% floor
Trinidad and Tobago,TTO,2000,5180.0,UM,actual,H,projected - raised from -2.1% to the 1.244% floor
Trinidad and Tobago,TTO,2001,5830.0,UM,actual,H,projected - raised from -2.1% to the 1.244% floor
Trinidad and Tobago,TTO,2002,6480.0,UM,actual,H,projected - raised from -2.1% to the 1.244% floor
Trinidad and Tobago,TTO,2003,7740.0,UM,actual,H,projected - raised from -2.1% to the 1.244% floor
Trinidad and Tobago,TTO,2004,9300.0,UM,actual,H,projected - raised from -2.1% to the 1.244% floor
Trinidad and Tobago,TTO,2005,11200.0,UM,actual,H,projected - raised from -2.1% to the 1.244% floor
Trinidad and Tobago,TTO,2006,13320.0,H,actual,H,projected - raised from -2.1% to the 1.244% floor
Trinidad and Tobago,TTO,2007,15060.0,H,actual,H,projected - raised from -2.1% to the 1.244% floor
Trinidad and Tobago,TTO,2008,17420.0,H,actual,H,projected - raised from -2.1% to the 1.244% floor
Trinidad and Tobago,TTO,2009,16330.0,H,actual,H,projected - raised from -2.1% to the 1.244% floor
Trinidad and Tobago,TTO,2010,16590.0,H,actual,H,projected - raised from -2.1% to the 1.244% floor
Trinidad and Tobago,TTO,2011,15060.0,H,actual,H,projected - raised from -2.1% to the 1.244% floor
Trinidad and Tobago,TTO,2012,17960.0,H,actual,H,projected - raised from -2.1% to the 1.244% floor
Trinidad and Tobago,TTO,2013,20110.0,H,actual,H,projected - raised from -2.1% to the 1.244% floor
Trinidad and Tobago,TTO,2014,20620.0,H,actual,H,projected - raised from -2.1% to the 1.244% floor
Trinidad and Tobago,TTO,2015,20650.0,H,actual,H,projected - raised from -2.1% to the 1.244% floor
Trinidad and Tobago,TTO,2016,17870.0,H,actual,H,projected - raised from -2.1% to the 1.244% floor
Trinidad and Tobago,TTO,2017,16930.0,H,actual,H,projected - raised from -2.1% to the 1.244% floor
Trinidad and Tobago,TTO,2018,16800.0,H,actual,H,projected - raised from -2.1% to the 1.244% floor
Trinidad and Tobago,TTO,2019,17240.0,H,actual,H,projected - raised from -2.1% to the 1.244% floor
Trinidad and Tobago,TTO,2020,15040.0,H,actual,H,projected - raised from -2.1% to the 1.244% floor
Trinidad and Tobago,TTO,2021,16310.0,H,actual,H,projected - raised from -2.1% to the 1.244% floor
Trinidad and Tobago,TTO,2022,16100.0,H,actual,H,projected - raised from -2.1% to the 1.244% floor
Trinidad and Tobago,TTO,2023,19880.0,H,actual,H,projected - raised from -2.1% to the 1.244% floor
Trinidad and Tobago,TTO,2024,19290.0,H,actual,H,projected - raised from -2.1% to the 1.244% floor
Trinidad and Tobago,TTO,2025,18550.0,H,actual,H,projected - raised from -2.1% to the 1.244% floor
Trinidad and Tobago,TTO,2026,18780.762,H,projected,H,projected - raised from -2.1% to the 1.244% floor
Trinidad and Tobago,TTO,2027,19014.394679,H,projected,H,projected - raised from -2.1% to the 1.244% floor
Trinidad and Tobago,TTO,2028,19250.933749,H,projected,H,projected - raised from -2.1% to the 1.244% floor
Trinidad and Tobago,TTO,2029,19490.415365,H,projected,H,projected - raised from -2.1% to the 1.244% floor
Trinidad and Tobago,TTO,2030,19732.876132,H,projected,H,projected - raised from -2.1% to the 1.244% floor
Trinidad and Tobago,TTO,2031,19978.353111,H,projected,H,projected - raised from -2.1% to the 1.244% floor
Trinidad and Tobago,TTO,2032,20226.883824,H,projected,H,projected - raised from -2.1% to the 1.244% floor
Trinidad and Tobago,TTO,2033,20478.506259,H,projected,H,projected - raised from -2.1% to the 1.244% floor
Trinidad and Tobago,TTO,2034,20733.258876,H,projected,H,projected - raised from -2.1% to the 1.244% floor
Trinidad and Tobago,TTO,2035,20991.180617,H,projected,H,projected - raised from -2.1% to the 1.244% floor
Trinidad and Tobago,TTO,2036,21252.310904,H,projected,H,projected - raised from -2.1% to the 1.244% floor
Trinidad and Tobago,TTO,2037,21516.689651,H,projected,H,projected - raised from -2.1% to the 1.244% floor
Trinidad and Tobago,TTO,2038,21784.357271,H,projected,H,projected - raised from -2.1% to the 1.244% floor
Trinidad and Tobago,TTO,2039,22055.354675,H,projected,H,projected - raised from -2.1% to the 1.244% floor
Trinidad and Tobago,TTO,2040,22329.723287,H,projected,H,projected - raised from -2.1% to the 1.244% floor
Trinidad and Tobago,TTO,2041,22607.505045,H,projected,H,projected - raised from -2.1% to the 1.244% floor
Trinidad and Tobago,TTO,2042,22888.742408,H,projected,H,projected - raised from -2.1% to the 1.244% floor
Trinidad and Tobago,TTO,2043,23173.478363,H,projected,H,projected - raised from -2.1% to the 1.244% floor
Trinidad and Tobago,TTO,2044,23461.756434,H,projected,H,projected - raised from -2.1% to the 1.244% floor
Trinidad and Tobago,TTO,2045,23753.620684,H,projected,H,projected - raised from -2.1% to the 1.244% floor
Trinidad and Tobago,TTO,2046,24049.115725,H,projected,H,projected - raised from -2.1% to the 1.244% floor
Trinidad and Tobago,TTO,2047,24348.286725,H,projected,H,projected - raised from -2.1% to the 1.244% floor
Trinidad and Tobago,TTO,2048,24651.179412,H,projected,H,projected - raised from -2.1% to the 1.244% floor
Trinidad and Tobago,TTO,2049,24957.840084,H,projected,H,projected - raised from -2.1% to the 1.244% floor
Trinidad and Tobago,TTO,2050,25268.315615,H,projected,H,projected - raised from -2.1% to the 1.244% floor
Tunisia,TUN,1987,1260.0,LM,actual,LM,projected - raised from -0.5% to the 1.244% floor
Tunisia,TUN,1988,1320.0,LM,actual,LM,projected - raised from -0.5% to the 1.244% floor
Tunisia,TUN,1989,1280.0,LM,actual,LM,projected - raised from -0.5% to the 1.244% floor
Tunisia,TUN,1990,1400.0,LM,actual,LM,projected - raised from -0.5% to the 1.244% floor
Tunisia,TUN,1991,1450.0,LM,actual,LM,projected - raised from -0.5% to the 1.244% floor
Tunisia,TUN,1992,1660.0,LM,actual,LM,projected - raised from -0.5% to the 1.244% floor
Tunisia,TUN,1993,1640.0,LM,actual,LM,projected - raised from -0.5% to the 1.244% floor
Tunisia,TUN,1994,1700.0,LM,actual,LM,projected - raised from -0.5% to the 1.244% floor
Tunisia,TUN,1995,1780.0,LM,actual,LM,projected - raised from -0.5% to the 1.244% floor
Tunisia,TUN,1996,1960.0,LM,actual,LM,projected - raised from -0.5% to the 1.244% floor
Tunisia,TUN,1997,2110.0,LM,actual,LM,projected - raised from -0.5% to the 1.244% floor
Tunisia,TUN,1998,2140.0,LM,actual,LM,projected - raised from -0.5% to the 1.244% floor
Tunisia,TUN,1999,2250.0,LM,actual,LM,projected - raised from -0.5% to the 1.244% floor
Tunisia,TUN,2000,2260.0,LM,actual,LM,projected - raised from -0.5% to the 1.244% floor
Tunisia,TUN,2001,2220.0,LM,actual,LM,projected - raised from -0.5% to the 1.244% floor
Tunisia,TUN,2002,2150.0,LM,actual,LM,projected - raised from -0.5% to the 1.244% floor
Tunisia,TUN,2003,2420.0,LM,actual,LM,projected - raised from -0.5% to the 1.244% floor
Tunisia,TUN,2004,2860.0,LM,actual,LM,projected - raised from -0.5% to the 1.244% floor
Tunisia,TUN,2005,3120.0,LM,actual,LM,projected - raised from -0.5% to the 1.244% floor
Tunisia,TUN,2006,3290.0,LM,actual,LM,projected - raised from -0.5% to the 1.244% floor
Tunisia,TUN,2007,3490.0,LM,actual,LM,projected - raised from -0.5% to the 1.244% floor
Tunisia,TUN,2008,3820.0,LM,actual,LM,projected - raised from -0.5% to the 1.244% floor
Tunisia,TUN,2009,4020.0,LM,actual,LM,projected - raised from -0.5% to the 1.244% floor
Tunisia,TUN,2010,4140.0,UM,actual,LM,projected - raised from -0.5% to the 1.244% floor
Tunisia,TUN,2011,4060.0,UM,actual,LM,projected - raised from -0.5% to the 1.244% floor
Tunisia,TUN,2012,4250.0,UM,actual,LM,projected - raised from -0.5% to the 1.244% floor
Tunisia,TUN,2013,4300.0,UM,actual,LM,projected - raised from -0.5% to the 1.244% floor
Tunisia,TUN,2014,4310.0,UM,actual,LM,projected - raised from -0.5% to the 1.244% floor
Tunisia,TUN,2015,4130.0,LM,actual,LM,projected - raised from -0.5% to the 1.244% floor
Tunisia,TUN,2016,3930.0,LM,actual,LM,projected - raised from -0.5% to the 1.244% floor
Tunisia,TUN,2017,3700.0,LM,actual,LM,projected - raised from -0.5% to the 1.244% floor
Tunisia,TUN,2018,3700.0,LM,actual,LM,projected - raised from -0.5% to the 1.244% floor
Tunisia,TUN,2019,3590.0,LM,actual,LM,projected - raised from -0.5% to the 1.244% floor
Tunisia,TUN,2020,3270.0,LM,actual,LM,projected - raised from -0.5% to the 1.244% floor
Tunisia,TUN,2021,3640.0,LM,actual,LM,projected - raised from -0.5% to the 1.244% floor
Tunisia,TUN,2022,3890.0,LM,actual,LM,projected - raised from -0.5% to the 1.244% floor
Tunisia,TUN,2023,3850.0,LM,actual,LM,projected - raised from -0.5% to the 1.244% floor
Tunisia,TUN,2024,3880.0,LM,actual,LM,projected - raised from -0.5% to the 1.244% floor
Tunisia,TUN,2025,4300.0,LM,actual,LM,projected - raised from -0.5% to the 1.244% floor
Tunisia,TUN,2026,4353.492,LM,projected,LM,projected - raised from -0.5% to the 1.244% floor
Tunisia,TUN,2027,4407.64944,LM,projected,LM,projected - raised from -0.5% to the 1.244% floor
Tunisia,TUN,2028,4462.4806,LM,projected,LM,projected - raised from -0.5% to the 1.244% floor
Tunisia,TUN,2029,4517.993858,LM,projected,LM,projected - raised from -0.5% to the 1.244% floor
Tunisia,TUN,2030,4574.197702,LM,projected,LM,projected - raised from -0.5% to the 1.244% floor
Tunisia,TUN,2031,4631.100721,LM,projected,LM,projected - raised from -0.5% to the 1.244% floor
Tunisia,TUN,2032,4688.711614,LM,projected,LM,projected - raised from -0.5% to the 1.244% floor
Tunisia,TUN,2033,4747.039187,LM,projected,LM,projected - raised from -0.5% to the 1.244% floor
Tunisia,TUN,2034,4806.092354,LM,projected,LM,projected - raised from -0.5% to the 1.244% floor
Tunisia,TUN,2035,4865.880143,LM,projected,LM,projected - raised from -0.5% to the 1.244% floor
Tunisia,TUN,2036,4926.411692,LM,projected,LM,projected - raised from -0.5% to the 1.244% floor
Tunisia,TUN,2037,4987.696253,LM,projected,LM,projected - raised from -0.5% to the 1.244% floor
Tunisia,TUN,2038,5049.743195,LM,projected,LM,projected - raised from -0.5% to the 1.244% floor
Tunisia,TUN,2039,5112.562,LM,projected,LM,projected - raised from -0.5% to the 1.244% floor
Tunisia,TUN,2040,5176.162271,LM,projected,LM,projected - raised from -0.5% to the 1.244% floor
Tunisia,TUN,2041,5240.55373,LM,projected,LM,projected - raised from -0.5% to the 1.244% floor
Tunisia,TUN,2042,5305.746219,LM,projected,LM,projected - raised from -0.5% to the 1.244% floor
Tunisia,TUN,2043,5371.749701,LM,projected,LM,projected - raised from -0.5% to the 1.244% floor
Tunisia,TUN,2044,5438.574268,LM,projected,LM,projected - raised from -0.5% to the 1.244% floor
Tunisia,TUN,2045,5506.230132,LM,projected,LM,projected - raised from -0.5% to the 1.244% floor
Tunisia,TUN,2046,5574.727634,LM,projected,LM,projected - raised from -0.5% to the 1.244% floor
Tunisia,TUN,2047,5644.077246,LM,projected,LM,projected - raised from -0.5% to the 1.244% floor
Tunisia,TUN,2048,5714.289567,LM,projected,LM,projected - raised from -0.5% to the 1.244% floor
Tunisia,TUN,2049,5785.375329,LM,projected,LM,projected - raised from -0.5% to the 1.244% floor
Tunisia,TUN,2050,5857.345399,LM,projected,LM,projected - raised from -0.5% to the 1.244% floor
Turkmenistan,TKM,1990,1040.0,,actual,UM,projected - raised from -2.2% to the 1.244% floor
Turkmenistan,TKM,1991,900.0,LM,actual,UM,projected - raised from -2.2% to the 1.244% floor
Turkmenistan,TKM,1992,750.0,LM,actual,UM,projected - raised from -2.2% to the 1.244% floor
Turkmenistan,TKM,1993,800.0,LM,actual,UM,projected - raised from -2.2% to the 1.244% floor
Turkmenistan,TKM,1994,680.0,LM,actual,UM,projected - raised from -2.2% to the 1.244% floor
Turkmenistan,TKM,1995,610.0,LM,actual,UM,projected - raised from -2.2% to the 1.244% floor
Turkmenistan,TKM,1996,610.0,LM,actual,UM,projected - raised from -2.2% to the 1.244% floor
Turkmenistan,TKM,1997,550.0,L,actual,UM,projected - raised from -2.2% to the 1.244% floor
Turkmenistan,TKM,1998,560.0,L,actual,UM,projected - raised from -2.2% to the 1.244% floor
Turkmenistan,TKM,1999,620.0,L,actual,UM,projected - raised from -2.2% to the 1.244% floor
Turkmenistan,TKM,2000,590.0,LM,actual,UM,projected - raised from -2.2% to the 1.244% floor
Turkmenistan,TKM,2001,630.0,LM,actual,UM,projected - raised from -2.2% to the 1.244% floor
Turkmenistan,TKM,2002,720.0,LM,actual,UM,projected - raised from -2.2% to the 1.244% floor
Turkmenistan,TKM,2003,940.0,LM,actual,UM,projected - raised from -2.2% to the 1.244% floor
Turkmenistan,TKM,2004,1240.0,LM,actual,UM,projected - raised from -2.2% to the 1.244% floor
Turkmenistan,TKM,2005,1500.0,LM,actual,UM,projected - raised from -2.2% to the 1.244% floor
Turkmenistan,TKM,2006,1770.0,LM,actual,UM,projected - raised from -2.2% to the 1.244% floor
Turkmenistan,TKM,2007,2160.0,LM,actual,UM,projected - raised from -2.2% to the 1.244% floor
Turkmenistan,TKM,2008,2800.0,LM,actual,UM,projected - raised from -2.2% to the 1.244% floor
Turkmenistan,TKM,2009,3260.0,LM,actual,UM,projected - raised from -2.2% to the 1.244% floor
Turkmenistan,TKM,2010,3720.0,LM,actual,UM,projected - raised from -2.2% to the 1.244% floor
Turkmenistan,TKM,2011,4300.0,UM,actual,UM,projected - raised from -2.2% to the 1.244% floor
Turkmenistan,TKM,2012,5040.0,UM,actual,UM,projected - raised from -2.2% to the 1.244% floor
Turkmenistan,TKM,2013,5880.0,UM,actual,UM,projected - raised from -2.2% to the 1.244% floor
Turkmenistan,TKM,2014,6480.0,UM,actual,UM,projected - raised from -2.2% to the 1.244% floor
Turkmenistan,TKM,2015,6300.0,UM,actual,UM,projected - raised from -2.2% to the 1.244% floor
Turkmenistan,TKM,2016,5890.0,UM,actual,UM,projected - raised from -2.2% to the 1.244% floor
Turkmenistan,TKM,2017,5250.0,UM,actual,UM,projected - raised from -2.2% to the 1.244% floor
Turkmenistan,TKM,2018,4690.0,UM,actual,UM,projected - raised from -2.2% to the 1.244% floor
Turkmenistan,TKM,2019,4350.0,UM,actual,UM,projected - raised from -2.2% to the 1.244% floor
Turkmenistan,TKM,2020,4180.0,UM,actual,UM,projected - raised from -2.2% to the 1.244% floor
Turkmenistan,TKM,2021,4160.0,UM,actual,UM,projected - raised from -2.2% to the 1.244% floor
Turkmenistan,TKM,2022,4490.0,UM,actual,UM,projected - raised from -2.2% to the 1.244% floor
Turkmenistan,TKM,2023,4830.0,UM,actual,UM,projected - raised from -2.2% to the 1.244% floor
Turkmenistan,TKM,2024,5640.0,UM,actual,UM,projected - raised from -2.2% to the 1.244% floor
Turkmenistan,TKM,2025,6340.0,UM,actual,UM,projected - raised from -2.2% to the 1.244% floor
Turkmenistan,TKM,2026,6418.8696,UM,projected,UM,projected - raised from -2.2% to the 1.244% floor
Turkmenistan,TKM,2027,6498.720338,UM,projected,UM,projected - raised from -2.2% to the 1.244% floor
Turkmenistan,TKM,2028,6579.564419,UM,projected,UM,projected - raised from -2.2% to the 1.244% floor
Turkmenistan,TKM,2029,6661.4142,UM,projected,UM,projected - raised from -2.2% to the 1.244% floor
Turkmenistan,TKM,2030,6744.282193,UM,projected,UM,projected - raised from -2.2% to the 1.244% floor
Turkmenistan,TKM,2031,6828.181063,UM,projected,UM,projected - raised from -2.2% to the 1.244% floor
Turkmenistan,TKM,2032,6913.123636,UM,projected,UM,projected - raised from -2.2% to the 1.244% floor
Turkmenistan,TKM,2033,6999.122894,UM,projected,UM,projected - raised from -2.2% to the 1.244% floor
Turkmenistan,TKM,2034,7086.191983,UM,projected,UM,projected - raised from -2.2% to the 1.244% floor
Turkmenistan,TKM,2035,7174.344211,UM,projected,UM,projected - raised from -2.2% to the 1.244% floor
Turkmenistan,TKM,2036,7263.593053,UM,projected,UM,projected - raised from -2.2% to the 1.244% floor
Turkmenistan,TKM,2037,7353.95215,UM,projected,UM,projected - raised from -2.2% to the 1.244% floor
Turkmenistan,TKM,2038,7445.435315,UM,projected,UM,projected - raised from -2.2% to the 1.244% floor
Turkmenistan,TKM,2039,7538.05653,UM,projected,UM,projected - raised from -2.2% to the 1.244% floor
Turkmenistan,TKM,2040,7631.829954,UM,projected,UM,projected - raised from -2.2% to the 1.244% floor
Turkmenistan,TKM,2041,7726.769918,UM,projected,UM,projected - raised from -2.2% to the 1.244% floor
Turkmenistan,TKM,2042,7822.890936,UM,projected,UM,projected - raised from -2.2% to the 1.244% floor
Turkmenistan,TKM,2043,7920.207699,UM,projected,UM,projected - raised from -2.2% to the 1.244% floor
Turkmenistan,TKM,2044,8018.735083,UM,projected,UM,projected - raised from -2.2% to the 1.244% floor
Turkmenistan,TKM,2045,8118.488148,UM,projected,UM,projected - raised from -2.2% to the 1.244% floor
Turkmenistan,TKM,2046,8219.48214,UM,projected,UM,projected - raised from -2.2% to the 1.244% floor
Turkmenistan,TKM,2047,8321.732498,UM,projected,UM,projected - raised from -2.2% to the 1.244% floor
Turkmenistan,TKM,2048,8425.25485,UM,projected,UM,projected - raised from -2.2% to the 1.244% floor
Turkmenistan,TKM,2049,8530.065021,UM,projected,UM,projected - raised from -2.2% to the 1.244% floor
Turkmenistan,TKM,2050,8636.179029,UM,projected,UM,projected - raised from -2.2% to the 1.244% floor
Turks and Caicos Islands,TCA,2009,,H,actual,H,projected
Turks and Caicos Islands,TCA,2010,,H,actual,H,projected
Turks and Caicos Islands,TCA,2011,,H,actual,H,projected
Turks and Caicos Islands,TCA,2012,,H,actual,H,projected
Turks and Caicos Islands,TCA,2013,,H,actual,H,projected
Turks and Caicos Islands,TCA,2014,25350.0,H,actual,H,projected
Turks and Caicos Islands,TCA,2015,26940.0,H,actual,H,projected
Turks and Caicos Islands,TCA,2016,28810.0,H,actual,H,projected
Turks and Caicos Islands,TCA,2017,41130.0,H,actual,H,projected
Turks and Caicos Islands,TCA,2018,36690.0,H,actual,H,projected
Turks and Caicos Islands,TCA,2019,31510.0,H,actual,H,projected
Turks and Caicos Islands,TCA,2020,20840.0,H,actual,H,projected
Turks and Caicos Islands,TCA,2021,27480.0,H,actual,H,projected
Turks and Caicos Islands,TCA,2022,31590.0,H,actual,H,projected
Turks and Caicos Islands,TCA,2023,36060.0,H,actual,H,projected
Turks and Caicos Islands,TCA,2024,36760.0,H,actual,H,projected
Turks and Caicos Islands,TCA,2025,,H,actual,H,projected
Turks and Caicos Islands,TCA,2026,39311.640683,H,projected,H,projected
Turks and Caicos Islands,TCA,2027,42040.399706,H,projected,H,projected
Turks and Caicos Islands,TCA,2028,44958.571475,H,projected,H,projected
Turks and Caicos Islands,TCA,2029,48079.303793,H,projected,H,projected
Turks and Caicos Islands,TCA,2030,51416.6571,H,projected,H,projected
Turks and Caicos Islands,TCA,2031,54985.667819,H,projected,H,projected
Turks and Caicos Islands,TCA,2032,58802.416105,H,projected,H,projected
Turks and Caicos Islands,TCA,2033,62884.098292,H,projected,H,projected
Turks and Caicos Islands,TCA,2034,67249.104373,H,projected,H,projected
Turks and Caicos Islands,TCA,2035,71917.100853,H,projected,H,projected
Turks and Caicos Islands,TCA,2036,76909.119361,H,projected,H,projected
Turks and Caicos Islands,TCA,2037,82247.651402,H,projected,H,projected
Turks and Caicos Islands,TCA,2038,87956.749699,H,projected,H,projected
Turks and Caicos Islands,TCA,2039,94062.136557,H,projected,H,projected
Turks and Caicos Islands,TCA,2040,100591.319755,H,projected,H,projected
Turks and Caicos Islands,TCA,2041,107573.716486,H,projected,H,projected
Turks and Caicos Islands,TCA,2042,115040.785893,H,projected,H,projected
Turks and Caicos Islands,TCA,2043,123026.170809,H,projected,H,projected
Turks and Caicos Islands,TCA,2044,131565.849332,H,projected,H,projected
Turks and Caicos Islands,TCA,2045,140698.296928,H,projected,H,projected
Turks and Caicos Islands,TCA,2046,150464.659781,H,projected,H,projected
Turks and Caicos Islands,TCA,2047,160908.940174,H,projected,H,projected
Turks and Caicos Islands,TCA,2048,172078.194745,H,projected,H,projected
Turks and Caicos Islands,TCA,2049,184022.746496,H,projected,H,projected
Turks and Caicos Islands,TCA,2050,196796.411527,H,projected,H,projected
Tuvalu,TUV,1987,1320.0,,actual,UM,projected
Tuvalu,TUV,1988,1660.0,,actual,UM,projected
Tuvalu,TUV,1989,1720.0,,actual,UM,projected
Tuvalu,TUV,1990,2130.0,,actual,UM,projected
Tuvalu,TUV,1991,2300.0,,actual,UM,projected
Tuvalu,TUV,1992,2410.0,,actual,UM,projected
Tuvalu,TUV,1993,2220.0,,actual,UM,projected
Tuvalu,TUV,1994,2520.0,,actual,UM,projected
Tuvalu,TUV,1995,2450.0,,actual,UM,projected
Tuvalu,TUV,1996,2350.0,,actual,UM,projected
Tuvalu,TUV,1997,2860.0,,actual,UM,projected
Tuvalu,TUV,1998,2940.0,,actual,UM,projected
Tuvalu,TUV,1999,2710.0,,actual,UM,projected
Tuvalu,TUV,2000,2350.0,,actual,UM,projected
Tuvalu,TUV,2001,2780.0,,actual,UM,projected
Tuvalu,TUV,2002,3420.0,,actual,UM,projected
Tuvalu,TUV,2003,2610.0,,actual,UM,projected
Tuvalu,TUV,2004,3380.0,,actual,UM,projected
Tuvalu,TUV,2005,3800.0,,actual,UM,projected
Tuvalu,TUV,2006,3900.0,,actual,UM,projected
Tuvalu,TUV,2007,4650.0,,actual,UM,projected
Tuvalu,TUV,2008,4790.0,,actual,UM,projected
Tuvalu,TUV,2009,4890.0,LM,actual,UM,projected
Tuvalu,TUV,2010,4460.0,LM,actual,UM,projected
Tuvalu,TUV,2011,4740.0,UM,actual,UM,projected
Tuvalu,TUV,2012,4460.0,UM,actual,UM,projected
Tuvalu,TUV,2013,5580.0,UM,actual,UM,projected
Tuvalu,TUV,2014,4790.0,UM,actual,UM,projected
Tuvalu,TUV,2015,5650.0,UM,actual,UM,projected
Tuvalu,TUV,2016,5390.0,UM,actual,UM,projected
Tuvalu,TUV,2017,5320.0,UM,actual,UM,projected
Tuvalu,TUV,2018,6230.0,UM,actual,UM,projected
Tuvalu,TUV,2019,6860.0,UM,actual,UM,projected
Tuvalu,TUV,2020,6920.0,UM,actual,UM,projected
Tuvalu,TUV,2021,7460.0,UM,actual,UM,projected
Tuvalu,TUV,2022,7460.0,UM,actual,UM,projected
Tuvalu,TUV,2023,7520.0,UM,actual,UM,projected
Tuvalu,TUV,2024,7970.0,UM,actual,UM,projected
Tuvalu,TUV,2025,9780.0,UM,actual,UM,projected
Tuvalu,TUV,2026,10115.38936,UM,projected,UM,projected
Tuvalu,TUV,2027,10462.280359,UM,projected,UM,projected
Tuvalu,TUV,2028,10821.067426,UM,projected,UM,projected
Tuvalu,TUV,2029,11192.158518,UM,projected,UM,projected
Tuvalu,TUV,2030,11575.975581,UM,projected,UM,projected
Tuvalu,TUV,2031,11972.955034,UM,projected,UM,projected
Tuvalu,TUV,2032,12383.548257,UM,projected,UM,projected
Tuvalu,TUV,2033,12808.222115,UM,projected,UM,projected
Tuvalu,TUV,2034,13247.459479,UM,projected,UM,projected
Tuvalu,TUV,2035,13701.759781,UM,projected,UM,projected
Tuvalu,TUV,2036,14171.639582,UM,projected,UM,projected
Tuvalu,TUV,2037,14657.633153,UM,projected,UM,projected
Tuvalu,TUV,2038,15160.293093,UM,projected,UM,projected
Tuvalu,TUV,2039,15680.190945,UM,projected,UM,projected
Tuvalu,TUV,2040,16217.917858,UM,projected,UM,projected
Tuvalu,TUV,2041,16774.08525,UM,projected,UM,projected
Tuvalu,TUV,2042,17349.325508,UM,projected,UM,projected
Tuvalu,TUV,2043,17944.292704,UM,projected,UM,projected
Tuvalu,TUV,2044,18559.663343,H,projected,UM,projected
Tuvalu,TUV,2045,19196.137128,H,projected,UM,projected
Tuvalu,TUV,2046,19854.437756,H,projected,UM,projected
Tuvalu,TUV,2047,20535.313746,H,projected,UM,projected
Tuvalu,TUV,2048,21239.539281,H,projected,UM,projected
Tuvalu,TUV,2049,21967.915098,H,projected,UM,projected
Tuvalu,TUV,2050,22721.269391,H,projected,UM,projected
Türkiye,TUR,1987,1680.0,LM,actual,UM,projected
Türkiye,TUR,1988,1800.0,LM,actual,UM,projected
Türkiye,TUR,1989,1850.0,LM,actual,UM,projected
Türkiye,TUR,1990,2220.0,LM,actual,UM,projected
Türkiye,TUR,1991,2490.0,LM,actual,UM,projected
Türkiye,TUR,1992,2830.0,LM,actual,UM,projected
Türkiye,TUR,1993,3030.0,LM,actual,UM,projected
Türkiye,TUR,1994,2570.0,LM,actual,UM,projected
Türkiye,TUR,1995,3030.0,LM,actual,UM,projected
Türkiye,TUR,1996,3410.0,LM,actual,UM,projected
Türkiye,TUR,1997,4250.0,UM,actual,UM,projected
Türkiye,TUR,1998,4150.0,UM,actual,UM,projected
Türkiye,TUR,1999,3930.0,LM,actual,UM,projected
Türkiye,TUR,2000,4180.0,UM,actual,UM,projected
Türkiye,TUR,2001,3480.0,LM,actual,UM,projected
Türkiye,TUR,2002,3500.0,LM,actual,UM,projected
Türkiye,TUR,2003,3860.0,LM,actual,UM,projected
Türkiye,TUR,2004,5170.0,UM,actual,UM,projected
Türkiye,TUR,2005,6710.0,UM,actual,UM,projected
Türkiye,TUR,2006,7780.0,UM,actual,UM,projected
Türkiye,TUR,2007,8930.0,UM,actual,UM,projected
Türkiye,TUR,2008,9830.0,UM,actual,UM,projected
Türkiye,TUR,2009,9610.0,UM,actual,UM,projected
Türkiye,TUR,2010,10460.0,UM,actual,UM,projected
Türkiye,TUR,2011,11260.0,UM,actual,UM,projected
Türkiye,TUR,2012,11950.0,UM,actual,UM,projected
Türkiye,TUR,2013,12640.0,UM,actual,UM,projected
Türkiye,TUR,2014,12670.0,UM,actual,UM,projected
Türkiye,TUR,2015,12080.0,UM,actual,UM,projected
Türkiye,TUR,2016,11350.0,UM,actual,UM,projected
Türkiye,TUR,2017,11140.0,UM,actual,UM,projected
Türkiye,TUR,2018,10760.0,UM,actual,UM,projected
Türkiye,TUR,2019,9970.0,UM,actual,UM,projected
Türkiye,TUR,2020,9330.0,UM,actual,UM,projected
Türkiye,TUR,2021,10230.0,UM,actual,UM,projected
Türkiye,TUR,2022,10870.0,UM,actual,UM,projected
Türkiye,TUR,2023,11980.0,UM,actual,UM,projected
Türkiye,TUR,2024,13430.0,UM,actual,UM,projected
Türkiye,TUR,2025,16300.0,UM,actual,UM,projected
Türkiye,TUR,2026,16659.079971,H,projected,UM,projected
Türkiye,TUR,2027,17026.070275,H,projected,UM,projected
Türkiye,TUR,2028,17401.145173,H,projected,UM,projected
Türkiye,TUR,2029,17784.482762,H,projected,UM,projected
Türkiye,TUR,2030,18176.265066,H,projected,UM,projected
Türkiye,TUR,2031,18576.678118,H,projected,UM,projected
Türkiye,TUR,2032,18985.912047,H,projected,UM,projected
Türkiye,TUR,2033,19404.161173,H,projected,UM,projected
Türkiye,TUR,2034,19831.624095,H,projected,UM,projected
Türkiye,TUR,2035,20268.503789,H,projected,UM,projected
Türkiye,TUR,2036,20715.0077,H,projected,UM,projected
Türkiye,TUR,2037,21171.347846,H,projected,UM,projected
Türkiye,TUR,2038,21637.740912,H,projected,UM,projected
Türkiye,TUR,2039,22114.408358,H,projected,UM,projected
Türkiye,TUR,2040,22601.576525,H,projected,UM,projected
Türkiye,TUR,2041,23099.476737,H,projected,UM,projected
Türkiye,TUR,2042,23608.345414,H,projected,UM,projected
Türkiye,TUR,2043,24128.424187,H,projected,UM,projected
Türkiye,TUR,2044,24659.960007,H,projected,UM,projected
Türkiye,TUR,2045,25203.205266,H,projected,UM,projected
Türkiye,TUR,2046,25758.417918,H,projected,UM,projected
Türkiye,TUR,2047,26325.861597,H,projected,UM,projected
Türkiye,TUR,2048,26905.805745,H,projected,UM,projected
Türkiye,TUR,2049,27498.525742,H,projected,UM,projected
Türkiye,TUR,2050,28104.303033,H,projected,UM,projected
Uganda,UGA,1987,310.0,L,actual,L,projected
Uganda,UGA,1988,390.0,L,actual,L,projected
Uganda,UGA,1989,400.0,L,actual,L,projected
Uganda,UGA,1990,320.0,L,actual,L,projected
Uganda,UGA,1991,240.0,L,actual,L,projected
Uganda,UGA,1992,190.0,L,actual,L,projected
Uganda,UGA,1993,180.0,L,actual,L,projected
Uganda,UGA,1994,180.0,L,actual,L,projected
Uganda,UGA,1995,230.0,L,actual,L,projected
Uganda,UGA,1996,270.0,L,actual,L,projected
Uganda,UGA,1997,300.0,L,actual,L,projected
Uganda,UGA,1998,290.0,L,actual,L,projected
Uganda,UGA,1999,280.0,L,actual,L,projected
Uganda,UGA,2000,270.0,L,actual,L,projected
Uganda,UGA,2001,240.0,L,actual,L,projected
Uganda,UGA,2002,250.0,L,actual,L,projected
Uganda,UGA,2003,250.0,L,actual,L,projected
Uganda,UGA,2004,280.0,L,actual,L,projected
Uganda,UGA,2005,310.0,L,actual,L,projected
Uganda,UGA,2006,350.0,L,actual,L,projected
Uganda,UGA,2007,380.0,L,actual,L,projected
Uganda,UGA,2008,430.0,L,actual,L,projected
Uganda,UGA,2009,550.0,L,actual,L,projected
Uganda,UGA,2010,680.0,L,actual,L,projected
Uganda,UGA,2011,860.0,L,actual,L,projected
Uganda,UGA,2012,830.0,L,actual,L,projected
Uganda,UGA,2013,810.0,L,actual,L,projected
Uganda,UGA,2014,830.0,L,actual,L,projected
Uganda,UGA,2015,850.0,L,actual,L,projected
Uganda,UGA,2016,810.0,L,actual,L,projected
Uganda,UGA,2017,760.0,L,actual,L,projected
Uganda,UGA,2018,770.0,L,actual,L,projected
Uganda,UGA,2019,810.0,L,actual,L,projected
Uganda,UGA,2020,820.0,L,actual,L,projected
Uganda,UGA,2021,860.0,L,actual,L,projected
Uganda,UGA,2022,930.0,L,actual,L,projected
Uganda,UGA,2023,970.0,L,actual,L,projected
Uganda,UGA,2024,1010.0,L,actual,L,projected
Uganda,UGA,2025,1120.0,L,actual,L,projected
Uganda,UGA,2026,1167.178805,L,projected,L,projected
Uganda,UGA,2027,1216.344967,LM,projected,L,projected
Uganda,UGA,2028,1267.582201,LM,projected,L,projected
Uganda,UGA,2029,1320.977749,LM,projected,L,projected
Uganda,UGA,2030,1376.622527,LM,projected,L,projected
Uganda,UGA,2031,1434.611282,LM,projected,L,projected
Uganda,UGA,2032,1495.042752,LM,projected,L,projected
Uganda,UGA,2033,1558.019832,LM,projected,L,projected
Uganda,UGA,2034,1623.649755,LM,projected,L,projected
Uganda,UGA,2035,1692.044269,LM,projected,L,projected
Uganda,UGA,2036,1763.319828,LM,projected,L,projected
Uganda,UGA,2037,1837.597795,LM,projected,L,projected
Uganda,UGA,2038,1915.004641,LM,projected,L,projected
Uganda,UGA,2039,1995.672169,LM,projected,L,projected
Uganda,UGA,2040,2079.737729,LM,projected,L,projected
Uganda,UGA,2041,2167.344462,LM,projected,L,projected
Uganda,UGA,2042,2258.641535,LM,projected,L,projected
Uganda,UGA,2043,2353.7844,LM,projected,L,projected
Uganda,UGA,2044,2452.935057,LM,projected,L,projected
Uganda,UGA,2045,2556.262329,LM,projected,L,projected
Uganda,UGA,2046,2663.942152,LM,projected,L,projected
Uganda,UGA,2047,2776.157873,LM,projected,L,projected
Uganda,UGA,2048,2893.100561,LM,projected,L,projected
Uganda,UGA,2049,3014.969335,LM,projected,L,projected
Uganda,UGA,2050,3141.971702,LM,projected,L,projected
Ukraine,UKR,1989,1620.0,,actual,UM,projected
Ukraine,UKR,1990,1600.0,,actual,UM,projected
Ukraine,UKR,1991,1510.0,LM,actual,UM,projected
Ukraine,UKR,1992,1410.0,LM,actual,UM,projected
Ukraine,UKR,1993,1220.0,LM,actual,UM,projected
Ukraine,UKR,1994,1000.0,LM,actual,UM,projected
Ukraine,UKR,1995,920.0,LM,actual,UM,projected
Ukraine,UKR,1996,860.0,LM,actual,UM,projected
Ukraine,UKR,1997,880.0,LM,actual,UM,projected
Ukraine,UKR,1998,840.0,LM,actual,UM,projected
Ukraine,UKR,1999,760.0,L,actual,UM,projected
Ukraine,UKR,2000,680.0,L,actual,UM,projected
Ukraine,UKR,2001,710.0,L,actual,UM,projected
Ukraine,UKR,2002,780.0,LM,actual,UM,projected
Ukraine,UKR,2003,970.0,LM,actual,UM,projected
Ukraine,UKR,2004,1250.0,LM,actual,UM,projected
Ukraine,UKR,2005,1530.0,LM,actual,UM,projected
Ukraine,UKR,2006,1930.0,LM,actual,UM,projected
Ukraine,UKR,2007,2560.0,LM,actual,UM,projected
Ukraine,UKR,2008,3170.0,LM,actual,UM,projected
Ukraine,UKR,2009,2810.0,LM,actual,UM,projected
Ukraine,UKR,2010,2990.0,LM,actual,UM,projected
Ukraine,UKR,2011,3100.0,LM,actual,UM,projected
Ukraine,UKR,2012,3600.0,LM,actual,UM,projected
Ukraine,UKR,2013,3900.0,LM,actual,UM,projected
Ukraine,UKR,2014,3500.0,LM,actual,UM,projected
Ukraine,UKR,2015,2760.0,LM,actual,UM,projected
Ukraine,UKR,2016,2330.0,LM,actual,UM,projected
Ukraine,UKR,2017,2330.0,LM,actual,UM,projected
Ukraine,UKR,2018,2720.0,LM,actual,UM,projected
Ukraine,UKR,2019,3270.0,LM,actual,UM,projected
Ukraine,UKR,2020,3530.0,LM,actual,UM,projected
Ukraine,UKR,2021,4060.0,LM,actual,UM,projected
Ukraine,UKR,2022,3930.0,LM,actual,UM,projected
Ukraine,UKR,2023,4980.0,UM,actual,UM,projected
Ukraine,UKR,2024,5230.0,UM,actual,UM,projected
Ukraine,UKR,2025,5510.0,UM,actual,UM,projected
Ukraine,UKR,2026,5876.547208,UM,projected,UM,projected
Ukraine,UKR,2027,6267.4786,UM,projected,UM,projected
Ukraine,UKR,2028,6684.416309,UM,projected,UM,projected
Ukraine,UKR,2029,7129.09038,UM,projected,UM,projected
Ukraine,UKR,2030,7603.345947,UM,projected,UM,projected
Ukraine,UKR,2031,8109.150888,UM,projected,UM,projected
Ukraine,UKR,2032,8648.603994,UM,projected,UM,projected
Ukraine,UKR,2033,9223.943676,UM,projected,UM,projected
Ukraine,UKR,2034,9837.557251,UM,projected,UM,projected
Ukraine,UKR,2035,10491.990851,UM,projected,UM,projected
Ukraine,UKR,2036,11189.959989,UM,projected,UM,projected
Ukraine,UKR,2037,11934.360822,UM,projected,UM,projected
Ukraine,UKR,2038,12728.282171,UM,projected,UM,projected
Ukraine,UKR,2039,13575.018339,UM,projected,UM,projected
Ukraine,UKR,2040,14478.08278,UM,projected,UM,projected
Ukraine,UKR,2041,15441.222674,UM,projected,UM,projected
Ukraine,UKR,2042,16468.43448,UM,projected,UM,projected
Ukraine,UKR,2043,17563.980519,UM,projected,UM,projected
Ukraine,UKR,2044,18732.406656,H,projected,UM,projected
Ukraine,UKR,2045,19978.561166,H,projected,UM,projected
Ukraine,UKR,2046,21307.614852,H,projected,UM,projected
Ukraine,UKR,2047,22725.082497,H,projected,UM,projected
Ukraine,UKR,2048,24236.845752,H,projected,UM,projected
Ukraine,UKR,2049,25849.177536,H,projected,UM,projected
Ukraine,UKR,2050,27568.768071,H,projected,UM,projected
United Arab Emirates,ARE,1987,24940.0,H,actual,H,projected
United Arab Emirates,ARE,1988,24020.0,H,actual,H,projected
United Arab Emirates,ARE,1989,25390.0,H,actual,H,projected
United Arab Emirates,ARE,1990,29240.0,H,actual,H,projected
United Arab Emirates,ARE,1991,27120.0,H,actual,H,projected
United Arab Emirates,ARE,1992,27190.0,H,actual,H,projected
United Arab Emirates,ARE,1993,26150.0,H,actual,H,projected
United Arab Emirates,ARE,1994,26670.0,H,actual,H,projected
United Arab Emirates,ARE,1995,28240.0,H,actual,H,projected
United Arab Emirates,ARE,1996,28320.0,H,actual,H,projected
United Arab Emirates,ARE,1997,28830.0,H,actual,H,projected
United Arab Emirates,ARE,1998,26620.0,H,actual,H,projected
United Arab Emirates,ARE,1999,24390.0,H,actual,H,projected
United Arab Emirates,ARE,2000,28170.0,H,actual,H,projected
United Arab Emirates,ARE,2001,28360.0,H,actual,H,projected
United Arab Emirates,ARE,2002,27200.0,H,actual,H,projected
United Arab Emirates,ARE,2003,29030.0,H,actual,H,projected
United Arab Emirates,ARE,2004,33220.0,H,actual,H,projected
United Arab Emirates,ARE,2005,36880.0,H,actual,H,projected
United Arab Emirates,ARE,2006,41670.0,H,actual,H,projected
United Arab Emirates,ARE,2007,43420.0,H,actual,H,projected
United Arab Emirates,ARE,2008,44890.0,H,actual,H,projected
United Arab Emirates,ARE,2009,41310.0,H,actual,H,projected
United Arab Emirates,ARE,2010,42380.0,H,actual,H,projected
United Arab Emirates,ARE,2011,45610.0,H,actual,H,projected
United Arab Emirates,ARE,2012,51180.0,H,actual,H,projected
United Arab Emirates,ARE,2013,53780.0,H,actual,H,projected
United Arab Emirates,ARE,2014,53360.0,H,actual,H,projected
United Arab Emirates,ARE,2015,49990.0,H,actual,H,projected
United Arab Emirates,ARE,2016,46180.0,H,actual,H,projected
United Arab Emirates,ARE,2017,42230.0,H,actual,H,projected
United Arab Emirates,ARE,2018,44570.0,H,actual,H,projected
United Arab Emirates,ARE,2019,46690.0,H,actual,H,projected
United Arab Emirates,ARE,2020,41310.0,H,actual,H,projected
United Arab Emirates,ARE,2021,43230.0,H,actual,H,projected
United Arab Emirates,ARE,2022,46990.0,H,actual,H,projected
United Arab Emirates,ARE,2023,51100.0,H,actual,H,projected
United Arab Emirates,ARE,2024,51550.0,H,actual,H,projected
United Arab Emirates,ARE,2025,,H,actual,H,projected
United Arab Emirates,ARE,2026,53945.933188,H,projected,H,projected
United Arab Emirates,ARE,2027,56453.2242,H,projected,H,projected
United Arab Emirates,ARE,2028,59077.048709,H,projected,H,projected
United Arab Emirates,ARE,2029,61822.822941,H,projected,H,projected
United Arab Emirates,ARE,2030,64696.214857,H,projected,H,projected
United Arab Emirates,ARE,2031,67703.155853,H,projected,H,projected
United Arab Emirates,ARE,2032,70849.853002,H,projected,H,projected
United Arab Emirates,ARE,2033,74142.801871,H,projected,H,projected
United Arab Emirates,ARE,2034,77588.799924,H,projected,H,projected
United Arab Emirates,ARE,2035,81194.96056,H,projected,H,projected
United Arab Emirates,ARE,2036,84968.72779,H,projected,H,projected
United Arab Emirates,ARE,2037,88917.891609,H,projected,H,projected
United Arab Emirates,ARE,2038,93050.604073,H,projected,H,projected
United Arab Emirates,ARE,2039,97375.396129,H,projected,H,projected
United Arab Emirates,ARE,2040,101901.195222,H,projected,H,projected
United Arab Emirates,ARE,2041,106637.343729,H,projected,H,projected
United Arab Emirates,ARE,2042,111593.618238,H,projected,H,projected
United Arab Emirates,ARE,2043,116780.249732,H,projected,H,projected
United Arab Emirates,ARE,2044,122207.944709,H,projected,H,projected
United Arab Emirates,ARE,2045,127887.907281,H,projected,H,projected
United Arab Emirates,ARE,2046,133831.862303,H,projected,H,projected
United Arab Emirates,ARE,2047,140052.079578,H,projected,H,projected
United Arab Emirates,ARE,2048,146561.399181,H,projected,H,projected
United Arab Emirates,ARE,2049,153373.257966,H,projected,H,projected
United Arab Emirates,ARE,2050,160501.717305,H,projected,H,projected
United Kingdom,GBR,1987,12730.0,H,actual,H,projected - raised from 1.0% to the 1.244% floor
United Kingdom,GBR,1988,16120.0,H,actual,H,projected - raised from 1.0% to the 1.244% floor
United Kingdom,GBR,1989,17390.0,H,actual,H,projected - raised from 1.0% to the 1.244% floor
United Kingdom,GBR,1990,18640.0,H,actual,H,projected - raised from 1.0% to the 1.244% floor
United Kingdom,GBR,1991,19450.0,H,actual,H,projected - raised from 1.0% to the 1.244% floor
United Kingdom,GBR,1992,21690.0,H,actual,H,projected - raised from 1.0% to the 1.244% floor
United Kingdom,GBR,1993,21650.0,H,actual,H,projected - raised from 1.0% to the 1.244% floor
United Kingdom,GBR,1994,22210.0,H,actual,H,projected - raised from 1.0% to the 1.244% floor
United Kingdom,GBR,1995,21360.0,H,actual,H,projected - raised from 1.0% to the 1.244% floor
United Kingdom,GBR,1996,22970.0,H,actual,H,projected - raised from 1.0% to the 1.244% floor
United Kingdom,GBR,1997,25630.0,H,actual,H,projected - raised from 1.0% to the 1.244% floor
United Kingdom,GBR,1998,27040.0,H,actual,H,projected - raised from 1.0% to the 1.244% floor
United Kingdom,GBR,1999,28210.0,H,actual,H,projected - raised from 1.0% to the 1.244% floor
United Kingdom,GBR,2000,29550.0,H,actual,H,projected - raised from 1.0% to the 1.244% floor
United Kingdom,GBR,2001,29190.0,H,actual,H,projected - raised from 1.0% to the 1.244% floor
United Kingdom,GBR,2002,29260.0,H,actual,H,projected - raised from 1.0% to the 1.244% floor
United Kingdom,GBR,2003,32370.0,H,actual,H,projected - raised from 1.0% to the 1.244% floor
United Kingdom,GBR,2004,37910.0,H,actual,H,projected - raised from 1.0% to the 1.244% floor
United Kingdom,GBR,2005,42840.0,H,actual,H,projected - raised from 1.0% to the 1.244% floor
United Kingdom,GBR,2006,44960.0,H,actual,H,projected - raised from 1.0% to the 1.244% floor
United Kingdom,GBR,2007,47640.0,H,actual,H,projected - raised from 1.0% to the 1.244% floor
United Kingdom,GBR,2008,48720.0,H,actual,H,projected - raised from 1.0% to the 1.244% floor
United Kingdom,GBR,2009,44370.0,H,actual,H,projected - raised from 1.0% to the 1.244% floor
United Kingdom,GBR,2010,42010.0,H,actual,H,projected - raised from 1.0% to the 1.244% floor
United Kingdom,GBR,2011,41240.0,H,actual,H,projected - raised from 1.0% to the 1.244% floor
United Kingdom,GBR,2012,41940.0,H,actual,H,projected - raised from 1.0% to the 1.244% floor
United Kingdom,GBR,2013,42960.0,H,actual,H,projected - raised from 1.0% to the 1.244% floor
United Kingdom,GBR,2014,44780.0,H,actual,H,projected - raised from 1.0% to the 1.244% floor
United Kingdom,GBR,2015,44630.0,H,actual,H,projected - raised from 1.0% to the 1.244% floor
United Kingdom,GBR,2016,43310.0,H,actual,H,projected - raised from 1.0% to the 1.244% floor
United Kingdom,GBR,2017,42140.0,H,actual,H,projected - raised from 1.0% to the 1.244% floor
United Kingdom,GBR,2018,42540.0,H,actual,H,projected - raised from 1.0% to the 1.244% floor
United Kingdom,GBR,2019,43640.0,H,actual,H,projected - raised from 1.0% to the 1.244% floor
United Kingdom,GBR,2020,39350.0,H,actual,H,projected - raised from 1.0% to the 1.244% floor
United Kingdom,GBR,2021,45880.0,H,actual,H,projected - raised from 1.0% to the 1.244% floor
United Kingdom,GBR,2022,49690.0,H,actual,H,projected - raised from 1.0% to the 1.244% floor
United Kingdom,GBR,2023,48800.0,H,actual,H,projected - raised from 1.0% to the 1.244% floor
United Kingdom,GBR,2024,49320.0,H,actual,H,projected - raised from 1.0% to the 1.244% floor
United Kingdom,GBR,2025,54550.0,H,actual,H,projected - raised from 1.0% to the 1.244% floor
United Kingdom,GBR,2026,55228.602,H,projected,H,projected - raised from 1.0% to the 1.244% floor
United Kingdom,GBR,2027,55915.645809,H,projected,H,projected - raised from 1.0% to the 1.244% floor
United Kingdom,GBR,2028,56611.236443,H,projected,H,projected - raised from 1.0% to the 1.244% floor
United Kingdom,GBR,2029,57315.480224,H,projected,H,projected - raised from 1.0% to the 1.244% floor
United Kingdom,GBR,2030,58028.484798,H,projected,H,projected - raised from 1.0% to the 1.244% floor
United Kingdom,GBR,2031,58750.359149,H,projected,H,projected - raised from 1.0% to the 1.244% floor
United Kingdom,GBR,2032,59481.213617,H,projected,H,projected - raised from 1.0% to the 1.244% floor
United Kingdom,GBR,2033,60221.159914,H,projected,H,projected - raised from 1.0% to the 1.244% floor
United Kingdom,GBR,2034,60970.311144,H,projected,H,projected - raised from 1.0% to the 1.244% floor
United Kingdom,GBR,2035,61728.781814,H,projected,H,projected - raised from 1.0% to the 1.244% floor
United Kingdom,GBR,2036,62496.68786,H,projected,H,projected - raised from 1.0% to the 1.244% floor
United Kingdom,GBR,2037,63274.146657,H,projected,H,projected - raised from 1.0% to the 1.244% floor
United Kingdom,GBR,2038,64061.277041,H,projected,H,projected - raised from 1.0% to the 1.244% floor
United Kingdom,GBR,2039,64858.199328,H,projected,H,projected - raised from 1.0% to the 1.244% floor
United Kingdom,GBR,2040,65665.035327,H,projected,H,projected - raised from 1.0% to the 1.244% floor
United Kingdom,GBR,2041,66481.908367,H,projected,H,projected - raised from 1.0% to the 1.244% floor
United Kingdom,GBR,2042,67308.943307,H,projected,H,projected - raised from 1.0% to the 1.244% floor
United Kingdom,GBR,2043,68146.266562,H,projected,H,projected - raised from 1.0% to the 1.244% floor
United Kingdom,GBR,2044,68994.006118,H,projected,H,projected - raised from 1.0% to the 1.244% floor
United Kingdom,GBR,2045,69852.291554,H,projected,H,projected - raised from 1.0% to the 1.244% floor
United Kingdom,GBR,2046,70721.254061,H,projected,H,projected - raised from 1.0% to the 1.244% floor
United Kingdom,GBR,2047,71601.026461,H,projected,H,projected - raised from 1.0% to the 1.244% floor
United Kingdom,GBR,2048,72491.74323,H,projected,H,projected - raised from 1.0% to the 1.244% floor
United Kingdom,GBR,2049,73393.540516,H,projected,H,projected - raised from 1.0% to the 1.244% floor
United Kingdom,GBR,2050,74306.55616,H,projected,H,projected - raised from 1.0% to the 1.244% floor
United States,USA,1987,21390.0,H,actual,H,projected
United States,USA,1988,23490.0,H,actual,H,projected
United States,USA,1989,23770.0,H,actual,H,projected
United States,USA,1990,24060.0,H,actual,H,projected
United States,USA,1991,24270.0,H,actual,H,projected
United States,USA,1992,25680.0,H,actual,H,projected
United States,USA,1993,26390.0,H,actual,H,projected
United States,USA,1994,27660.0,H,actual,H,projected
United States,USA,1995,29040.0,H,actual,H,projected
United States,USA,1996,30270.0,H,actual,H,projected
United States,USA,1997,31280.0,H,actual,H,projected
United States,USA,1998,32040.0,H,actual,H,projected
United States,USA,1999,33680.0,H,actual,H,projected
United States,USA,2000,35960.0,H,actual,H,projected
United States,USA,2001,36710.0,H,actual,H,projected
United States,USA,2002,37320.0,H,actual,H,projected
United States,USA,2003,39770.0,H,actual,H,projected
United States,USA,2004,43520.0,H,actual,H,projected
United States,USA,2005,46190.0,H,actual,H,projected
United States,USA,2006,47850.0,H,actual,H,projected
United States,USA,2007,48530.0,H,actual,H,projected
United States,USA,2008,49110.0,H,actual,H,projected
United States,USA,2009,47910.0,H,actual,H,projected
United States,USA,2010,49180.0,H,actual,H,projected
United States,USA,2011,50620.0,H,actual,H,projected
United States,USA,2012,52610.0,H,actual,H,projected
United States,USA,2013,53750.0,H,actual,H,projected
United States,USA,2014,55520.0,H,actual,H,projected
United States,USA,2015,56320.0,H,actual,H,projected
United States,USA,2016,56830.0,H,actual,H,projected
United States,USA,2017,58860.0,H,actual,H,projected
United States,USA,2018,63040.0,H,actual,H,projected
United States,USA,2019,65840.0,H,actual,H,projected
United States,USA,2020,64630.0,H,actual,H,projected
United States,USA,2021,71510.0,H,actual,H,projected
United States,USA,2022,77230.0,H,actual,H,projected
United States,USA,2023,79950.0,H,actual,H,projected
United States,USA,2024,82910.0,H,actual,H,projected
United States,USA,2025,88810.0,H,actual,H,projected
United States,USA,2026,92426.315807,H,projected,H,projected
United States,USA,2027,96189.886879,H,projected,H,projected
United States,USA,2028,100106.709404,H,projected,H,projected
United States,USA,2029,104183.023733,H,projected,H,projected
United States,USA,2030,108425.324326,H,projected,H,projected
United States,USA,2031,112840.370089,H,projected,H,projected
United States,USA,2032,117435.195155,H,projected,H,projected
United States,USA,2033,122217.120079,H,projected,H,projected
United States,USA,2034,127193.763512,H,projected,H,projected
United States,USA,2035,132373.054331,H,projected,H,projected
United States,USA,2036,137763.244274,H,projected,H,projected
United States,USA,2037,143372.921088,H,projected,H,projected
United States,USA,2038,149211.022213,H,projected,H,projected
United States,USA,2039,155286.849015,H,projected,H,projected
United States,USA,2040,161610.08161,H,projected,H,projected
United States,USA,2041,168190.794286,H,projected,H,projected
United States,USA,2042,175039.471552,H,projected,H,projected
United States,USA,2043,182167.024844,H,projected,H,projected
United States,USA,2044,189584.809908,H,projected,H,projected
United States,USA,2045,197304.644891,H,projected,H,projected
United States,USA,2046,205338.829174,H,projected,H,projected
United States,USA,2047,213700.162963,H,projected,H,projected
United States,USA,2048,222401.967685,H,projected,H,projected
United States,USA,2049,231458.107211,H,projected,H,projected
United States,USA,2050,240883.009946,H,projected,H,projected
Uruguay,URY,1987,2210.0,UM,actual,H,projected
Uruguay,URY,1988,2600.0,UM,actual,H,projected
Uruguay,URY,1989,2730.0,UM,actual,H,projected
Uruguay,URY,1990,2850.0,UM,actual,H,projected
Uruguay,URY,1991,3190.0,UM,actual,H,projected
Uruguay,URY,1992,3850.0,UM,actual,H,projected
Uruguay,URY,1993,4380.0,UM,actual,H,projected
Uruguay,URY,1994,5080.0,UM,actual,H,projected
Uruguay,URY,1995,5590.0,UM,actual,H,projected
Uruguay,URY,1996,6240.0,UM,actual,H,projected
Uruguay,URY,1997,7080.0,UM,actual,H,projected
Uruguay,URY,1998,7360.0,UM,actual,H,projected
Uruguay,URY,1999,7400.0,UM,actual,H,projected
Uruguay,URY,2000,7180.0,UM,actual,H,projected
Uruguay,URY,2001,6610.0,UM,actual,H,projected
Uruguay,URY,2002,5210.0,UM,actual,H,projected
Uruguay,URY,2003,4300.0,UM,actual,H,projected
Uruguay,URY,2004,4180.0,UM,actual,H,projected
Uruguay,URY,2005,4770.0,UM,actual,H,projected
Uruguay,URY,2006,5470.0,UM,actual,H,projected
Uruguay,URY,2007,6510.0,UM,actual,H,projected
Uruguay,URY,2008,7930.0,UM,actual,H,projected
Uruguay,URY,2009,9140.0,UM,actual,H,projected
Uruguay,URY,2010,10930.0,UM,actual,H,projected
Uruguay,URY,2011,12730.0,UM,actual,H,projected
Uruguay,URY,2012,14230.0,H,actual,H,projected
Uruguay,URY,2013,16480.0,H,actual,H,projected
Uruguay,URY,2014,17140.0,H,actual,H,projected
Uruguay,URY,2015,17070.0,H,actual,H,projected
Uruguay,URY,2016,16490.0,H,actual,H,projected
Uruguay,URY,2017,16720.0,H,actual,H,projected
Uruguay,URY,2018,17700.0,H,actual,H,projected
Uruguay,URY,2019,18390.0,H,actual,H,projected
Uruguay,URY,2020,16130.0,H,actual,H,projected
Uruguay,URY,2021,16220.0,H,actual,H,projected
Uruguay,URY,2022,18050.0,H,actual,H,projected
Uruguay,URY,2023,20070.0,H,actual,H,projected
Uruguay,URY,2024,22000.0,H,actual,H,projected
Uruguay,URY,2025,24020.0,H,actual,H,projected
Uruguay,URY,2026,25192.121847,H,projected,H,projected
Uruguay,URY,2027,26421.440598,H,projected,H,projected
Uruguay,URY,2028,27710.747333,H,projected,H,projected
Uruguay,URY,2029,29062.969329,H,projected,H,projected
Uruguay,URY,2030,30481.176711,H,projected,H,projected
Uruguay,URY,2031,31968.589415,H,projected,H,projected
Uruguay,URY,2032,33528.584506,H,projected,H,projected
Uruguay,URY,2033,35164.70384,H,projected,H,projected
Uruguay,URY,2034,36880.66211,H,projected,H,projected
Uruguay,URY,2035,38680.355274,H,projected,H,projected
Uruguay,URY,2036,40567.869407,H,projected,H,projected
Uruguay,URY,2037,42547.489975,H,projected,H,projected
Uruguay,URY,2038,44623.711563,H,projected,H,projected
Uruguay,URY,2039,46801.248084,H,projected,H,projected
Uruguay,URY,2040,49085.043478,H,projected,H,projected
Uruguay,URY,2041,51480.282938,H,projected,H,projected
Uruguay,URY,2042,53992.404684,H,projected,H,projected
Uruguay,URY,2043,56627.112308,H,projected,H,projected
Uruguay,URY,2044,59390.387724,H,projected,H,projected
Uruguay,URY,2045,62288.504751,H,projected,H,projected
Uruguay,URY,2046,65328.043354,H,projected,H,projected
Uruguay,URY,2047,68515.904589,H,projected,H,projected
Uruguay,URY,2048,71859.326265,H,projected,H,projected
Uruguay,URY,2049,75365.899382,H,projected,H,projected
Uruguay,URY,2050,79043.58536,H,projected,H,projected
Uzbekistan,UZB,1990,630.0,,actual,LM,projected
Uzbekistan,UZB,1991,650.0,LM,actual,LM,projected
Uzbekistan,UZB,1992,600.0,LM,actual,LM,projected
Uzbekistan,UZB,1993,590.0,LM,actual,LM,projected
Uzbekistan,UZB,1994,570.0,LM,actual,LM,projected
Uzbekistan,UZB,1995,580.0,LM,actual,LM,projected
Uzbekistan,UZB,1996,590.0,LM,actual,LM,projected
Uzbekistan,UZB,1997,610.0,LM,actual,LM,projected
Uzbekistan,UZB,1998,610.0,LM,actual,LM,projected
Uzbekistan,UZB,1999,650.0,L,actual,LM,projected
Uzbekistan,UZB,2000,620.0,L,actual,LM,projected
Uzbekistan,UZB,2001,550.0,L,actual,LM,projected
Uzbekistan,UZB,2002,450.0,L,actual,LM,projected
Uzbekistan,UZB,2003,420.0,L,actual,LM,projected
Uzbekistan,UZB,2004,460.0,L,actual,LM,projected
Uzbekistan,UZB,2005,520.0,L,actual,LM,projected
Uzbekistan,UZB,2006,600.0,L,actual,LM,projected
Uzbekistan,UZB,2007,760.0,L,actual,LM,projected
Uzbekistan,UZB,2008,970.0,L,actual,LM,projected
Uzbekistan,UZB,2009,1150.0,LM,actual,LM,projected
Uzbekistan,UZB,2010,1460.0,LM,actual,LM,projected
Uzbekistan,UZB,2011,1880.0,LM,actual,LM,projected
Uzbekistan,UZB,2012,2460.0,LM,actual,LM,projected
Uzbekistan,UZB,2013,2780.0,LM,actual,LM,projected
Uzbekistan,UZB,2014,3000.0,LM,actual,LM,projected
Uzbekistan,UZB,2015,3170.0,LM,actual,LM,projected
Uzbekistan,UZB,2016,3230.0,LM,actual,LM,projected
Uzbekistan,UZB,2017,2890.0,LM,actual,LM,projected
Uzbekistan,UZB,2018,2490.0,LM,actual,LM,projected
Uzbekistan,UZB,2019,2240.0,LM,actual,LM,projected
Uzbekistan,UZB,2020,2090.0,LM,actual,LM,projected
Uzbekistan,UZB,2021,2360.0,LM,actual,LM,projected
Uzbekistan,UZB,2022,2620.0,LM,actual,LM,projected
Uzbekistan,UZB,2023,2880.0,LM,actual,LM,projected
Uzbekistan,UZB,2024,3170.0,LM,actual,LM,projected
Uzbekistan,UZB,2025,3670.0,LM,actual,LM,projected
Uzbekistan,UZB,2026,3886.831098,LM,projected,LM,projected
Uzbekistan,UZB,2027,4116.47302,LM,projected,LM,projected
Uzbekistan,UZB,2028,4359.682656,LM,projected,LM,projected
Uzbekistan,UZB,2029,4617.261614,LM,projected,LM,projected
Uzbekistan,UZB,2030,4890.058863,LM,projected,LM,projected
Uzbekistan,UZB,2031,5178.973531,UM,projected,LM,projected
Uzbekistan,UZB,2032,5484.957868,UM,projected,LM,projected
Uzbekistan,UZB,2033,5809.020385,UM,projected,LM,projected
Uzbekistan,UZB,2034,6152.229177,UM,projected,LM,projected
Uzbekistan,UZB,2035,6515.715446,UM,projected,LM,projected
Uzbekistan,UZB,2036,6900.677226,UM,projected,LM,projected
Uzbekistan,UZB,2037,7308.383335,UM,projected,LM,projected
Uzbekistan,UZB,2038,7740.177554,UM,projected,LM,projected
Uzbekistan,UZB,2039,8197.483057,UM,projected,LM,projected
Uzbekistan,UZB,2040,8681.807103,UM,projected,LM,projected
Uzbekistan,UZB,2041,9194.746004,UM,projected,LM,projected
Uzbekistan,UZB,2042,9737.990383,UM,projected,LM,projected
Uzbekistan,UZB,2043,10313.330749,UM,projected,LM,projected
Uzbekistan,UZB,2044,10922.6634,UM,projected,LM,projected
Uzbekistan,UZB,2045,11567.996669,UM,projected,LM,projected
Uzbekistan,UZB,2046,12251.457546,UM,projected,LM,projected
Uzbekistan,UZB,2047,12975.298687,UM,projected,LM,projected
Uzbekistan,UZB,2048,13741.905842,UM,projected,LM,projected
Uzbekistan,UZB,2049,14553.805714,UM,projected,LM,projected
Uzbekistan,UZB,2050,15413.674289,UM,projected,LM,projected
Vanuatu,VUT,1987,890.0,LM,actual,LM,projected
Vanuatu,VUT,1988,980.0,LM,actual,LM,projected
Vanuatu,VUT,1989,1100.0,LM,actual,LM,projected
Vanuatu,VUT,1990,1220.0,LM,actual,LM,projected
Vanuatu,VUT,1991,1110.0,LM,actual,LM,projected
Vanuatu,VUT,1992,1140.0,LM,actual,LM,projected
Vanuatu,VUT,1993,1160.0,LM,actual,LM,projected
Vanuatu,VUT,1994,1210.0,LM,actual,LM,projected
Vanuatu,VUT,1995,1250.0,LM,actual,LM,projected
Vanuatu,VUT,1996,1340.0,LM,actual,LM,projected
Vanuatu,VUT,1997,1400.0,LM,actual,LM,projected
Vanuatu,VUT,1998,1450.0,LM,actual,LM,projected
Vanuatu,VUT,1999,1430.0,LM,actual,LM,projected
Vanuatu,VUT,2000,1420.0,LM,actual,LM,projected
Vanuatu,VUT,2001,1360.0,LM,actual,LM,projected
Vanuatu,VUT,2002,1210.0,LM,actual,LM,projected
Vanuatu,VUT,2003,1350.0,LM,actual,LM,projected
Vanuatu,VUT,2004,1580.0,LM,actual,LM,projected
Vanuatu,VUT,2005,1770.0,LM,actual,LM,projected
Vanuatu,VUT,2006,1980.0,LM,actual,LM,projected
Vanuatu,VUT,2007,2080.0,LM,actual,LM,projected
Vanuatu,VUT,2008,2430.0,LM,actual,LM,projected
Vanuatu,VUT,2009,2500.0,LM,actual,LM,projected
Vanuatu,VUT,2010,2580.0,LM,actual,LM,projected
Vanuatu,VUT,2011,2790.0,LM,actual,LM,projected
Vanuatu,VUT,2012,2840.0,LM,actual,LM,projected
Vanuatu,VUT,2013,3160.0,LM,actual,LM,projected
Vanuatu,VUT,2014,3330.0,LM,actual,LM,projected
Vanuatu,VUT,2015,3400.0,LM,actual,LM,projected
Vanuatu,VUT,2016,3390.0,LM,actual,LM,projected
Vanuatu,VUT,2017,3550.0,LM,actual,LM,projected
Vanuatu,VUT,2018,3910.0,LM,actual,LM,projected
Vanuatu,VUT,2019,4120.0,LM,actual,LM,projected
Vanuatu,VUT,2020,3740.0,LM,actual,LM,projected
Vanuatu,VUT,2021,3990.0,LM,actual,LM,projected
Vanuatu,VUT,2022,4340.0,LM,actual,LM,projected
Vanuatu,VUT,2023,4210.0,LM,actual,LM,projected
Vanuatu,VUT,2024,4130.0,LM,actual,LM,projected
Vanuatu,VUT,2025,4410.0,LM,actual,LM,projected
Vanuatu,VUT,2026,4632.497906,LM,projected,LM,projected
Vanuatu,VUT,2027,4866.221509,UM,projected,LM,projected
Vanuatu,VUT,2028,5111.737177,UM,projected,LM,projected
Vanuatu,VUT,2029,5369.639857,UM,projected,LM,projected
Vanuatu,VUT,2030,5640.554512,UM,projected,LM,projected
Vanuatu,VUT,2031,5925.137634,UM,projected,LM,projected
Vanuatu,VUT,2032,6224.078841,UM,projected,LM,projected
Vanuatu,VUT,2033,6538.102539,UM,projected,LM,projected
Vanuatu,VUT,2034,6867.969688,UM,projected,LM,projected
Vanuatu,VUT,2035,7214.479638,UM,projected,LM,projected
Vanuatu,VUT,2036,7578.472068,UM,projected,LM,projected
Vanuatu,VUT,2037,7960.829022,UM,projected,LM,projected
Vanuatu,VUT,2038,8362.477047,UM,projected,LM,projected
Vanuatu,VUT,2039,8784.389436,UM,projected,LM,projected
Vanuatu,VUT,2040,9227.588588,UM,projected,LM,projected
Vanuatu,VUT,2041,9693.148484,UM,projected,LM,projected
Vanuatu,VUT,2042,10182.197292,UM,projected,LM,projected
Vanuatu,VUT,2043,10695.9201,UM,projected,LM,projected
Vanuatu,VUT,2044,11235.561784,UM,projected,LM,projected
Vanuatu,VUT,2045,11802.430033,UM,projected,LM,projected
Vanuatu,VUT,2046,12397.898507,UM,projected,LM,projected
Vanuatu,VUT,2047,13023.410177,UM,projected,LM,projected
Vanuatu,VUT,2048,13680.480811,UM,projected,LM,projected
Vanuatu,VUT,2049,14370.702657,UM,projected,LM,projected
Vanuatu,VUT,2050,15095.748293,UM,projected,LM,projected
"Venezuela, RB",VEN,1987,3350.0,UM,actual,LM,projected - raised from -2.3% to the 1.244% floor
"Venezuela, RB",VEN,1988,3390.0,UM,actual,LM,projected - raised from -2.3% to the 1.244% floor
"Venezuela, RB",VEN,1989,2450.0,UM,actual,LM,projected - raised from -2.3% to the 1.244% floor
"Venezuela, RB",VEN,1990,2600.0,UM,actual,LM,projected - raised from -2.3% to the 1.244% floor
"Venezuela, RB",VEN,1991,2670.0,UM,actual,LM,projected - raised from -2.3% to the 1.244% floor
"Venezuela, RB",VEN,1992,2840.0,UM,actual,LM,projected - raised from -2.3% to the 1.244% floor
"Venezuela, RB",VEN,1993,2820.0,UM,actual,LM,projected - raised from -2.3% to the 1.244% floor
"Venezuela, RB",VEN,1994,2710.0,LM,actual,LM,projected - raised from -2.3% to the 1.244% floor
"Venezuela, RB",VEN,1995,3010.0,LM,actual,LM,projected - raised from -2.3% to the 1.244% floor
"Venezuela, RB",VEN,1996,3060.0,LM,actual,LM,projected - raised from -2.3% to the 1.244% floor
"Venezuela, RB",VEN,1997,3420.0,UM,actual,LM,projected - raised from -2.3% to the 1.244% floor
"Venezuela, RB",VEN,1998,3380.0,UM,actual,LM,projected - raised from -2.3% to the 1.244% floor
"Venezuela, RB",VEN,1999,3530.0,UM,actual,LM,projected - raised from -2.3% to the 1.244% floor
"Venezuela, RB",VEN,2000,4060.0,UM,actual,LM,projected - raised from -2.3% to the 1.244% floor
"Venezuela, RB",VEN,2001,4540.0,UM,actual,LM,projected - raised from -2.3% to the 1.244% floor
"Venezuela, RB",VEN,2002,3940.0,UM,actual,LM,projected - raised from -2.3% to the 1.244% floor
"Venezuela, RB",VEN,2003,3450.0,UM,actual,LM,projected - raised from -2.3% to the 1.244% floor
"Venezuela, RB",VEN,2004,4050.0,UM,actual,LM,projected - raised from -2.3% to the 1.244% floor
"Venezuela, RB",VEN,2005,4910.0,UM,actual,LM,projected - raised from -2.3% to the 1.244% floor
"Venezuela, RB",VEN,2006,6040.0,UM,actual,LM,projected - raised from -2.3% to the 1.244% floor
"Venezuela, RB",VEN,2007,7520.0,UM,actual,LM,projected - raised from -2.3% to the 1.244% floor
"Venezuela, RB",VEN,2008,9260.0,UM,actual,LM,projected - raised from -2.3% to the 1.244% floor
"Venezuela, RB",VEN,2009,10240.0,UM,actual,LM,projected - raised from -2.3% to the 1.244% floor
"Venezuela, RB",VEN,2010,11650.0,UM,actual,LM,projected - raised from -2.3% to the 1.244% floor
"Venezuela, RB",VEN,2011,11850.0,UM,actual,LM,projected - raised from -2.3% to the 1.244% floor
"Venezuela, RB",VEN,2012,12480.0,UM,actual,LM,projected - raised from -2.3% to the 1.244% floor
"Venezuela, RB",VEN,2013,10330.0,UM,actual,LM,projected - raised from -2.3% to the 1.244% floor
"Venezuela, RB",VEN,2014,8380.0,H,actual,LM,projected - raised from -2.3% to the 1.244% floor
"Venezuela, RB",VEN,2015,5280.0,UM,actual,LM,projected - raised from -2.3% to the 1.244% floor
"Venezuela, RB",VEN,2016,3680.0,UM,actual,LM,projected - raised from -2.3% to the 1.244% floor
"Venezuela, RB",VEN,2017,2950.0,UM,actual,LM,projected - raised from -2.3% to the 1.244% floor
"Venezuela, RB",VEN,2018,2800.0,UM,actual,LM,projected - raised from -2.3% to the 1.244% floor
"Venezuela, RB",VEN,2019,2370.0,UM,actual,LM,projected - raised from -2.3% to the 1.244% floor
"Venezuela, RB",VEN,2020,1670.0,,actual,LM,projected - raised from -2.3% to the 1.244% floor
"Venezuela, RB",VEN,2021,1790.0,,actual,LM,projected - raised from -2.3% to the 1.244% floor
"Venezuela, RB",VEN,2022,2260.0,,actual,LM,projected - raised from -2.3% to the 1.244% floor
"Venezuela, RB",VEN,2023,3040.0,,actual,LM,projected - raised from -2.3% to the 1.244% floor
"Venezuela, RB",VEN,2024,3840.0,,actual,LM,projected - raised from -2.3% to the 1.244% floor
"Venezuela, RB",VEN,2025,3860.0,LM,actual,LM,projected - raised from -2.3% to the 1.244% floor
"Venezuela, RB",VEN,2026,3908.0184,LM,projected,LM,projected - raised from -2.3% to the 1.244% floor
"Venezuela, RB",VEN,2027,3956.634149,LM,projected,LM,projected - raised from -2.3% to the 1.244% floor
"Venezuela, RB",VEN,2028,4005.854678,LM,projected,LM,projected - raised from -2.3% to the 1.244% floor
"Venezuela, RB",VEN,2029,4055.68751,LM,projected,LM,projected - raised from -2.3% to the 1.244% floor
"Venezuela, RB",VEN,2030,4106.140263,LM,projected,LM,projected - raised from -2.3% to the 1.244% floor
"Venezuela, RB",VEN,2031,4157.220647,LM,projected,LM,projected - raised from -2.3% to the 1.244% floor
"Venezuela, RB",VEN,2032,4208.936472,LM,projected,LM,projected - raised from -2.3% to the 1.244% floor
"Venezuela, RB",VEN,2033,4261.295642,LM,projected,LM,projected - raised from -2.3% to the 1.244% floor
"Venezuela, RB",VEN,2034,4314.30616,LM,projected,LM,projected - raised from -2.3% to the 1.244% floor
"Venezuela, RB",VEN,2035,4367.976128,LM,projected,LM,projected - raised from -2.3% to the 1.244% floor
"Venezuela, RB",VEN,2036,4422.313751,LM,projected,LM,projected - raised from -2.3% to the 1.244% floor
"Venezuela, RB",VEN,2037,4477.327334,LM,projected,LM,projected - raised from -2.3% to the 1.244% floor
"Venezuela, RB",VEN,2038,4533.025287,LM,projected,LM,projected - raised from -2.3% to the 1.244% floor
"Venezuela, RB",VEN,2039,4589.416121,LM,projected,LM,projected - raised from -2.3% to the 1.244% floor
"Venezuela, RB",VEN,2040,4646.508458,LM,projected,LM,projected - raised from -2.3% to the 1.244% floor
"Venezuela, RB",VEN,2041,4704.311023,LM,projected,LM,projected - raised from -2.3% to the 1.244% floor
"Venezuela, RB",VEN,2042,4762.832652,LM,projected,LM,projected - raised from -2.3% to the 1.244% floor
"Venezuela, RB",VEN,2043,4822.08229,LM,projected,LM,projected - raised from -2.3% to the 1.244% floor
"Venezuela, RB",VEN,2044,4882.068994,LM,projected,LM,projected - raised from -2.3% to the 1.244% floor
"Venezuela, RB",VEN,2045,4942.801932,LM,projected,LM,projected - raised from -2.3% to the 1.244% floor
"Venezuela, RB",VEN,2046,5004.290388,LM,projected,LM,projected - raised from -2.3% to the 1.244% floor
"Venezuela, RB",VEN,2047,5066.543761,LM,projected,LM,projected - raised from -2.3% to the 1.244% floor
"Venezuela, RB",VEN,2048,5129.571565,LM,projected,LM,projected - raised from -2.3% to the 1.244% floor
"Venezuela, RB",VEN,2049,5193.383435,LM,projected,LM,projected - raised from -2.3% to the 1.244% floor
"Venezuela, RB",VEN,2050,5257.989125,LM,projected,LM,projected - raised from -2.3% to the 1.244% floor
Viet Nam,VNM,1987,,L,actual,UM,projected
Viet Nam,VNM,1988,,L,actual,UM,projected
Viet Nam,VNM,1989,220.0,L,actual,UM,projected
Viet Nam,VNM,1990,130.0,L,actual,UM,projected
Viet Nam,VNM,1991,110.0,L,actual,UM,projected
Viet Nam,VNM,1992,140.0,L,actual,UM,projected
Viet Nam,VNM,1993,170.0,L,actual,UM,projected
Viet Nam,VNM,1994,200.0,L,actual,UM,projected
Viet Nam,VNM,1995,260.0,L,actual,UM,projected
Viet Nam,VNM,1996,310.0,L,actual,UM,projected
Viet Nam,VNM,1997,350.0,L,actual,UM,projected
Viet Nam,VNM,1998,360.0,L,actual,UM,projected
Viet Nam,VNM,1999,370.0,L,actual,UM,projected
Viet Nam,VNM,2000,390.0,L,actual,UM,projected
Viet Nam,VNM,2001,410.0,L,actual,UM,projected
Viet Nam,VNM,2002,430.0,L,actual,UM,projected
Viet Nam,VNM,2003,480.0,L,actual,UM,projected
Viet Nam,VNM,2004,550.0,L,actual,UM,projected
Viet Nam,VNM,2005,650.0,L,actual,UM,projected
Viet Nam,VNM,2006,740.0,L,actual,UM,projected
Viet Nam,VNM,2007,860.0,L,actual,UM,projected
Viet Nam,VNM,2008,1000.0,L,actual,UM,projected
Viet Nam,VNM,2009,1120.0,LM,actual,UM,projected
Viet Nam,VNM,2010,1370.0,LM,actual,UM,projected
Viet Nam,VNM,2011,1630.0,LM,actual,UM,projected
Viet Nam,VNM,2012,1980.0,LM,actual,UM,projected
Viet Nam,VNM,2013,2200.0,LM,actual,UM,projected
Viet Nam,VNM,2014,2390.0,LM,actual,UM,projected
Viet Nam,VNM,2015,2460.0,LM,actual,UM,projected
Viet Nam,VNM,2016,2560.0,LM,actual,UM,projected
Viet Nam,VNM,2017,2680.0,LM,actual,UM,projected
Viet Nam,VNM,2018,3020.0,LM,actual,UM,projected
Viet Nam,VNM,2019,3290.0,LM,actual,UM,projected
Viet Nam,VNM,2020,3400.0,LM,actual,UM,projected
Viet Nam,VNM,2021,3540.0,LM,actual,UM,projected
Viet Nam,VNM,2022,3980.0,LM,actual,UM,projected
Viet Nam,VNM,2023,4140.0,LM,actual,UM,projected
Viet Nam,VNM,2024,4490.0,LM,actual,UM,projected
Viet Nam,VNM,2025,4970.0,UM,actual,UM,projected
Viet Nam,VNM,2026,5296.568916,UM,projected,UM,projected
Viet Nam,VNM,2027,5644.596033,UM,projected,UM,projected
Viet Nam,VNM,2028,6015.491326,UM,projected,UM,projected
Viet Nam,VNM,2029,6410.757419,UM,projected,UM,projected
Viet Nam,VNM,2030,6831.995669,UM,projected,UM,projected
Viet Nam,VNM,2031,7280.912655,UM,projected,UM,projected
Viet Nam,VNM,2032,7759.327092,UM,projected,UM,projected
Viet Nam,VNM,2033,8269.1772,UM,projected,UM,projected
Viet Nam,VNM,2034,8812.528555,UM,projected,UM,projected
Viet Nam,VNM,2035,9391.582459,UM,projected,UM,projected
Viet Nam,VNM,2036,10008.684854,UM,projected,UM,projected
Viet Nam,VNM,2037,10666.335832,UM,projected,UM,projected
Viet Nam,VNM,2038,11367.199762,UM,projected,UM,projected
Viet Nam,VNM,2039,12114.116081,UM,projected,UM,projected
Viet Nam,VNM,2040,12910.110801,UM,projected,UM,projected
Viet Nam,VNM,2041,13758.408767,UM,projected,UM,projected
Viet Nam,VNM,2042,14662.446722,UM,projected,UM,projected
Viet Nam,VNM,2043,15625.887232,UM,projected,UM,projected
Viet Nam,VNM,2044,16652.63352,UM,projected,UM,projected
Viet Nam,VNM,2045,17746.845287,UM,projected,UM,projected
Viet Nam,VNM,2046,18912.955554,H,projected,UM,projected
Viet Nam,VNM,2047,20155.688632,H,projected,UM,projected
Viet Nam,VNM,2048,21480.079253,H,projected,UM,projected
Viet Nam,VNM,2049,22891.492975,H,projected,UM,projected
Viet Nam,VNM,2050,24395.647914,H,projected,UM,projected
Virgin Islands (U.S.),VIR,1987,,H,actual,H,frozen - only 0 of 10 annual rates
Virgin Islands (U.S.),VIR,1988,,H,actual,H,frozen - only 0 of 10 annual rates
Virgin Islands (U.S.),VIR,1989,,H,actual,H,frozen - only 0 of 10 annual rates
Virgin Islands (U.S.),VIR,1990,,H,actual,H,frozen - only 0 of 10 annual rates
Virgin Islands (U.S.),VIR,1991,,H,actual,H,frozen - only 0 of 10 annual rates
Virgin Islands (U.S.),VIR,1992,,H,actual,H,frozen - only 0 of 10 annual rates
Virgin Islands (U.S.),VIR,1993,,H,actual,H,frozen - only 0 of 10 annual rates
Virgin Islands (U.S.),VIR,1994,,H,actual,H,frozen - only 0 of 10 annual rates
Virgin Islands (U.S.),VIR,1995,,H,actual,H,frozen - only 0 of 10 annual rates
Virgin Islands (U.S.),VIR,1996,,H,actual,H,frozen - only 0 of 10 annual rates
Virgin Islands (U.S.),VIR,1997,,H,actual,H,frozen - only 0 of 10 annual rates
Virgin Islands (U.S.),VIR,1998,,H,actual,H,frozen - only 0 of 10 annual rates
Virgin Islands (U.S.),VIR,1999,,H,actual,H,frozen - only 0 of 10 annual rates
Virgin Islands (U.S.),VIR,2000,,H,actual,H,frozen - only 0 of 10 annual rates
Virgin Islands (U.S.),VIR,2001,,H,actual,H,frozen - only 0 of 10 annual rates
Virgin Islands (U.S.),VIR,2002,,H,actual,H,frozen - only 0 of 10 annual rates
Virgin Islands (U.S.),VIR,2003,,H,actual,H,frozen - only 0 of 10 annual rates
Virgin Islands (U.S.),VIR,2004,,H,actual,H,frozen - only 0 of 10 annual rates
Virgin Islands (U.S.),VIR,2005,,H,actual,H,frozen - only 0 of 10 annual rates
Virgin Islands (U.S.),VIR,2006,,H,actual,H,frozen - only 0 of 10 annual rates
Virgin Islands (U.S.),VIR,2007,,H,actual,H,frozen - only 0 of 10 annual rates
Virgin Islands (U.S.),VIR,2008,,H,actual,H,frozen - only 0 of 10 annual rates
Virgin Islands (U.S.),VIR,2009,,H,actual,H,frozen - only 0 of 10 annual rates
Virgin Islands (U.S.),VIR,2010,,H,actual,H,frozen - only 0 of 10 annual rates
Virgin Islands (U.S.),VIR,2011,,H,actual,H,frozen - only 0 of 10 annual rates
Virgin Islands (U.S.),VIR,2012,,H,actual,H,frozen - only 0 of 10 annual rates
Virgin Islands (U.S.),VIR,2013,,H,actual,H,frozen - only 0 of 10 annual rates
Virgin Islands (U.S.),VIR,2014,,H,actual,H,frozen - only 0 of 10 annual rates
Virgin Islands (U.S.),VIR,2015,,H,actual,H,frozen - only 0 of 10 annual rates
Virgin Islands (U.S.),VIR,2016,,H,actual,H,frozen - only 0 of 10 annual rates
Virgin Islands (U.S.),VIR,2017,,H,actual,H,frozen - only 0 of 10 annual rates
Virgin Islands (U.S.),VIR,2018,,H,actual,H,frozen - only 0 of 10 annual rates
Virgin Islands (U.S.),VIR,2019,,H,actual,H,frozen - only 0 of 10 annual rates
Virgin Islands (U.S.),VIR,2020,,H,actual,H,frozen - only 0 of 10 annual rates
Virgin Islands (U.S.),VIR,2021,,H,actual,H,frozen - only 0 of 10 annual rates
Virgin Islands (U.S.),VIR,2022,,H,actual,H,frozen - only 0 of 10 annual rates
Virgin Islands (U.S.),VIR,2023,,H,actual,H,frozen - only 0 of 10 annual rates
Virgin Islands (U.S.),VIR,2024,,H,actual,H,frozen - only 0 of 10 annual rates
Virgin Islands (U.S.),VIR,2025,,H,actual,H,frozen - only 0 of 10 annual rates
Virgin Islands (U.S.),VIR,2026,,H,projected,H,frozen - only 0 of 10 annual rates
Virgin Islands (U.S.),VIR,2027,,H,projected,H,frozen - only 0 of 10 annual rates
Virgin Islands (U.S.),VIR,2028,,H,projected,H,frozen - only 0 of 10 annual rates
Virgin Islands (U.S.),VIR,2029,,H,projected,H,frozen - only 0 of 10 annual rates
Virgin Islands (U.S.),VIR,2030,,H,projected,H,frozen - only 0 of 10 annual rates
Virgin Islands (U.S.),VIR,2031,,H,projected,H,frozen - only 0 of 10 annual rates
Virgin Islands (U.S.),VIR,2032,,H,projected,H,frozen - only 0 of 10 annual rates
Virgin Islands (U.S.),VIR,2033,,H,projected,H,frozen - only 0 of 10 annual rates
Virgin Islands (U.S.),VIR,2034,,H,projected,H,frozen - only 0 of 10 annual rates
Virgin Islands (U.S.),VIR,2035,,H,projected,H,frozen - only 0 of 10 annual rates
Virgin Islands (U.S.),VIR,2036,,H,projected,H,frozen - only 0 of 10 annual rates
Virgin Islands (U.S.),VIR,2037,,H,projected,H,frozen - only 0 of 10 annual rates
Virgin Islands (U.S.),VIR,2038,,H,projected,H,frozen - only 0 of 10 annual rates
Virgin Islands (U.S.),VIR,2039,,H,projected,H,frozen - only 0 of 10 annual rates
Virgin Islands (U.S.),VIR,2040,,H,projected,H,frozen - only 0 of 10 annual rates
Virgin Islands (U.S.),VIR,2041,,H,projected,H,frozen - only 0 of 10 annual rates
Virgin Islands (U.S.),VIR,2042,,H,projected,H,frozen - only 0 of 10 annual rates
Virgin Islands (U.S.),VIR,2043,,H,projected,H,frozen - only 0 of 10 annual rates
Virgin Islands (U.S.),VIR,2044,,H,projected,H,frozen - only 0 of 10 annual rates
Virgin Islands (U.S.),VIR,2045,,H,projected,H,frozen - only 0 of 10 annual rates
Virgin Islands (U.S.),VIR,2046,,H,projected,H,frozen - only 0 of 10 annual rates
Virgin Islands (U.S.),VIR,2047,,H,projected,H,frozen - only 0 of 10 annual rates
Virgin Islands (U.S.),VIR,2048,,H,projected,H,frozen - only 0 of 10 annual rates
Virgin Islands (U.S.),VIR,2049,,H,projected,H,frozen - only 0 of 10 annual rates
Virgin Islands (U.S.),VIR,2050,,H,projected,H,frozen - only 0 of 10 annual rates
West Bank and Gaza,PSE,1994,,LM,actual,LM,projected
West Bank and Gaza,PSE,1995,,LM,actual,LM,projected
West Bank and Gaza,PSE,1996,1470.0,LM,actual,LM,projected
West Bank and Gaza,PSE,1997,1630.0,LM,actual,LM,projected
West Bank and Gaza,PSE,1998,1780.0,LM,actual,LM,projected
West Bank and Gaza,PSE,1999,1800.0,LM,actual,LM,projected
West Bank and Gaza,PSE,2000,1550.0,LM,actual,LM,projected
West Bank and Gaza,PSE,2001,1370.0,LM,actual,LM,projected
West Bank and Gaza,PSE,2002,1190.0,LM,actual,LM,projected
West Bank and Gaza,PSE,2003,1370.0,LM,actual,LM,projected
West Bank and Gaza,PSE,2004,1640.0,LM,actual,LM,projected
West Bank and Gaza,PSE,2005,1780.0,LM,actual,LM,projected
West Bank and Gaza,PSE,2006,1710.0,LM,actual,LM,projected
West Bank and Gaza,PSE,2007,1790.0,LM,actual,LM,projected
West Bank and Gaza,PSE,2008,2040.0,LM,actual,LM,projected
West Bank and Gaza,PSE,2009,2250.0,LM,actual,LM,projected
West Bank and Gaza,PSE,2010,2510.0,LM,actual,LM,projected
West Bank and Gaza,PSE,2011,2880.0,LM,actual,LM,projected
West Bank and Gaza,PSE,2012,3210.0,LM,actual,LM,projected
West Bank and Gaza,PSE,2013,3470.0,LM,actual,LM,projected
West Bank and Gaza,PSE,2014,3560.0,LM,actual,LM,projected
West Bank and Gaza,PSE,2015,3670.0,LM,actual,LM,projected
West Bank and Gaza,PSE,2016,3900.0,LM,actual,LM,projected
West Bank and Gaza,PSE,2017,3930.0,LM,actual,LM,projected
West Bank and Gaza,PSE,2018,4190.0,LM,actual,LM,projected
West Bank and Gaza,PSE,2019,4200.0,LM,actual,LM,projected
West Bank and Gaza,PSE,2020,3700.0,LM,actual,LM,projected
West Bank and Gaza,PSE,2021,4270.0,LM,actual,LM,projected
West Bank and Gaza,PSE,2022,4720.0,UM,actual,LM,projected
West Bank and Gaza,PSE,2023,4450.0,LM,actual,LM,projected
West Bank and Gaza,PSE,2024,2980.0,LM,actual,LM,projected
West Bank and Gaza,PSE,2025,3250.0,LM,actual,LM,projected
West Bank and Gaza,PSE,2026,3364.339237,LM,projected,LM,projected
West Bank and Gaza,PSE,2027,3482.701078,LM,projected,LM,projected
West Bank and Gaza,PSE,2028,3605.227042,LM,projected,LM,projected
West Bank and Gaza,PSE,2029,3732.063629,LM,projected,LM,projected
West Bank and Gaza,PSE,2030,3863.362493,LM,projected,LM,projected
West Bank and Gaza,PSE,2031,3999.280623,LM,projected,LM,projected
West Bank and Gaza,PSE,2032,4139.980529,LM,projected,LM,projected
West Bank and Gaza,PSE,2033,4285.630441,LM,projected,LM,projected
West Bank and Gaza,PSE,2034,4436.404507,LM,projected,LM,projected
West Bank and Gaza,PSE,2035,4592.483002,LM,projected,LM,projected
West Bank and Gaza,PSE,2036,4754.052541,LM,projected,LM,projected
West Bank and Gaza,PSE,2037,4921.306307,LM,projected,LM,projected
West Bank and Gaza,PSE,2038,5094.444279,LM,projected,LM,projected
West Bank and Gaza,PSE,2039,5273.67347,LM,projected,LM,projected
West Bank and Gaza,PSE,2040,5459.208178,LM,projected,LM,projected
West Bank and Gaza,PSE,2041,5651.270239,UM,projected,LM,projected
West Bank and Gaza,PSE,2042,5850.089294,UM,projected,LM,projected
West Bank and Gaza,PSE,2043,6055.903062,UM,projected,LM,projected
West Bank and Gaza,PSE,2044,6268.957627,UM,projected,LM,projected
West Bank and Gaza,PSE,2045,6489.507729,UM,projected,LM,projected
West Bank and Gaza,PSE,2046,6717.817072,UM,projected,LM,projected
West Bank and Gaza,PSE,2047,6954.158634,UM,projected,LM,projected
West Bank and Gaza,PSE,2048,7198.815001,UM,projected,LM,projected
West Bank and Gaza,PSE,2049,7452.078698,UM,projected,LM,projected
West Bank and Gaza,PSE,2050,7714.252542,UM,projected,LM,projected
"Yemen, Rep.",YEM,1987,,LM,actual,L,frozen - only 3 of 10 annual rates
"Yemen, Rep.",YEM,1988,,LM,actual,L,frozen - only 3 of 10 annual rates
"Yemen, Rep.",YEM,1989,,LM,actual,L,frozen - only 3 of 10 annual rates
"Yemen, Rep.",YEM,1990,,LM,actual,L,frozen - only 3 of 10 annual rates
"Yemen, Rep.",YEM,1991,,L,actual,L,frozen - only 3 of 10 annual rates
"Yemen, Rep.",YEM,1992,1100.0,L,actual,L,frozen - only 3 of 10 annual rates
"Yemen, Rep.",YEM,1993,1240.0,L,actual,L,frozen - only 3 of 10 annual rates
"Yemen, Rep.",YEM,1994,1470.0,L,actual,L,frozen - only 3 of 10 annual rates
"Yemen, Rep.",YEM,1995,1160.0,L,actual,L,frozen - only 3 of 10 annual rates
"Yemen, Rep.",YEM,1996,620.0,L,actual,L,frozen - only 3 of 10 annual rates
"Yemen, Rep.",YEM,1997,420.0,L,actual,L,frozen - only 3 of 10 annual rates
"Yemen, Rep.",YEM,1998,350.0,L,actual,L,frozen - only 3 of 10 annual rates
"Yemen, Rep.",YEM,1999,340.0,L,actual,L,frozen - only 3 of 10 annual rates
"Yemen, Rep.",YEM,2000,380.0,L,actual,L,frozen - only 3 of 10 annual rates
"Yemen, Rep.",YEM,2001,430.0,L,actual,L,frozen - only 3 of 10 annual rates
"Yemen, Rep.",YEM,2002,460.0,L,actual,L,frozen - only 3 of 10 annual rates
"Yemen, Rep.",YEM,2003,480.0,L,actual,L,frozen - only 3 of 10 annual rates
"Yemen, Rep.",YEM,2004,540.0,L,actual,L,frozen - only 3 of 10 annual rates
"Yemen, Rep.",YEM,2005,620.0,L,actual,L,frozen - only 3 of 10 annual rates
"Yemen, Rep.",YEM,2006,710.0,L,actual,L,frozen - only 3 of 10 annual rates
"Yemen, Rep.",YEM,2007,780.0,L,actual,L,frozen - only 3 of 10 annual rates
"Yemen, Rep.",YEM,2008,880.0,L,actual,L,frozen - only 3 of 10 annual rates
"Yemen, Rep.",YEM,2009,960.0,LM,actual,L,frozen - only 3 of 10 annual rates
"Yemen, Rep.",YEM,2010,1040.0,LM,actual,L,frozen - only 3 of 10 annual rates
"Yemen, Rep.",YEM,2011,930.0,LM,actual,L,frozen - only 3 of 10 annual rates
"Yemen, Rep.",YEM,2012,1080.0,LM,actual,L,frozen - only 3 of 10 annual rates
"Yemen, Rep.",YEM,2013,1230.0,LM,actual,L,frozen - only 3 of 10 annual rates
"Yemen, Rep.",YEM,2014,1250.0,LM,actual,L,frozen - only 3 of 10 annual rates
"Yemen, Rep.",YEM,2015,1030.0,LM,actual,L,frozen - only 3 of 10 annual rates
"Yemen, Rep.",YEM,2016,970.0,LM,actual,L,frozen - only 3 of 10 annual rates
"Yemen, Rep.",YEM,2017,880.0,L,actual,L,frozen - only 3 of 10 annual rates
"Yemen, Rep.",YEM,2018,740.0,L,actual,L,frozen - only 3 of 10 annual rates
"Yemen, Rep.",YEM,2019,,L,actual,L,frozen - only 3 of 10 annual rates
"Yemen, Rep.",YEM,2020,,L,actual,L,frozen - only 3 of 10 annual rates
"Yemen, Rep.",YEM,2021,,L,actual,L,frozen - only 3 of 10 annual rates
"Yemen, Rep.",YEM,2022,,L,actual,L,frozen - only 3 of 10 annual rates
"Yemen, Rep.",YEM,2023,,L,actual,L,frozen - only 3 of 10 annual rates
"Yemen, Rep.",YEM,2024,,L,actual,L,frozen - only 3 of 10 annual rates
"Yemen, Rep.",YEM,2025,,L,actual,L,frozen - only 3 of 10 annual rates
"Yemen, Rep.",YEM,2026,,L,projected,L,frozen - only 3 of 10 annual rates
"Yemen, Rep.",YEM,2027,,L,projected,L,frozen - only 3 of 10 annual rates
"Yemen, Rep.",YEM,2028,,L,projected,L,frozen - only 3 of 10 annual rates
"Yemen, Rep.",YEM,2029,,L,projected,L,frozen - only 3 of 10 annual rates
"Yemen, Rep.",YEM,2030,,L,projected,L,frozen - only 3 of 10 annual rates
"Yemen, Rep.",YEM,2031,,L,projected,L,frozen - only 3 of 10 annual rates
"Yemen, Rep.",YEM,2032,,L,projected,L,frozen - only 3 of 10 annual rates
"Yemen, Rep.",YEM,2033,,L,projected,L,frozen - only 3 of 10 annual rates
"Yemen, Rep.",YEM,2034,,L,projected,L,frozen - only 3 of 10 annual rates
"Yemen, Rep.",YEM,2035,,L,projected,L,frozen - only 3 of 10 annual rates
"Yemen, Rep.",YEM,2036,,L,projected,L,frozen - only 3 of 10 annual rates
"Yemen, Rep.",YEM,2037,,L,projected,L,frozen - only 3 of 10 annual rates
"Yemen, Rep.",YEM,2038,,L,projected,L,frozen - only 3 of 10 annual rates
"Yemen, Rep.",YEM,2039,,L,projected,L,frozen - only 3 of 10 annual rates
"Yemen, Rep.",YEM,2040,,L,projected,L,frozen - only 3 of 10 annual rates
"Yemen, Rep.",YEM,2041,,L,projected,L,frozen - only 3 of 10 annual rates
"Yemen, Rep.",YEM,2042,,L,projected,L,frozen - only 3 of 10 annual rates
"Yemen, Rep.",YEM,2043,,L,projected,L,frozen - only 3 of 10 annual rates
"Yemen, Rep.",YEM,2044,,L,projected,L,frozen - only 3 of 10 annual rates
"Yemen, Rep.",YEM,2045,,L,projected,L,frozen - only 3 of 10 annual rates
"Yemen, Rep.",YEM,2046,,L,projected,L,frozen - only 3 of 10 annual rates
"Yemen, Rep.",YEM,2047,,L,projected,L,frozen - only 3 of 10 annual rates
"Yemen, Rep.",YEM,2048,,L,projected,L,frozen - only 3 of 10 annual rates
"Yemen, Rep.",YEM,2049,,L,projected,L,frozen - only 3 of 10 annual rates
"Yemen, Rep.",YEM,2050,,L,projected,L,frozen - only 3 of 10 annual rates
Zambia,ZMB,1987,270.0,L,actual,LM,projected - raised from -2.6% to the 1.244% floor
Zambia,ZMB,1988,340.0,L,actual,LM,projected - raised from -2.6% to the 1.244% floor
Zambia,ZMB,1989,420.0,L,actual,LM,projected - raised from -2.6% to the 1.244% floor
Zambia,ZMB,1990,450.0,L,actual,LM,projected - raised from -2.6% to the 1.244% floor
Zambia,ZMB,1991,410.0,L,actual,LM,projected - raised from -2.6% to the 1.244% floor
Zambia,ZMB,1992,380.0,L,actual,LM,projected - raised from -2.6% to the 1.244% floor
Zambia,ZMB,1993,390.0,L,actual,LM,projected - raised from -2.6% to the 1.244% floor
Zambia,ZMB,1994,370.0,L,actual,LM,projected - raised from -2.6% to the 1.244% floor
Zambia,ZMB,1995,390.0,L,actual,LM,projected - raised from -2.6% to the 1.244% floor
Zambia,ZMB,1996,420.0,L,actual,LM,projected - raised from -2.6% to the 1.244% floor
Zambia,ZMB,1997,420.0,L,actual,LM,projected - raised from -2.6% to the 1.244% floor
Zambia,ZMB,1998,370.0,L,actual,LM,projected - raised from -2.6% to the 1.244% floor
Zambia,ZMB,1999,370.0,L,actual,LM,projected - raised from -2.6% to the 1.244% floor
Zambia,ZMB,2000,350.0,L,actual,LM,projected - raised from -2.6% to the 1.244% floor
Zambia,ZMB,2001,360.0,L,actual,LM,projected - raised from -2.6% to the 1.244% floor
Zambia,ZMB,2002,370.0,L,actual,LM,projected - raised from -2.6% to the 1.244% floor
Zambia,ZMB,2003,420.0,L,actual,LM,projected - raised from -2.6% to the 1.244% floor
Zambia,ZMB,2004,470.0,L,actual,LM,projected - raised from -2.6% to the 1.244% floor
Zambia,ZMB,2005,570.0,L,actual,LM,projected - raised from -2.6% to the 1.244% floor
Zambia,ZMB,2006,720.0,L,actual,LM,projected - raised from -2.6% to the 1.244% floor
Zambia,ZMB,2007,900.0,L,actual,LM,projected - raised from -2.6% to the 1.244% floor
Zambia,ZMB,2008,1170.0,L,actual,LM,projected - raised from -2.6% to the 1.244% floor
Zambia,ZMB,2009,1260.0,L,actual,LM,projected - raised from -2.6% to the 1.244% floor
Zambia,ZMB,2010,1310.0,LM,actual,LM,projected - raised from -2.6% to the 1.244% floor
Zambia,ZMB,2011,1380.0,LM,actual,LM,projected - raised from -2.6% to the 1.244% floor
Zambia,ZMB,2012,1640.0,LM,actual,LM,projected - raised from -2.6% to the 1.244% floor
Zambia,ZMB,2013,1710.0,LM,actual,LM,projected - raised from -2.6% to the 1.244% floor
Zambia,ZMB,2014,1740.0,LM,actual,LM,projected - raised from -2.6% to the 1.244% floor
Zambia,ZMB,2015,1530.0,LM,actual,LM,projected - raised from -2.6% to the 1.244% floor
Zambia,ZMB,2016,1320.0,LM,actual,LM,projected - raised from -2.6% to the 1.244% floor
Zambia,ZMB,2017,1260.0,LM,actual,LM,projected - raised from -2.6% to the 1.244% floor
Zambia,ZMB,2018,1390.0,LM,actual,LM,projected - raised from -2.6% to the 1.244% floor
Zambia,ZMB,2019,1380.0,LM,actual,LM,projected - raised from -2.6% to the 1.244% floor
Zambia,ZMB,2020,1110.0,LM,actual,LM,projected - raised from -2.6% to the 1.244% floor
Zambia,ZMB,2021,1050.0,L,actual,LM,projected - raised from -2.6% to the 1.244% floor
Zambia,ZMB,2022,1170.0,LM,actual,LM,projected - raised from -2.6% to the 1.244% floor
Zambia,ZMB,2023,1270.0,LM,actual,LM,projected - raised from -2.6% to the 1.244% floor
Zambia,ZMB,2024,1190.0,LM,actual,LM,projected - raised from -2.6% to the 1.244% floor
Zambia,ZMB,2025,1200.0,LM,actual,LM,projected - raised from -2.6% to the 1.244% floor
Zambia,ZMB,2026,1214.928,LM,projected,LM,projected - raised from -2.6% to the 1.244% floor
Zambia,ZMB,2027,1230.041704,LM,projected,LM,projected - raised from -2.6% to the 1.244% floor
Zambia,ZMB,2028,1245.343423,LM,projected,LM,projected - raised from -2.6% to the 1.244% floor
Zambia,ZMB,2029,1260.835495,LM,projected,LM,projected - raised from -2.6% to the 1.244% floor
Zambia,ZMB,2030,1276.520289,LM,projected,LM,projected - raised from -2.6% to the 1.244% floor
Zambia,ZMB,2031,1292.400201,LM,projected,LM,projected - raised from -2.6% to the 1.244% floor
Zambia,ZMB,2032,1308.47766,LM,projected,LM,projected - raised from -2.6% to the 1.244% floor
Zambia,ZMB,2033,1324.755122,LM,projected,LM,projected - raised from -2.6% to the 1.244% floor
Zambia,ZMB,2034,1341.235076,LM,projected,LM,projected - raised from -2.6% to the 1.244% floor
Zambia,ZMB,2035,1357.92004,LM,projected,LM,projected - raised from -2.6% to the 1.244% floor
Zambia,ZMB,2036,1374.812565,LM,projected,LM,projected - raised from -2.6% to the 1.244% floor
Zambia,ZMB,2037,1391.915234,LM,projected,LM,projected - raised from -2.6% to the 1.244% floor
Zambia,ZMB,2038,1409.230659,LM,projected,LM,projected - raised from -2.6% to the 1.244% floor
Zambia,ZMB,2039,1426.761488,LM,projected,LM,projected - raised from -2.6% to the 1.244% floor
Zambia,ZMB,2040,1444.510401,LM,projected,LM,projected - raised from -2.6% to the 1.244% floor
Zambia,ZMB,2041,1462.480111,LM,projected,LM,projected - raised from -2.6% to the 1.244% floor
Zambia,ZMB,2042,1480.673363,LM,projected,LM,projected - raised from -2.6% to the 1.244% floor
Zambia,ZMB,2043,1499.09294,LM,projected,LM,projected - raised from -2.6% to the 1.244% floor
Zambia,ZMB,2044,1517.741656,LM,projected,LM,projected - raised from -2.6% to the 1.244% floor
Zambia,ZMB,2045,1536.622362,LM,projected,LM,projected - raised from -2.6% to the 1.244% floor
Zambia,ZMB,2046,1555.737945,LM,projected,LM,projected - raised from -2.6% to the 1.244% floor
Zambia,ZMB,2047,1575.091325,LM,projected,LM,projected - raised from -2.6% to the 1.244% floor
Zambia,ZMB,2048,1594.685461,LM,projected,LM,projected - raised from -2.6% to the 1.244% floor
Zambia,ZMB,2049,1614.523348,LM,projected,LM,projected - raised from -2.6% to the 1.244% floor
Zambia,ZMB,2050,1634.608018,LM,projected,LM,projected - raised from -2.6% to the 1.244% floor
Zimbabwe,ZWE,1987,590.0,LM,actual,LM,projected - cut from 10.8% to the LM p90 cap of 7.47%
Zimbabwe,ZWE,1988,690.0,LM,actual,LM,projected - cut from 10.8% to the LM p90 cap of 7.47%
Zimbabwe,ZWE,1989,740.0,LM,actual,LM,projected - cut from 10.8% to the LM p90 cap of 7.47%
Zimbabwe,ZWE,1990,730.0,LM,actual,LM,projected - cut from 10.8% to the LM p90 cap of 7.47%
Zimbabwe,ZWE,1991,700.0,L,actual,LM,projected - cut from 10.8% to the LM p90 cap of 7.47%
Zimbabwe,ZWE,1992,550.0,L,actual,LM,projected - cut from 10.8% to the LM p90 cap of 7.47%
Zimbabwe,ZWE,1993,510.0,L,actual,LM,projected - cut from 10.8% to the LM p90 cap of 7.47%
Zimbabwe,ZWE,1994,490.0,L,actual,LM,projected - cut from 10.8% to the LM p90 cap of 7.47%
Zimbabwe,ZWE,1995,470.0,L,actual,LM,projected - cut from 10.8% to the LM p90 cap of 7.47%
Zimbabwe,ZWE,1996,560.0,L,actual,LM,projected - cut from 10.8% to the LM p90 cap of 7.47%
Zimbabwe,ZWE,1997,520.0,L,actual,LM,projected - cut from 10.8% to the LM p90 cap of 7.47%
Zimbabwe,ZWE,1998,410.0,L,actual,LM,projected - cut from 10.8% to the LM p90 cap of 7.47%
Zimbabwe,ZWE,1999,400.0,L,actual,LM,projected - cut from 10.8% to the LM p90 cap of 7.47%
Zimbabwe,ZWE,2000,350.0,L,actual,LM,projected - cut from 10.8% to the LM p90 cap of 7.47%
Zimbabwe,ZWE,2001,390.0,L,actual,LM,projected - cut from 10.8% to the LM p90 cap of 7.47%
Zimbabwe,ZWE,2002,370.0,L,actual,LM,projected - cut from 10.8% to the LM p90 cap of 7.47%
Zimbabwe,ZWE,2003,340.0,L,actual,LM,projected - cut from 10.8% to the LM p90 cap of 7.47%
Zimbabwe,ZWE,2004,320.0,L,actual,LM,projected - cut from 10.8% to the LM p90 cap of 7.47%
Zimbabwe,ZWE,2005,320.0,L,actual,LM,projected - cut from 10.8% to the LM p90 cap of 7.47%
Zimbabwe,ZWE,2006,280.0,L,actual,LM,projected - cut from 10.8% to the LM p90 cap of 7.47%
Zimbabwe,ZWE,2007,240.0,L,actual,LM,projected - cut from 10.8% to the LM p90 cap of 7.47%
Zimbabwe,ZWE,2008,120.0,L,actual,LM,projected - cut from 10.8% to the LM p90 cap of 7.47%
Zimbabwe,ZWE,2009,450.0,L,actual,LM,projected - cut from 10.8% to the LM p90 cap of 7.47%
Zimbabwe,ZWE,2010,640.0,L,actual,LM,projected - cut from 10.8% to the LM p90 cap of 7.47%
Zimbabwe,ZWE,2011,960.0,L,actual,LM,projected - cut from 10.8% to the LM p90 cap of 7.47%
Zimbabwe,ZWE,2012,1150.0,L,actual,LM,projected - cut from 10.8% to the LM p90 cap of 7.47%
Zimbabwe,ZWE,2013,1220.0,L,actual,LM,projected - cut from 10.8% to the LM p90 cap of 7.47%
Zimbabwe,ZWE,2014,1270.0,L,actual,LM,projected - cut from 10.8% to the LM p90 cap of 7.47%
Zimbabwe,ZWE,2015,1330.0,L,actual,LM,projected - cut from 10.8% to the LM p90 cap of 7.47%
Zimbabwe,ZWE,2016,1240.0,L,actual,LM,projected - cut from 10.8% to the LM p90 cap of 7.47%
Zimbabwe,ZWE,2017,1680.0,L,actual,LM,projected - cut from 10.8% to the LM p90 cap of 7.47%
Zimbabwe,ZWE,2018,2140.0,LM,actual,LM,projected - cut from 10.8% to the LM p90 cap of 7.47%
Zimbabwe,ZWE,2019,2430.0,LM,actual,LM,projected - cut from 10.8% to the LM p90 cap of 7.47%
Zimbabwe,ZWE,2020,1980.0,LM,actual,LM,projected - cut from 10.8% to the LM p90 cap of 7.47%
Zimbabwe,ZWE,2021,2330.0,LM,actual,LM,projected - cut from 10.8% to the LM p90 cap of 7.47%
Zimbabwe,ZWE,2022,2580.0,LM,actual,LM,projected - cut from 10.8% to the LM p90 cap of 7.47%
Zimbabwe,ZWE,2023,2550.0,LM,actual,LM,projected - cut from 10.8% to the LM p90 cap of 7.47%
Zimbabwe,ZWE,2024,2400.0,LM,actual,LM,projected - cut from 10.8% to the LM p90 cap of 7.47%
Zimbabwe,ZWE,2025,2660.0,LM,actual,LM,projected - cut from 10.8% to the LM p90 cap of 7.47%
Zimbabwe,ZWE,2026,2858.65146,LM,projected,LM,projected - cut from 10.8% to the LM p90 cap of 7.47%
Zimbabwe,ZWE,2027,3072.13841,LM,projected,LM,projected - cut from 10.8% to the LM p90 cap of 7.47%
Zimbabwe,ZWE,2028,3301.568778,LM,projected,LM,projected - cut from 10.8% to the LM p90 cap of 7.47%
Zimbabwe,ZWE,2029,3548.133236,LM,projected,LM,projected - cut from 10.8% to the LM p90 cap of 7.47%
Zimbabwe,ZWE,2030,3813.111374,LM,projected,LM,projected - cut from 10.8% to the LM p90 cap of 7.47%
Zimbabwe,ZWE,2031,4097.878345,LM,projected,LM,projected - cut from 10.8% to the LM p90 cap of 7.47%
Zimbabwe,ZWE,2032,4403.911998,LM,projected,LM,projected - cut from 10.8% to the LM p90 cap of 7.47%
Zimbabwe,ZWE,2033,4732.80055,LM,projected,LM,projected - cut from 10.8% to the LM p90 cap of 7.47%
Zimbabwe,ZWE,2034,5086.250827,LM,projected,LM,projected - cut from 10.8% to the LM p90 cap of 7.47%
Zimbabwe,ZWE,2035,5466.097125,UM,projected,LM,projected - cut from 10.8% to the LM p90 cap of 7.47%
Zimbabwe,ZWE,2036,5874.310725,UM,projected,LM,projected - cut from 10.8% to the LM p90 cap of 7.47%
Zimbabwe,ZWE,2037,6313.010124,UM,projected,LM,projected - cut from 10.8% to the LM p90 cap of 7.47%
Zimbabwe,ZWE,2038,6784.472033,UM,projected,LM,projected - cut from 10.8% to the LM p90 cap of 7.47%
Zimbabwe,ZWE,2039,7291.143189,UM,projected,LM,projected - cut from 10.8% to the LM p90 cap of 7.47%
Zimbabwe,ZWE,2040,7835.653054,UM,projected,LM,projected - cut from 10.8% to the LM p90 cap of 7.47%
Zimbabwe,ZWE,2041,8420.827459,UM,projected,LM,projected - cut from 10.8% to the LM p90 cap of 7.47%
Zimbabwe,ZWE,2042,9049.703275,UM,projected,LM,projected - cut from 10.8% to the LM p90 cap of 7.47%
Zimbabwe,ZWE,2043,9725.544165,UM,projected,LM,projected - cut from 10.8% to the LM p90 cap of 7.47%
Zimbabwe,ZWE,2044,10451.857529,UM,projected,LM,projected - cut from 10.8% to the LM p90 cap of 7.47%
Zimbabwe,ZWE,2045,11232.412701,UM,projected,LM,projected - cut from 10.8% to the LM p90 cap of 7.47%
Zimbabwe,ZWE,2046,12071.260514,UM,projected,LM,projected - cut from 10.8% to the LM p90 cap of 7.47%
Zimbabwe,ZWE,2047,12972.75432,UM,projected,LM,projected - cut from 10.8% to the LM p90 cap of 7.47%
Zimbabwe,ZWE,2048,13941.572586,UM,projected,LM,projected - cut from 10.8% to the LM p90 cap of 7.47%
Zimbabwe,ZWE,2049,14982.743168,UM,projected,LM,projected - cut from 10.8% to the LM p90 cap of 7.47%
Zimbabwe,ZWE,2050,16101.66941,UM,projected,LM,projected - cut from 10.8% to the LM p90 cap of 7.47%
