Economy,Code,2025 class,Growth rate,Starting level,Level year,Status,1987,1988,1989,1990,1991,1992,1993,1994,1995,1996,1997,1998,1999,2000,2001,2002,2003,2004,2005,2006,2007,2008,2009,2010,2011,2012,2013,2014,2015,2016,2017,2018,2019,2020,2021,2022,2023,2024,2025,2026,2027,2028,2029,2030,2031,2032,2033,2034,2035,2036,2037,2038,2039,2040,2041,2042,2043,2044,2045,2046,2047,2048,2049,2050
Afghanistan,AFG,L,0.01244,390,2024,projected - raised from -2.6% to the 1.244% floor,,,,,,,,,,,,,,,,180,190,210,250,270,330,370,460,530,550,640,670,640,590,560,530,520,520,490,380,370,370,390,,394.8516,399.763554,404.736613,409.771536,414.869094,420.030065,425.255239,430.545415,435.9014,441.324013,446.814084,452.372451,457.999964,463.697484,469.46588,475.306036,481.218843,487.205205,493.266038,499.402268,505.614832,511.90468,518.272775,524.720088,531.247606
Albania,ALB,UM,0.090712,12060,2025,projected - cut from 12.2% to the UM p90 cap of 9.07%,730,730,760,650,410,280,320,380,670,940,860,870,960,1130,1320,1420,1700,2170,2690,3130,3580,4160,4390,4430,4460,4430,4690,4750,4660,4670,4700,5400,5900,5970,6940,7720,8740,9910,12060,13153.98672,14347.211163,15648.675382,17068.198024,18616.488403,20305.227299,22147.155078,24156.167809,26347.422103,28737.449457,31344.280972,34187.583388,37288.807452,40671.349754,44360.729232,48384.779703,52773.859839,57561.082213,62782.563102,68477.694966,74689.443632,81464.672443,88854.49581,96914.664834,105705.98791
Algeria,DZA,UM,0.015809,5850,2025,projected,2850,2780,2590,2400,2010,1930,1750,1640,1570,1530,1510,1550,1540,1600,1720,1840,2090,2440,2910,3310,3780,4430,4570,4870,5050,5630,5970,6030,5390,4920,4440,4450,4480,4020,4120,4430,4950,5370,5850,5942.480295,6036.422574,6131.849949,6228.785896,6327.254265,6427.279281,6528.885552,6632.098075,6736.942244,6843.443852,6951.629101,7061.524607,7173.157407,7286.554965,7401.74518,7518.75639,7637.617383,7758.357402,7881.006151,8005.593805,8132.151015,8260.708917,8391.299139,8523.953809,8658.705563
American Samoa,ASM,H,,,,frozen - only 0 of 10 annual rates,,,,,,,,,,,,,,,,,,,,,,,,,,,,,,,,,,,,,,,,,,,,,,,,,,,,,,,,,,,,,,,,
Andorra,AND,H,,,,frozen - only 6 of 10 annual rates,,,,,,,,,,,,,,,,,,,,,,,,,,,,,,,,,46450,42450,44720,47600,47920,47740,53230,,,,,,,,,,,,,,,,,,,,,,,,,
Angola,AGO,LM,0.01244,2860,2025,projected - raised from -0.8% to the 1.244% floor,680,660,870,790,920,340,290,190,370,370,450,420,340,360,400,620,780,1190,1590,2090,2800,3450,3680,3780,3960,4750,5330,5430,4450,2960,2440,2300,2460,2000,1960,2290,2650,2850,2860,2895.5784,2931.599395,2968.068492,3004.991264,3042.373355,3080.22048,3118.538422,3157.33304,3196.610263,3236.376095,3276.636614,3317.397973,3358.666404,3400.448214,3442.74979,3485.577597,3528.938183,3572.838174,3617.28428,3662.283297,3707.842101,3753.967657,3800.667014,3847.947312,3895.815777
Antigua and Barbuda,ATG,H,0.065642,23790,2025,projected,4840,6050,6550,7040,7550,7850,8410,9000,8730,9380,9850,10130,10590,11200,10610,10710,11680,12850,14050,15740,17310,17750,15750,14390,14100,14530,14500,14830,14550,15080,15860,17460,18250,15460,16690,18730,20250,21200,23790,25351.626667,27015.761861,28789.134461,30678.915046,32692.744884,34838.766836,37125.658276,39562.666178,42159.644511,44927.094076,47876.204971,51018.901835,54367.892068,57936.717209,61739.807693,65792.541199,70111.304833,74713.561382,79617.91993,84844.211101,90413.567243,96348.507877,102673.030755,109412.70889,116594.793965
Argentina,ARG,UM,0.062354,14650,2025,projected,3490,3860,2910,3180,3850,6040,7080,7570,7310,7680,8080,7960,7510,7400,6930,4010,3620,3340,4230,5440,6460,7600,7720,9160,10590,11770,12760,12240,12500,12130,13070,12390,11210,9040,10070,11890,12920,13530,14650,15563.481993,16533.922985,17564.874584,18660.109849,19823.637107,21059.714617,22372.866158,23767.897582,25249.914404,26824.340488,28496.937894,30273.82797,32161.513752,34166.903763,36297.337301,38560.611295,40965.008841,43519.329517,46232.921588,49115.716219,52178.263818,55431.772651,58888.149862,62560.045048,66460.896558
Armenia,ARM,UM,0.090712,9020,2025,projected - cut from 9.2% to the UM p90 cap of 9.07%,,,,,,300,350,390,460,500,540,570,600,630,680,760,910,1120,1460,1910,2600,3390,3140,3280,3360,3700,3940,4000,3910,3690,3900,4220,4650,4230,4580,5690,6850,7810,9020,9838.22224,10730.667056,11704.067326,12765.766681,13923.774908,15186.828378,16564.455954,18067.050882,19705.949202,21493.515266,23443.235022,25569.817758,27889.307066,30419.201889,33178.58853,36188.284653,39470.996331,43051.48935,46956.776052,51216.319121,55862.253861,60929.630633,66456.679287,72485.097579,79060.36575
Aruba,ABW,H,0.050729,35200,2024,projected,,10670,11870,12120,12940,13840,14380,15460,16340,16410,17050,17390,17750,20060,20340,19220,21020,23610,19720,23920,22600,26780,24340,23050,23100,23970,24830,25260,25430,25560,26460,27970,29320,22750,26550,30160,31690,35200,,36985.676393,38861.939154,40833.38368,42904.838489,45081.377046,47368.330192,49771.299197,52296.169481,54949.125028,57736.663533,60665.612313,63743.145033,66976.799274,70374.494993,73944.553923,77695.719954,81637.180549,85778.589244,90130.089295,94702.33852,99506.535401,104554.446514,109858.435346,115431.492576,121287.267896
Australia,AUS,H,0.026767,64120,2025,projected,12580,14160,15620,17370,18260,18600,18980,18950,19400,20620,22090,21960,21650,21340,20370,20240,21420,25890,30790,34670,37470,42510,44230,46900,50570,60500,66360,65500,60780,54330,51700,53280,55090,53770,57220,60790,63320,62680,64120,65836.324527,67598.590568,69408.027857,71265.899045,73173.500581,75132.163616,77143.254932,79208.177897,81328.373444,83505.321075,85740.539894,88035.589669,90392.071918,92811.631027,95295.955399,97846.77863,100465.880721,103155.089318,105916.280988,108751.38253,111662.372317,114651.28168,117720.196321,120871.257773,124106.66489
Austria,AUT,H,0.018751,60360,2025,projected,13760,18000,19220,20550,21720,24430,24770,26040,28080,29930,29410,27810,26980,26660,25190,24860,27950,33610,38510,41170,44230,48890,48900,49460,50380,49760,50260,49960,47190,45980,44800,48710,50900,49000,53440,56310,55890,54760,60360,61491.787919,62644.797573,63819.426883,65016.08123,66235.173597,67477.124713,68742.363192,70031.325687,71344.457039,72682.210428,74045.047534,75433.438692,76847.863057,78288.808767,79756.773114,81252.262715,82775.793685,84327.891818,85909.092766,87519.942226,89160.996124,90832.820815,92535.993268,94271.101275,96038.743647
Azerbaijan,AZE,UM,0.049353,7360,2025,projected,,,,,,160,110,80,180,240,410,510,600,630,680,740,840,960,1290,1920,2740,3900,4820,5400,5490,6440,7450,7740,6610,4790,4110,4080,4510,4480,4910,5670,6680,7340,7360,7723.241534,8104.410297,8504.391062,8924.112264,9364.548165,9826.721104,10311.703882,10820.622243,11354.65749,11915.049229,12503.098245,13120.16952,13767.695402,14447.178934,15160.197335,15908.405668,16693.540678,17517.424825,18381.970512,19289.184529,20241.172704,21240.144799,22288.419632,23388.430465,24542.730649
"Bahamas, The",BHS,H,0.041136,37020,2024,projected,10030,10880,11540,11020,10530,10750,10530,10790,13250,14770,13460,16180,22250,23880,24520,25220,25900,27470,28880,29230,29690,29660,27920,27320,26990,27910,26870,27220,27620,27820,29570,30650,31630,25180,29910,33790,35180,37020,,38542.870672,40128.386808,41779.125419,43497.769524,45287.112515,47150.062689,49089.647985,51109.020897,53211.463603,55400.393298,57679.367749,60052.091075,62522.419769,65094.36897,67772.11898,70560.02207,73462.609542,76484.599102,79630.902528,82906.633647,86317.116653,89867.894758,93564.7392,97413.658629,101420.908865
Bahrain,BHR,H,0.013831,28790,2025,projected,8630,8730,8530,9880,11240,11380,11590,11180,11920,12380,11890,11650,11570,12500,12730,12480,13180,14680,16550,17850,19600,21070,18940,19510,20040,24670,25970,25480,23640,22720,22360,24200,25800,23870,25240,28300,28460,28170,28790,29188.20802,29591.923843,30001.223648,30416.184672,30836.885217,31263.404668,31695.823511,32134.223342,32578.686887,33029.298016,33486.141759,33949.304323,34418.873106,34894.936716,35377.584985,35866.908989,36363.001063,36865.95482,37375.865167,37892.828323,38416.94184,38948.304617,39487.016922,40033.180411,40586.898143
Bangladesh,BGD,LM,0.074681,2840,2025,projected - cut from 9.8% to the LM p90 cap of 7.47%,250,270,280,290,300,300,300,300,320,350,370,390,400,410,420,420,440,490,530,550,580,640,700,780,870,950,1010,1080,1200,1400,1640,2020,2220,2320,2600,2850,2880,2820,2840,3052.09404,3280.027475,3524.983207,3788.232478,4071.141467,4375.178383,4701.92108,5053.065248,5430.433214,5835.983397,6271.820473,6740.206298,7243.571644,7784.528818,8365.885215,8990.657889,9662.089211,10383.663695,11159.126083,11992.500778,12888.112729,13850.609876,14884.987272,15996.613006,17191.256062
Barbados,BRB,H,0.026987,27080,2025,projected,6710,7460,7920,7670,7640,7540,7770,8110,8470,8850,9250,9670,10110,11170,11030,11030,11660,12660,13610,14630,15950,16600,16150,16220,17150,19080,19410,19620,19280,19300,19570,20240,20800,18290,20700,24760,24710,25360,27080,27810.796096,28561.313867,29332.085532,30123.657674,30936.591626,31771.463871,32628.866448,33509.407372,34413.711068,35342.418813,36296.189186,37275.698542,38281.641488,39314.731376,40375.700808,41465.302158,42584.308101,43733.512168,44913.729301,46125.796437,47370.573098,48648.942002,49961.809687,51310.107157,52694.79054
Belarus,BLR,UM,0.072292,9160,2025,projected,,,,,,1680,1610,1450,1360,1440,1520,1540,1410,1380,1300,1380,1630,2170,2820,3510,4310,5470,5660,6150,6350,6630,7030,7620,6740,5640,5320,5730,6370,6410,7040,7210,7850,8380,9160,9822.192855,10532.256821,11293.652586,12110.091019,12985.551253,13924.30008,14930.912746,16010.29525,17167.708254,18408.792723,19739.597418,21166.608375,22696.780517,24337.571553,26096.978319,27983.575762,30006.558723,32175.786755,34501.83218,36996.031606,39670.541189,42538.395875,45613.572927,48911.060053,52446.928447
Belgium,BEL,H,0.033679,59500,2025,projected,13090,17010,18030,19310,20580,23170,23410,25090,27070,28550,28450,26530,25980,25890,24460,24060,27100,32910,37780,39940,42740,46570,47120,47110,46720,47170,47950,48050,45520,43240,42310,45980,48070,46330,51140,54330,55520,55290,59500,61503.892459,63575.27374,65716.416792,67929.671112,70217.465325,72582.309849,75026.799653,77553.617099,80165.534888,82865.419103,85656.232353,88541.037026,91522.998646,94605.389348,97791.59147,101085.101263,104489.532726,108008.621577,111646.229346,115406.347615,119293.102399,123310.758672,127463.725048,131756.558617,136193.969948
Belize,BLZ,UM,0.032319,7530,2025,projected,2200,2550,2830,3080,3320,3690,3830,3800,3890,3910,3950,3860,4060,4470,4470,4550,4820,5000,5050,5160,5210,5170,5280,5060,5160,5330,5580,5670,5790,5640,5490,5610,5850,5170,6120,6710,6850,7150,7530,7773.364601,8024.594584,8283.944153,8551.675728,8828.06021,9113.377255,9407.915557,9711.973142,10025.857666,10349.886729,10684.388197,11029.70053,11386.173128,11754.166684,12134.053547,12526.218102,12931.057155,13348.980337,13780.410519,14225.784238,14685.552139,15160.179434,15650.146369,16155.948709,16678.098245
Benin,BEN,LM,0.03671,1600,2025,projected,290,340,320,350,360,350,360,310,340,330,360,350,390,450,510,510,570,690,780,810,870,970,1020,1020,1030,1050,1140,1180,1100,1040,1020,1120,1170,1190,1280,1360,1390,1430,1600,1658.735868,1719.627926,1782.755326,1848.200127,1916.047402,1986.385344,2059.305387,2134.902318,2213.274407,2294.523528,2378.755299,2466.07921,2556.608775,2650.461673,2747.759903,2848.629943,2953.202914,3061.61475,3174.006376,3290.523889,3411.318751,3536.547981,3666.374367,3800.966669,3940.499843
Bermuda,BMU,H,0.032611,139370,2024,projected,,,,,,,,,,,,,,,,,,,,,,,,105750,102930,101910,104040,102450,103940,105430,113460,117160,116920,110850,120460,131560,133460,139370,,143914.940948,148608.095201,153454.296085,158458.534543,163625.964279,168961.907059,174471.858197,180161.492212,186036.668672,192103.43823,198368.048855,204836.952264,211516.81057,218414.503141,225537.133685,232892.037569,240486.789367,248329.210667,256427.378122,264789.631771,273424.583627,282341.126544,291548.44338,301056.01645,310873.637294
Bhutan,BTN,LM,0.057642,4310,2025,projected,430,480,500,500,430,420,400,430,450,500,550,520,550,710,780,860,960,1090,1260,1390,1700,1850,1980,2180,2430,2620,2630,2670,2740,2880,2960,3150,3370,3040,3300,3600,3730,3910,4310,4558.437192,4821.19481,5099.098313,5393.020742,5703.885458,6032.669051,6380.404401,6748.183925,7137.163012,7548.563647,7983.678254,8443.873754,8930.595861,9445.373624,9989.824226,10565.658072,11174.684156,11818.815746,12500.076394,13220.606295,13982.66901,14788.658575,15641.107021,16542.692336,17496.246867
Bolivia,BOL,LM,0.056313,4420,2025,projected,690,690,690,690,710,740,760,790,820,870,930,960,950,960,930,900,890,940,1000,1090,1210,1460,1600,1760,1970,2220,2550,2800,2920,3000,3250,3730,4170,3620,3990,4190,4230,4160,4420,4668.901942,4931.820214,5209.544113,5502.907382,5812.790715,6140.124403,6485.89112,6851.12888,7236.934148,7644.465136,8074.945277,8529.666897,9009.995101,9517.371861,10053.320355,10619.449532,11217.458947,11849.143861,12516.400631,13221.232402,13965.755123,14752.203896,15582.939689,16460.456421,17387.388451
Bosnia and Herzegovina,BIH,UM,0.077175,9940,2025,projected,,,,,,1140,980,580,510,640,900,1230,1270,1340,1430,1590,1860,2360,2810,3160,3680,4500,4790,4820,4900,4900,5170,5180,5140,5070,5070,5720,6180,6160,6970,7710,8280,8810,9940,10707.117221,11533.436538,12423.526859,13382.309696,14415.086379,15527.567366,16725.903818,18016.721611,19407.157971,20904.900938,22518.231876,24256.071259,26128.027998,28144.452569,30316.494244,32656.162737,35176.39461,37891.1248,40815.36367,43965.280004,47358.29041,51013.155615,54950.084206,59190.844357,63758.884201
Botswana,BWA,UM,0.029177,7390,2025,projected,1290,1930,2270,2680,3030,3230,3280,2900,3200,3120,3260,3150,3090,3110,3190,2860,3300,3830,4830,5400,5620,5470,4890,5370,6500,6680,6950,6990,6140,6060,6210,6680,7100,6600,7440,7690,8150,7610,7390,7605.620342,7827.531907,8055.918254,8290.968302,8532.876478,8781.842885,9038.073463,9301.78016,9573.18111,9852.500811,10139.97031,10435.827396,10740.316798,11053.690381,11376.207364,11708.134526,12049.74643,12401.325652,12763.163011,13135.557812,13518.818092,13913.260878,14319.212444,14737.008585,15166.994896
Brazil,BRA,UM,0.028402,10550,2025,projected,2030,2300,2630,2470,2510,2330,2310,2620,3440,4420,5110,4980,4230,3950,3370,3120,3010,3370,4030,4890,6240,7680,8400,9750,11210,12460,12950,12280,10330,9050,8830,9320,9410,8080,8060,8440,9310,9930,10550,10849.636112,11157.782347,11474.680405,11800.578852,12135.733313,12480.406673,12834.869282,13199.399171,13574.282265,13959.812611,14356.292609,14764.033243,15183.354335,15614.584785,16058.062839,16514.136347,16983.16304,17465.510806,17961.557986,18471.693663,18996.317973,19535.842414,20090.690173,20661.296456,21248.108829
British Virgin Islands,VGB,H,,,,frozen - only 0 of 10 annual rates,,,,,,,,,,,,,,,,,,,,,,,,,,,,,,,,,,,,,,,,,,,,,,,,,,,,,,,,,,,,,,,,
Brunei Darussalam,BRN,H,0.01244,34790,2025,projected - raised from -1.9% to the 1.244% floor,,,20550,21430,23400,23920,23250,23220,24460,25200,26590,21000,19960,19390,19270,18960,19840,22190,25670,30720,33470,36700,35470,35370,36520,41690,44580,42370,38180,32570,29230,28790,31550,30810,29890,30970,34390,36020,34790,35222.7876,35660.959078,36104.581409,36553.722401,37008.450708,37468.835835,37934.948153,38406.858908,38884.640232,39368.365157,39858.10762,40353.942478,40855.945523,41364.193485,41878.764052,42399.735877,42927.188591,43461.202817,44001.86018,44549.243321,45103.435908,45664.52265,46232.589312,46807.722723,47390.010794
Bulgaria,BGR,H,0.071689,17780,2025,projected - cut from 10.2% to the H p90 cap of 7.17%,2750,3140,2850,2260,1340,1150,1030,1170,1520,1590,1460,1440,1480,1660,1770,1970,2370,3060,3800,4300,4820,6080,6680,6960,7210,7400,7580,7780,7530,7490,7730,8860,9920,10090,11720,13100,14240,15370,17780,19054.63042,20420.63782,21884.572925,23453.456073,25134.810886,26936.700343,28867.765454,30937.266692,33155.128404,35531.986404,38079.238977,40809.10154,43734.665221,46869.959636,50230.020172,53830.960088,57690.047786,61825.789621,66258.018654,71007.989753,76098.48153,81553.905573,87400.423509,93666.07247,100380.899539
Burkina Faso,BFA,L,0.025894,980,2025,projected,260,310,320,320,340,360,350,270,250,240,250,240,260,260,270,260,310,370,440,470,490,550,590,630,660,710,750,730,680,650,650,730,750,780,820,840,840,850,980,1005.375877,1031.408831,1058.115875,1085.514465,1113.622508,1142.458373,1172.040907,1202.389444,1233.523818,1265.464378,1298.231999,1331.848096,1366.334641,1401.714171,1438.00981,1475.24528,1513.444915,1552.633683,1592.837194,1634.081726,1676.394233,1719.80237,1764.334506,1810.019746,1856.887949
Burundi,BDI,L,0.01244,240,2025,projected - raised from 0.0% to the 1.244% floor,250,240,220,210,210,200,180,170,150,140,150,150,140,130,130,130,120,120,130,150,160,180,190,200,220,230,240,240,240,240,240,250,250,240,250,280,280,250,240,242.9856,246.008341,249.068685,252.167099,255.304058,258.48004,261.695532,264.951024,268.247015,271.584008,274.962513,278.383047,281.846132,285.352298,288.90208,292.496022,296.134673,299.818588,303.548331,307.324472,311.147589,315.018265,318.937092,322.90467,326.921604
Cabo Verde,CPV,UM,0.068127,5590,2025,projected,580,750,810,810,820,940,1080,1190,1300,1250,1260,1240,1290,1330,1270,1230,1440,1810,2070,2200,2770,3360,3650,3600,3760,3730,3840,3750,3620,3580,3620,4040,4420,3510,3870,4550,4740,4940,5590,5970.828529,6377.601668,6812.086938,7276.172278,7771.874243,8301.346772,8866.890543,9470.962973,10116.188894,10805.371959,11541.506827,12327.79217,13167.644578,14064.7134,15022.896605,16046.357717,17139.543907,18307.20532,19554.415708,20886.594487,22309.530275,23829.406053,25452.826027,27186.844327,29038.995657
Cambodia,KHM,LM,0.074593,2750,2025,projected,160,190,170,170,170,210,290,210,260,320,310,280,290,290,310,320,370,430,510,580,670,780,840,910,990,1110,1230,1330,1430,1550,1690,1920,2100,2050,2120,2270,2390,2550,2750,2955.130873,3175.563083,3412.438002,3666.982142,3940.513506,4234.448406,4550.308805,4889.730194,5254.470057,5646.416977,6067.600411,6520.201201,7006.562861,7529.203718,8090.829948,8694.349588,9342.887596,10039.802029,10788.701431,11593.46352,12458.255263,13387.554456,14386.172905,15459.281344,16612.436209
Cameroon,CMR,LM,0.019182,1860,2025,projected,1150,1230,1120,1000,930,960,990,890,870,770,790,770,760,730,700,700,820,1030,1140,1200,1250,1360,1460,1450,1470,1470,1530,1570,1530,1470,1410,1520,1560,1540,1610,1660,1680,1690,1860,1895.678503,1932.041392,1969.101793,2006.873086,2045.368907,2084.603156,2124.589995,2165.343861,2206.879468,2249.21181,2292.356171,2336.328127,2381.143552,2426.818627,2473.36984,2520.813999,2569.16823,2618.449992,2668.677077,2719.867617,2772.040093,2825.213342,2879.406559,2934.63931,2990.931535
Canada,CAN,H,0.02861,56420,2025,projected,16320,18620,19860,20650,20990,21420,21270,20890,20850,20820,21330,20900,21450,22740,23120,23590,25480,29530,34310,37900,41540,44930,43230,44490,47190,51080,52800,52200,47580,43900,42900,45060,46580,43900,49080,54070,55340,54110,56420,58034.200791,59694.584571,61402.472655,63159.22416,64966.237092,66824.949452,68736.840383,70703.431346,72726.287334,74807.018113,76947.279507,79148.774712,81413.255655,83742.524385,86138.434508,88602.892664,91137.860042,93745.353941,96427.449378,99186.280734,102024.043457,104942.995809,107945.46066,111033.827339,114210.553535
Cayman Islands,CYM,H,0.071689,81920,2024,projected - cut from 8.5% to the H p90 cap of 7.17%,,,,,,,,,,,,,,,,,,,,,,,,73550,73950,51150,44990,43420,44430,47830,51890,57880,64520,62420,76260,73960,73970,81920,,87792.76288,94086.538258,100831.508099,108060.018083,115806.73272,124108.801582,133006.037458,142541.107278,152759.736717,163710.929483,175447.202307,188024.836793,201504.149318,215949.780278,231431.004076,248022.061328,265802.514882,284857.631371,305278.790107,327163.921291,350617.975644,375753.4277,402690.815179,431559.317028,462497.372906
Central African Republic,CAF,L,0.033229,560,2025,projected,410,480,480,470,460,460,430,360,340,290,290,270,260,240,240,240,250,290,320,330,360,390,460,500,510,540,360,380,390,400,420,470,500,490,510,520,530,510,560,578.608059,597.834438,617.699685,638.225028,659.432401,681.344466,703.984641,727.377119,751.546897,776.519806,802.322531,828.982646,856.528642,884.989955,914.396999,944.781201,976.17503,1008.612034,1042.126876,1076.755372,1112.534528,1149.502577,1187.699026,1227.164692,1267.941751
Chad,TCD,L,0.01244,970,2025,projected - raised from 1.1% to the 1.244% floor,210,270,270,270,290,320,240,220,200,200,210,210,190,180,180,190,210,330,510,630,820,910,1020,1150,1190,1310,1310,1260,1130,940,830,890,930,890,890,920,910,930,970,982.0668,994.283711,1006.6526,1019.175359,1031.8539,1044.690163,1057.686108,1070.843723,1084.165019,1097.652032,1111.306824,1125.13148,1139.128116,1153.29887,1167.645908,1182.171423,1196.877635,1211.766793,1226.841172,1242.103076,1257.554838,1273.198821,1289.037414,1305.073039,1321.308148
Channel Islands,CHI,H,,,,frozen - only 0 of 10 annual rates,,,,,,,,,,,,,,,,,,,,,,,,,,,,,,,,,,,,,,,,,,,,,,,,,,,,,,,,,,,,,,,,
Chile,CHL,H,0.025797,16960,2025,projected,1670,1940,2200,2340,2600,3120,3450,3740,4430,5070,5580,5470,5100,5030,4780,4520,4570,5200,6200,7350,8700,9950,9880,10720,11860,14170,15080,14690,14080,13310,13200,14460,14700,12960,14790,15430,15970,15840,16960,17397.519409,17846.325565,18306.709635,18778.970294,19263.413925,19760.354814,20270.115354,20793.026256,21329.42676,21879.664861,22444.097529,23023.090942,23617.020726,24226.272197,24851.240611,25492.331419,26149.960533,26824.554595,27516.55125,28226.399436,28954.559672,29701.504356,30467.718072,31253.697908,32059.953771
China,CHN,UM,0.05013,14230,2025,projected,320,330,320,330,360,400,420,470,540,660,760,800,860,950,1020,1130,1300,1530,1790,2090,2550,3140,3740,4410,5130,6010,6860,7600,8040,8360,8830,9720,10510,10740,12220,13170,13750,13660,14230,14943.346907,15692.453745,16479.113151,17305.207627,18172.714046,19083.708379,20040.370666,21044.990233,22099.971168,23207.838074,24371.242116,25592.967357,26875.937428,28223.222519,29638.046728,31123.795778,32684.025114,34322.468419,36043.046542,37849.876885,39747.283253,41739.806203,43832.213909,46029.513574,48336.963409
Colombia,COL,UM,0.041857,7900,2025,projected,1270,1330,1280,1350,1400,1600,1770,2080,2390,2580,2700,2600,2370,2370,2360,2410,2410,2650,3030,3540,4170,4770,5200,5690,6370,7340,8010,8280,7420,6560,6030,6350,6630,5850,6310,6560,6760,7090,7900,8230.670851,8575.182615,8934.114632,9308.070492,9697.679048,10103.595476,10526.502377,10967.110921,11426.162048,11904.42771,12402.712172,12921.85336,13462.724278,14026.234467,14613.331542,15225.00278,15862.276783,16526.225209,17217.964571,17938.658115,18689.51778,19471.806229,20286.838981,21135.986616,22020.677082
Comoros,COM,LM,0.026001,1950,2025,projected,680,830,830,880,840,960,970,810,810,770,780,720,700,670,680,700,810,980,1140,1140,1190,1340,1440,1450,1490,1510,1590,1590,1480,1410,1380,1490,1530,1530,1590,1630,1670,1730,1950,2000.702799,2052.723943,2106.097711,2160.859274,2217.044716,2274.691061,2333.836293,2394.519386,2456.780326,2520.660141,2586.200922,2653.445857,2722.439258,2793.226586,2865.854485,2940.370815,3016.824676,3095.266447,3175.747817,3258.321818,3343.042861,3429.966773,3519.150832,3610.653804,3704.535985
"Congo, Dem. Rep.",COD,L,0.044466,720,2025,projected,240,250,240,230,190,200,200,150,140,120,110,110,100,130,130,180,160,180,190,220,260,300,300,320,320,370,420,450,460,460,440,460,460,480,530,610,680,680,720,752.01581,785.455248,820.381618,856.861038,894.962566,934.758333,976.323674,1019.737276,1065.081324,1112.44166,1161.907939,1213.573806,1267.537068,1323.899883,1382.768949,1444.25571,1508.476567,1575.553094,1645.612273,1718.786732,1795.214996,1875.041749,1958.418112,2045.501921,2136.458034
"Congo, Rep.",COG,LM,0.013671,2280,2025,projected,1050,920,940,920,950,1050,900,750,470,460,590,580,490,560,620,670,690,760,1100,1560,1650,2090,2410,2640,2580,3330,3560,3800,3080,2260,1740,2070,2180,2230,2040,2170,2310,2270,2280,2311.168815,2342.763725,2374.790554,2407.255207,2440.163669,2473.522007,2507.336372,2541.612996,2576.358201,2611.578391,2647.28006,2683.469789,2720.154252,2757.340211,2795.034521,2833.244133,2871.976091,2911.237535,2951.035704,2991.377935,3032.271666,3073.724436,3115.743888,3158.337768,3201.513928
Costa Rica,CRI,H,0.051472,17930,2025,projected,1590,1650,1660,1740,1950,2350,2740,2990,3190,3250,3360,3420,3480,3590,3700,3790,4050,4400,4670,5090,5710,6440,6570,7290,8130,9330,9990,10410,10770,11170,11580,12100,12310,11780,12750,13490,14330,15710,17930,18852.894971,19823.293296,20843.640071,21916.506251,23044.595119,24230.749104,25477.956939,26789.361196,28168.266201,29618.146358,31142.654909,32745.633136,34431.120037,36203.36251,38066.826045,40026.205985,42086.439349,44252.717276,46530.498103,48925.52112,51443.821031,54091.743157,56875.959427,59803.48519,62881.696888
Croatia,HRV,H,0.071689,25360,2025,projected - cut from 7.4% to the H p90 cap of 7.17%,,,,,,,,,,,,,5250,5310,5360,5660,6700,8570,10210,11240,12520,14030,13970,13900,14020,13540,13940,13820,13570,13090,13350,14670,15770,15060,17390,19370,20800,22230,25360,27178.03304,29126.399051,31214.441472,33452.173567,35850.326438,38420.40049,41174.72058,44126.495124,47289.879433,50680.0436,54313.245245,58206.907484,62379.702474,66851.640965,71644.168254,76780.267032,82284.567595,88183.465962,94505.250453,101280.237353,108540.916288,116322.106036,124661.121496,133597.952635,143175.456261
Cuba,CUB,UM,,,,frozen - only 4 of 10 annual rates,2470,2770,2740,2640,2330,2120,1870,2130,2540,2700,2500,2240,2400,2620,2760,2830,3100,3490,3960,4410,4740,5030,5080,5170,5590,6090,6640,6850,7270,7530,8010,8710,9010,,,,,,,,,,,,,,,,,,,,,,,,,,,,,,,
Curaçao,CUW,H,0.032364,22570,2024,projected,,,,,,,,,,,,,,,,,,,17910,17930,18390,19020,19100,19540,19420,19330,19020,18980,18780,18260,18230,18820,19140,16190,17950,20480,21400,22570,,23300.460779,24054.562362,24833.069866,25636.773169,26466.487715,27323.055337,28207.345115,29120.254255,30062.709,31035.665572,32040.111139,33077.064819,34147.57871,35252.738965,36393.666885,37571.520064,38787.493561,40042.821109,41338.776372,42676.674236,44057.872141,45483.771459,46955.818917,48475.508064,50044.380788
Cyprus,CYP,H,0.030796,36110,2025,projected,6300,7910,8570,9300,9460,11020,10970,11680,12810,13880,14280,15490,14340,14180,14170,14510,16710,20260,23990,25600,27340,32010,32860,32210,32680,29760,27820,26350,25650,24400,24600,27120,28380,26780,29560,31900,32380,32870,36110,37222.061164,38368.369906,39549.98093,40767.981424,42023.492054,43317.668002,44651.700024,46026.815546,47444.279796,48905.396966,50411.511412,51964.008894,53564.317845,55213.91069,56914.305201,58667.06589,60473.805452,62336.186246,64255.921827,66234.77852,68274.57705,70377.194209,72544.564591,74778.682368,77081.603126
Czechia,CZE,H,0.057969,32960,2025,projected,,,,,,3380,3530,4200,5170,6010,6200,6140,6150,6380,6380,6680,8130,10280,12480,13990,15830,18480,18790,19420,19600,19650,19600,19080,18340,17660,18350,20700,22440,22190,25500,27210,28540,29570,32960,34870.656791,36892.072362,39030.667284,41293.23432,43686.960006,46219.44747,48898.740589,51733.349533,54732.277799,57905.050805,61261.74615,64813.02562,68570.169054,72545.11017,76750.474473,81199.619355,85906.67652,90886.596876,96155.198016,101729.214463,107626.350826,113865.338026,120465.992802,127449.280644,134837.382393
Côte d'Ivoire,CIV,LM,0.041707,2780,2025,projected,800,900,810,760,740,760,720,660,670,510,630,710,680,610,550,530,580,710,850,850,880,1000,1080,1120,1020,1140,1240,1860,1880,1880,1870,2010,2120,2120,2300,2440,2510,2520,2780,2895.946701,3016.729243,3142.549316,3273.617023,3410.151229,3552.379929,3700.540624,3854.880724,4015.657955,4183.140794,4357.608914,4539.353654,4728.678503,4925.899608,5131.346302,5345.361653,5568.303037,5800.542738,6042.468563,6294.484496,6557.011371,6830.487571,7115.369765,7412.133668,7721.274836
Denmark,DNK,H,0.018987,77190,2025,projected,17740,22120,23060,24380,25540,28690,28550,30330,32530,34740,35090,33440,33050,32560,31430,30870,34800,42740,49750,53630,55870,60620,60300,61290,62050,61570,63400,63650,60350,57830,56600,61090,63020,62710,69810,72040,72080,72540,77190,78655.626987,80149.082222,81670.894087,83221.600997,84801.75159,86411.904922,88052.630661,89724.509295,91428.132332,93164.102511,94933.034015,96735.552691,98572.296267,100443.914579,102351.069805,104294.436692,106274.702802,108292.568749,110348.748451,112443.969382,114578.972829,116754.514151,118971.363054,121230.303854,123532.135761
Djibouti,DJI,LM,0.059313,3960,2025,projected,,,,,,,,,,,,,,,,,,,,,,,,,,,,,2280,2370,2450,2600,2780,2780,2990,3310,3500,3640,3960,4194.880079,4443.691635,4707.26099,4986.463473,5282.226335,5595.531824,5927.42045,6278.994435,6651.421382,7045.938144,7463.854939,7906.559696,8375.522667,8872.301309,9398.545459,9956.002807,10546.524707,11172.072322,11834.723138,12536.677861,13280.267731,14067.96226,14902.377433,15786.284399,16722.618674
Dominica,DMA,UM,0.052588,10690,2025,projected,2190,2580,2620,2840,3010,3260,3480,3570,3800,3970,4090,4260,4260,4290,4750,4720,5310,5640,5670,6070,6280,6880,7080,7250,7510,7530,7440,7670,7510,8000,8070,8880,9350,8230,8660,9740,9990,9930,10690,11252.164659,11843.892378,12466.737815,13122.337387,13812.413563,14538.779397,15303.343285,16108.113984,16955.205884,17846.844568,18785.37266,19773.255973,20813.089997,21907.606708,23059.681756,24272.342012,25548.773526,26892.329893,28306.541069,29795.122642,31361.985596,33011.246582,34747.238742,36574.523086,38497.900477
Dominican Republic,DOM,UM,0.052423,10620,2025,projected,940,920,910,870,1040,1350,1610,1740,1940,2150,2340,2420,2510,2650,2700,2850,2600,2520,3000,3590,4380,4700,4860,5260,5460,5700,5940,6230,6470,6750,6920,7600,7940,7080,8160,9150,9700,10310,10620,11176.732959,11762.651567,12379.285825,13028.245941,13711.226537,14430.011068,15186.476489,15982.598146,16820.454941,17702.234759,18630.240177,19606.894485,20634.748006,21716.48476,22854.92947,24053.054943,25313.989827,26641.026783,28037.631084,29507.449665,31054.320643,32682.283339,34395.588831,36198.711049,38096.358463
Ecuador,ECU,UM,0.017179,6890,2025,projected,1590,1470,1330,1340,1450,1570,1640,1790,1950,2060,2170,2150,1780,1500,1490,1650,2010,2410,2750,3000,3210,3770,3970,4290,4770,5320,5880,6190,5970,5750,5930,6120,6100,5410,6100,6550,6570,6400,6890,7008.362562,7128.758462,7251.22263,7375.790597,7502.498503,7631.38311,7762.481813,7895.832645,8031.474297,8169.446122,8309.788151,8452.5411,8597.746386,8745.446138,8895.683208,9048.501184,9203.944404,9362.057966,9522.887744,9686.480399,9852.883394,10022.145009,10194.31435,10369.44137,10547.576878
"Egypt, Arab Rep.",EGY,LM,0.01244,3260,2025,projected - raised from -3.8% to the 1.244% floor,840,810,760,730,710,720,720,780,880,970,1070,1140,1240,1330,1350,1250,1160,1120,1130,1230,1420,1710,1970,2200,2380,2630,2810,3000,3100,3200,2880,2710,2640,2960,3470,4040,3840,3510,3260,3300.5544,3341.613297,3383.182966,3425.269762,3467.880118,3511.020547,3554.697642,3598.918081,3643.688622,3689.016108,3734.907469,3781.369718,3828.409957,3876.035377,3924.253257,3973.070967,4022.49597,4072.53582,4123.198166,4174.490751,4226.421416,4278.998098,4332.228835,4386.121761,4440.685116
El Salvador,SLV,UM,0.047466,5410,2025,projected,820,860,850,880,910,1030,1130,1260,1450,1560,1660,1730,1790,1890,1940,1990,2120,2280,2430,2600,2730,2910,2870,2940,3120,3280,3420,3480,3520,3600,3700,3940,4130,3800,4380,4710,4930,5070,5410,5666.792358,5935.773683,6217.522541,6512.644957,6821.775725,7145.579768,7484.753571,7840.02668,8212.163267,8601.963778,9010.266655,9437.950133,9885.934138,10355.182259,10846.703824,11361.55607,11900.846416,12465.734847,13057.436407,13677.223816,14326.430203,15006.451975,15718.751825,16464.861869,17246.386952
Equatorial Guinea,GNQ,UM,0.01244,5890,2025,projected - raised from -3.9% to the 1.244% floor,190,220,200,230,230,330,320,230,220,310,760,610,710,660,760,1050,960,1370,3080,6420,9200,11310,9950,7920,9030,11430,12400,12620,9920,6970,6630,6270,5570,6140,5980,5210,6230,6050,5890,5963.2716,6037.454699,6112.560635,6188.600889,6265.587085,6343.530988,6422.444513,6502.339723,6583.228829,6665.124196,6748.038341,6831.983938,6916.973818,7003.020972,7090.138553,7178.339877,7267.638425,7358.047847,7449.581962,7542.254762,7636.080411,7731.073251,7827.247803,7924.618765,8023.201023
Eritrea,ERI,L,,,,frozen - only 0 of 10 annual rates,,,,,,,,310,300,310,330,330,320,310,320,310,310,350,410,440,450,440,520,550,650,,,,,,,,,,,,,,,,,,,,,,,,,,,,,,,,,,,,,,,
Estonia,EST,H,0.042816,32310,2025,projected,,,,,,,,,3020,3370,3640,3820,3840,4170,4310,4620,5730,7500,9730,11500,13430,15190,14570,14580,15900,16910,18370,19210,18900,18640,19140,21600,23490,23580,26490,27580,27650,28880,32310,33693.388711,35136.008753,36640.396182,38209.195638,39845.164994,41551.180204,43330.240359,45185.47296,47120.139416,49137.640775,51241.523706,53435.486733,55723.386736,58109.245731,60597.257942,63191.797172,65897.424495,68718.896272,71661.172511,74729.425592,77929.049353,81265.668576,84745.148876,88373.607007,92157.421623
Eswatini,SWZ,LM,0.017842,3730,2025,projected,,,,1220,1260,1440,1450,1470,1740,1840,1870,1670,1670,1600,1620,1470,1600,2020,2880,3090,3250,3160,3120,3260,3620,4010,4120,3890,3540,3270,3290,3460,3680,3430,3620,3650,3750,3440,3730,3796.551692,3864.290817,3933.238562,4003.416492,4074.846556,4147.551096,4221.552849,4296.874963,4373.540994,4451.574922,4531.001153,4611.844528,4694.130334,4777.884305,4863.132638,4949.901996,5038.219516,5128.112822,5219.610029,5312.739755,5407.531127,5504.013792,5602.217929,5702.17425,5803.91402
Ethiopia,ETH,L,0.055948,1110,2025,projected - cut from 7.7% to the L p90 cap of 5.59%,290,280,260,260,250,230,220,170,150,150,150,130,130,120,120,120,110,130,160,180,210,270,330,370,380,400,450,530,570,620,670,730,790,820,880,960,1030,1100,1110,1172.10228,1237.679058,1306.924726,1380.044551,1457.255283,1538.785802,1624.87779,1715.786453,1811.781273,1913.146812,2020.18355,2133.208779,2252.557544,2378.583633,2511.66063,2652.183019,2800.567355,2957.253497,3122.705916,3297.415066,3481.898844,3676.704121,3882.408363,4099.621346,4328.986961
Faeroe Islands,FRO,H,0.01244,73120,2024,projected - raised from 0.9% to the 1.244% floor,,,,,,,,,,,,,,,,,,,,,,,,49050,53420,56500,59530,60440,57670,57410,57920,62900,66020,64210,70050,72970,73420,73120,,74029.6128,74950.541183,75882.925916,76826.909514,77782.636268,78750.252263,79729.905402,80721.745425,81725.923938,82742.594432,83771.912306,84814.034896,85869.12149,86937.333361,88018.833788,89113.78808,90222.363604,91344.729807,92481.058246,93631.522611,94796.298752,95975.564708,97169.500733,98378.289322,99602.115242
Fiji,FJI,UM,0.032937,6230,2025,projected,1700,1710,1690,1690,1690,1890,2000,2150,2390,2600,2520,2230,2280,2150,2050,2050,2270,2820,3320,3350,3510,3730,3620,3450,3570,3910,4460,4740,4820,5010,5120,5690,5570,4560,4380,5250,5670,5820,6230,6435.197864,6647.154341,6866.092041,7092.240905,7325.838446,7567.130003,7816.368994,8073.817184,8339.744959,8614.431612,8898.165635,9191.245022,9493.977582,9806.681261,10129.684478,10463.326471,10807.957649,11163.939964,11531.647289,11911.465811,12303.794437,12709.045213,13127.643757,13560.029705,14006.657173
Finland,FIN,H,0.012806,55250,2025,projected,16460,21520,24090,25980,25070,24150,20660,20150,22010,24940,26670,25810,26040,26470,25840,25610,28790,35370,40230,42830,46190,50160,48950,49750,50200,48820,49390,49210,46860,45160,44520,47900,49590,49630,52810,54120,52870,51710,55250,55957.545926,56674.15287,57399.936869,58135.015448,58879.507635,59633.533984,60397.216591,61170.679116,61954.046805,62747.446505,63551.006688,64364.857474,65189.130644,66023.959673,66869.479739,67725.827757,68593.14239,69471.564082,70361.235071,71262.299419,72174.903032,73099.193685,74035.321046,74983.436699,75943.694167
France,FRA,H,0.016692,48630,2025,projected,14350,18400,19360,20470,21270,23660,23460,24260,25660,27020,26890,25740,25340,24950,23800,23040,25900,31340,35870,37920,40200,43580,44090,44040,44610,43500,43950,43470,41130,39020,38120,40960,42720,39690,44300,46010,45770,45160,48630,49441.73668,50267.022948,51106.084974,51959.152705,52826.459926,53708.244323,54604.74755,55516.215296,56442.897351,57385.047672,58342.924458,59316.790216,60306.911836,61313.560662,62337.012568,63377.548033,64435.452216,65511.015039,66604.531261,67716.300562,68846.627624,69995.822215,71164.199274,72352.078995,73559.786921
French Polynesia,PYF,H,0.01244,24100,2024,projected - raised from 0.9% to the 1.244% floor,12330,14340,14790,15190,16110,21490,21190,21230,22180,22970,21960,20520,19810,19380,,,,,24320,25170,25940,27720,27530,26220,25270,24050,24290,23990,23060,22170,22220,23700,24530,22170,23460,24150,24370,24100,,24399.804,24703.337562,25010.647081,25321.779531,25636.782468,25955.704042,26278.593,26605.498697,26936.471101,27271.560801,27610.819018,27954.297606,28302.049069,28654.126559,29010.583893,29371.475557,29736.856713,30106.783211,30481.311594,30860.49911,31244.403719,31633.084101,32026.599667,32425.010567,32828.377699
Gabon,GAB,UM,0.026904,8090,2025,projected,3310,4010,4420,4650,4990,4940,4280,3990,3770,3960,4130,3810,3160,2980,3290,3460,3700,4110,5240,5450,6240,6920,7170,7420,7680,8610,8870,8880,7610,7180,6240,6690,7040,6820,7000,7150,7660,7870,8090,8307.653787,8531.163342,8760.686211,8996.384175,9238.423369,9486.974398,9742.212458,10004.317456,10273.47414,10549.87223,10833.706549,11125.177162,11424.489515,11731.854583,12047.489018,12371.615298,12704.461888,13046.263401,13397.260759,13757.701369,14127.839292,14507.935426,14898.257686,15299.081196,15710.688484
"Gambia, The",GMB,L,0.053202,930,2025,projected,290,270,270,280,360,470,630,620,620,630,620,600,580,560,510,410,360,430,480,600,650,750,820,830,710,710,680,600,590,590,620,680,720,720,760,830,870,880,930,979.477401,1031.587075,1086.469061,1144.270852,1205.147785,1269.263463,1336.790192,1407.909444,1482.812347,1561.700198,1644.785002,1732.290042,1824.450482,1921.513996,2023.741436,2131.407529,2244.801621,2364.228449,2490.008964,2622.481193,2762.001143,2908.943765,3063.703956,3226.697622,3398.362797
Georgia,GEO,UM,0.090712,8990,2025,projected - cut from 10.4% to the UM p90 cap of 9.07%,,,,1640,1330,750,540,510,550,670,820,870,840,790,780,840,990,1210,1520,1910,2380,2820,2950,3220,3580,4250,4680,4850,4500,4180,4130,4580,4780,4330,4760,5690,6710,7870,8990,9805.50088,10694.977476,11665.140273,12723.308477,13877.465236,15136.317862,16509.363528,18006.960912,19640.408351,21422.029073,23365.264174,25484.774018,27796.548839,30318.029377,33068.238458,36067.924505,39339.718072,42908.302578,46800.600522,51045.976596,55676.459225,60726.982194,66235.648203,72244.016323,78797.415532
Germany,DEU,H,0.018191,60200,2025,projected,14280,18670,19810,21360,22950,25890,26080,27630,29650,31020,30270,28070,27020,26380,24990,23920,26470,32080,36310,38890,41130,44360,44470,45530,48200,47480,48160,48610,46590,45340,44730,48770,50350,48540,52850,55200,55420,55090,60200,61295.112425,62410.146299,63545.464018,64701.434569,65878.433654,67076.843808,68297.054523,69539.462381,70804.471173,72092.492039,73403.943597,74739.25208,76098.851475,77483.183664,78892.698567,80327.854289,81789.117268,83276.962426,84791.873328,86334.342332,87904.870754,89503.969029,91132.156879,92789.963479,94477.927631
Ghana,GHA,LM,0.028697,2630,2025,projected,400,420,380,380,400,420,400,370,360,370,380,380,390,330,290,270,310,370,450,570,770,1120,1160,1200,1350,1490,1790,1830,1880,1760,1830,2060,2170,2120,2250,2270,2310,2260,2630,2705.472943,2783.111727,2862.978507,2945.137219,3029.653634,3116.595412,3206.032152,3298.035453,3392.678966,3490.038458,3590.19187,3693.219377,3799.203458,3908.228958,4020.383156,4135.755835,4254.439357,4376.528732,4502.121698,4631.318798,4764.223459,4900.942076,5041.584099,5186.262117,5335.09195
Gibraltar,GIB,H,,,,frozen - only 0 of 10 annual rates,,,,,,,,,,,,,,,,,,,,,,,,,,,,,,,,,,,,,,,,,,,,,,,,,,,,,,,,,,,,,,,,
Greece,GRC,H,0.028267,25360,2025,projected,6020,7450,8150,8810,9670,11000,10940,11390,12180,13130,13810,13540,13140,13100,12840,12980,15460,19280,22430,24160,25960,28330,29030,27320,24470,22750,22030,21670,19920,18500,17890,19060,19770,18030,20350,21980,22300,22730,25360,26076.842221,26813.94717,27571.887605,28351.252477,29152.647383,29976.695037,30824.035756,31695.327959,32591.248672,33512.494062,34459.779973,35433.842481,36435.438473,37465.346227,38524.366022,39613.320758,40733.056596,41884.443613,43068.376484,44285.775169,45537.585636,46824.78059,48148.360232,49509.353035,50908.816545
Greenland,GRL,H,,,,frozen - only 0 of 10 annual rates,11470,15170,16970,15690,16510,17440,16600,17830,19470,20780,20540,20440,19740,20290,19380,18760,20440,25740,30920,30240,34800,,,,,,,,,,,,,,,,,,,,,,,,,,,,,,,,,,,,,,,,,,,
Grenada,GRD,UM,0.063956,11660,2025,projected,2240,2490,2620,2730,2910,3010,2990,3100,3200,3380,3530,3840,4140,4410,4310,4450,5050,5110,6340,6120,6500,6910,6390,6610,6730,6700,7040,7170,7410,8000,8400,9220,9400,8390,8890,9980,10100,10790,11660,12405.724554,13199.142514,14043.304149,14941.454812,15897.047413,16913.755698,17995.488367,19146.404108,20370.927579,21673.76642,23059.929353,24534.745437,26103.884554,27773.379209,29549.647719,31439.518892,33450.258275,35589.596092,37865.756956,40287.491495,42864.109989,45605.518163,48522.255273,51625.53462,54927.28666
Guam,GUM,H,,,,frozen - only 0 of 10 annual rates,,,,,,,,,,,,,,,,,,,,,,,,,,,,,,,,,,,,,,,,,,,,,,,,,,,,,,,,,,,,,,,,
Guatemala,GTM,UM,0.057592,6360,2025,projected,1020,990,980,930,970,1030,1140,1230,1350,1430,1520,1600,1640,1660,1590,1590,1660,1830,1980,2130,2340,2570,2610,2690,2850,3090,3300,3460,3610,3760,3980,4270,4490,4360,4800,5220,5470,5780,6360,6726.283208,7113.661289,7523.349131,7956.631593,8414.867528,8899.494049,9412.031036,9954.085898,10527.358621,11133.647094,11774.85275,12452.986531,13170.175188,13928.667958,14730.843616,15579.217934,16476.45157,17425.358416,18428.91442,19490.26692,20612.744513,21799.867499,23055.358915,24383.156216,25787.423619
Guinea,GIN,LM,0.074681,1730,2025,projected - cut from 7.5% to the LM p90 cap of 7.47%,730,590,580,600,610,660,700,700,710,730,720,670,640,580,530,500,500,550,530,500,530,610,660,680,670,680,680,730,740,760,800,860,970,1030,1120,1280,1340,1440,1730,1859.19813,1998.044906,2147.260897,2307.620488,2479.955894,2665.16148,2864.198404,3078.099606,3307.975162,3555.018055,3820.510359,4105.829893,4412.457375,4741.984104,5096.120219,5476.703573,5885.709273,6325.259927,6797.636663,7305.290967,7850.857402,8437.167283,9067.263373,9744.415669,10472.138376
Guinea-Bissau,GNB,L,0.055642,1090,2025,projected,450,480,540,590,650,630,590,570,590,630,630,460,500,410,350,330,360,410,470,470,480,540,590,620,660,630,660,660,670,670,710,750,850,860,910,960,970,980,1090,1150.64928,1214.67318,1282.259468,1353.606362,1428.923106,1508.430591,1592.361994,1680.96347,1774.494869,1873.230499,1977.459932,2087.488851,2203.639948,2326.253872,2455.690224,2592.328613,2736.569773,2888.836734,3049.576063,3219.259177,3398.38372,3587.475029,3787.08767,3997.807066,4220.251214
Guyana,GUY,H,0.062377,28470,2025,projected,450,460,350,390,330,390,470,570,670,830,880,860,850,870,860,870,910,1010,1070,1450,2250,3820,4160,4520,4860,5350,5610,5640,5530,5610,5870,6100,6380,8090,7810,14680,17770,26400,28470,30245.886029,32132.547303,34136.893697,36266.26611,38528.463347,40931.77068,43484.990199,46197.473044,49079.153654,52140.586155,55392.983012,58848.256095,62519.060305,66418.839924,70561.877856,74963.347933,79639.370494,84607.071423,89884.644873,95491.419903,101447.931267,107775.994626,114498.786448,121640.928887,129228.579966
Haiti,HTI,LM,0.019024,2010,2025,projected,350,390,380,430,460,400,320,260,310,370,400,410,460,560,650,740,690,680,710,800,900,1010,1160,1140,1260,1320,1410,1460,1430,1380,1370,1430,1410,1340,1450,1610,1740,1730,2010,2048.238736,2087.204936,2126.912438,2167.375346,2208.60803,2250.625135,2293.441583,2337.072582,2381.533628,2426.840512,2473.009326,2520.056466,2567.998642,2616.852883,2666.636539,2717.367291,2769.063157,2821.742499,2875.424025,2930.126802,2985.870258,3042.674191,3100.558777,3159.544573,3219.652529
Honduras,HND,LM,0.054841,3270,2025,projected,1100,1160,1060,950,880,800,810,880,920,910,970,960,1010,1060,1050,1070,1130,1210,1290,1360,1490,1620,1670,1730,1860,1950,1990,1980,2030,2090,2210,2280,2330,2120,2440,2700,2870,3020,3270,3449.32856,3638.491594,3838.028431,4048.507976,4270.530332,4504.728514,4751.77025,5012.359887,5287.240401,5577.19551,5883.051913,6205.681646,6546.004567,6904.99098,7283.664401,7683.104477,8104.450061,8548.902464,9017.728876,9512.26598,10033.923765,10584.189545,11164.632195,11776.906633,12422.75853
"Hong Kong SAR, China",HKG,H,0.044879,62500,2025,projected,9080,10770,11550,12660,14320,16560,19560,21820,23570,24140,26080,25110,25800,26930,26350,25270,26340,28120,28890,30290,32070,33950,32350,33620,35690,36340,38570,40240,41180,42970,46380,50050,50480,48550,54380,54000,54870,57410,62500,65304.966769,68235.818954,71298.206228,74498.031814,77841.463871,81334.947381,84985.216573,88799.307906,92784.57363,96948.695961,101299.701887,105845.978647,110596.28989,115559.792576,120746.054623,126165.073353,131827.294763,137743.633659,143925.494699,150384.794375,157133.983987,164186.07364,171554.657326,179253.939131,187298.760609
Hungary,HUN,H,0.05599,23850,2025,projected,2520,2840,2910,3020,2910,3320,3670,4040,4260,4380,4410,4420,4500,4630,4790,5300,6630,8650,10380,11230,11770,13250,13400,13250,13260,13080,13560,13630,13310,13230,13310,15180,16840,16330,18070,19200,19820,20800,23850,25185.356644,26595.479634,28084.555123,29657.003646,31317.493241,33070.953311,34922.589253,36877.897914,38942.68391,41123.076852,43425.549552,45856.937229,48424.457807,51135.733339,53998.812637,57022.195161,60214.856257,63586.273798,67146.45632,70905.972737,74875.983713,79068.274795,83495.291401,88170.175765,93106.805953
Iceland,ISL,H,0.071689,89220,2025,projected - cut from 7.2% to the H p90 cap of 7.17%,19480,23940,24680,25300,25760,27030,26610,26170,25990,27750,28690,29550,30720,32170,31120,31080,33810,42100,51760,55160,63250,52520,43740,38480,39690,43190,49540,50800,53170,59210,62770,72840,75560,66730,68000,74620,80870,80910,89220,95616.09258,102470.714641,109816.737703,117689.389812,126126.424478,135168.301723,144858.382105,155243.13466,166372.35974,178299.427838,191081.53552,204779.97972,219460.451686,235193.352007,252054.128219,270123.636617,289488.530002,310241.673229,332482.588542,356317.932832,381862.009118,409237.31469,438575.128543,470016.140933,503711.12806
India,IND,LM,0.064409,2760,2025,projected,360,400,390,390,350,350,330,340,370,400,410,410,440,440,450,460,510,610,700,780,910,990,1110,1210,1350,1460,1500,1540,1580,1670,1790,1970,2070,1900,2170,2360,2490,2550,2760,2937.769272,3126.988512,3328.395204,3542.774331,3770.961437,4013.845882,4272.374309,4547.554334,4840.458472,5152.228319,5484.078998,5837.3039,6213.27972,6613.471825,7039.439966,7492.844355,7975.452139,8489.144283,9035.922904,9617.919076,10237.401129,10896.783499,11598.636132,12345.6945,13140.870268
Indonesia,IDN,UM,0.047884,5120,2025,projected,500,510,520,560,600,650,730,840,970,1070,1080,640,560,570,700,780,880,1060,1200,1350,1570,1900,2110,2490,2960,3520,3670,3570,3390,3370,3490,3810,4020,3850,4130,4520,4810,4920,5120,5365.167403,5622.074465,5891.283331,6173.383064,6468.990934,6778.753767,7103.349364,7443.48798,7799.913882,8173.406974,8564.784505,8974.902859,9404.659426,9854.994568,10326.893674,10821.389319,11339.563521,11882.550111,12451.53721,13047.769835,13672.552617,14327.252659,15013.302527,15732.203385,16485.528276
"Iran, Islamic Rep.",IRN,UM,0.01244,4650,2025,projected - raised from 1.2% to the 1.244% floor,3320,2850,2440,2450,2460,2270,1590,1300,1270,1600,1790,1770,1730,1750,1780,1880,2180,2450,2850,3330,4070,4720,5260,5910,6680,7310,7220,6660,5460,5530,5640,5390,4710,3980,4110,4390,5070,5130,4650,4707.846,4766.411604,4825.705765,4885.737544,4946.516119,5008.05078,5070.350932,5133.426097,5197.285918,5261.940155,5327.39869,5393.67153,5460.768804,5528.700768,5597.477805,5667.110429,5737.609283,5808.985142,5881.248917,5954.411654,6028.484535,6103.478883,6179.40616,6256.277973,6334.10607
Iraq,IRQ,UM,0.01244,5690,2025,projected - raised from 1.1% to the 1.244% floor,3480,3660,3650,7000,70,50,40,60,120,380,730,890,1240,1530,1660,1330,790,1310,1510,1880,2480,3470,4010,4390,4740,5980,6620,6440,5460,5060,4430,4820,5520,4720,4740,5510,5920,6030,5690,5760.7836,5832.447748,5905.003398,5978.46164,6052.833703,6128.130954,6204.364903,6281.547203,6359.68965,6438.804189,6518.902913,6599.998066,6682.102042,6765.227391,6849.38682,6934.593192,7020.859531,7108.199024,7196.625019,7286.151035,7376.790754,7468.558031,7561.466892,7655.531541,7750.766353
Ireland,IRL,H,0.037475,87360,2025,projected,8220,10420,11100,12560,13130,14440,14600,15480,16920,18880,20650,21430,22690,24130,24080,24920,29980,37840,44640,47950,50540,50940,46810,44970,42670,41070,44170,47580,52340,52880,54410,59110,62460,64420,74070,75970,79280,80650,87360,90633.812219,94030.31041,97554.092224,101209.927608,105002.765265,108937.73935,113020.176417,117255.602638,121649.751272,126208.570437,130938.231152,135845.135698,140935.92628,146217.494018,151696.988279,157381.82635,163279.703481,169398.603303,175746.808631,182332.912679,189165.830691,196254.81201,203609.452598,211239.708022,219155.906939
Isle of Man,IMN,H,0.01244,87030,2023,projected - raised from 0.1% to the 1.244% floor,7930,10360,11430,12410,13120,14420,13920,13740,14170,15490,17210,18970,21680,22470,23100,24130,27590,33670,39430,44860,47950,43640,46790,72410,74840,82400,87680,88570,83630,78690,77890,83430,84470,79280,76440,78440,87030,,,88112.6532,89208.774606,90318.531762,91442.094297,92579.63395,93731.324596,94897.342274,96077.865212,97273.073856,98483.150894,99708.281291,100948.652311,102204.453545,103475.876948,104763.116857,106066.37003,107385.835674,108721.715469,110074.21361,111443.536827,112829.894425,114233.498312,115654.563031,117093.305795,118549.946519
Israel,ISR,H,0.04388,56180,2025,projected,9000,11050,11590,12860,13660,15270,15670,16620,18050,19560,20070,19830,19500,20360,20360,19550,19650,20960,22490,23340,25080,27300,28440,30770,32820,33500,35470,37000,36900,37240,38600,41960,44110,43330,49640,55460,54480,53090,56180,58645.154428,61218.478781,63904.719508,66708.831332,69635.986386,72691.583756,75881.259434,79210.896719,82686.637068,86314.891421,90102.352026,94056.004787,98183.142143,102491.376526,106988.654395,111683.270899,116583.885171,121699.536306,127039.66003,132614.106105,138433.156495,144507.544333,150848.473717,157467.640378,164377.253247
Italy,ITA,H,0.01244,42080,2025,projected - raised from 1.0% to the 1.244% floor,12190,15990,17340,18710,20410,23010,21640,20910,20720,21880,22370,22270,22050,21980,21260,20830,23440,28390,32480,34260,35880,37870,37830,37720,37710,35970,35700,35370,33460,32400,31790,34270,35030,32600,36760,39060,38750,38640,42080,42603.4752,43133.462431,43670.042704,44213.298035,44763.311463,45320.167058,45883.949936,46454.746273,47032.643317,47617.729399,48210.093953,48809.827522,49417.021776,50031.769527,50654.16474,51284.302549,51922.279273,52568.192427,53222.140741,53884.224172,54554.543921,55233.202447,55920.303485,56615.952061,57320.254504
Jamaica,JAM,UM,0.060029,7790,2025,projected,1190,1510,1720,1800,1760,1630,1860,1900,2330,2560,2800,2940,3170,3300,3300,3320,3500,3730,3870,4170,4400,4660,4420,4490,4700,5100,5150,5060,4940,4990,5300,5610,5930,5360,5690,6340,6860,7190,7790,8257.624859,8753.320708,9278.772616,9835.766806,10426.196725,11052.069481,11715.512669,12418.781599,13164.266965,13954.50297,14792.175947,15680.133481,16621.394099,17619.157523,18676.815554,19797.963595,20986.412881,22246.203429,23581.617774,24997.195526,26497.748805,28088.378593,29774.492083,31561.821052,33456.441351
Japan,JPN,H,0.01244,38340,2025,projected - raised from -0.7% to the 1.244% floor,18770,25750,28050,28990,29660,31650,34780,38380,43580,44730,41610,35530,34750,37330,37890,35880,36120,39430,41690,41030,39770,39820,39540,44290,47800,50540,49350,45180,40140,39220,39700,42720,42960,41880,45160,44300,40740,37170,38340,38816.9496,39299.832453,39788.722369,40283.694075,40784.823229,41292.18643,41805.861229,42325.926143,42852.460664,43385.545275,43925.261458,44471.691711,45024.919556,45585.029555,46152.107323,46726.239538,47307.513958,47896.019431,48491.845913,49095.084476,49705.827327,50324.167819,50950.200467,51584.02096,52225.726181
Jordan,JOR,UM,0.023065,5260,2025,projected,2160,2200,1580,1260,1040,1200,1230,1290,1370,1380,1390,1410,1460,1590,1650,1680,1800,2050,2240,2340,2500,3010,3510,3950,4140,4400,4510,4380,4220,4200,4300,4480,4580,4460,4650,4810,4890,4880,5260,5381.324405,5505.447215,5632.432976,5762.347725,5895.259019,6031.235976,6170.349306,6312.671351,6458.276121,6607.239335,6759.638457,6915.552737,7075.063254,7238.252957,7405.206708,7576.011327,7750.755636,7929.530506,8112.428903,8299.545938,8490.978918,8686.82739,8887.1932,9092.180543,9301.896017
Kazakhstan,KAZ,UM,0.054418,13740,2025,projected,,,,,,,1350,1240,1210,1270,1330,1340,1250,1220,1290,1450,1720,2180,2780,3670,4740,5870,6580,7210,8030,9640,11490,11720,11040,8500,7780,7800,8500,8380,8540,9400,10710,12100,13740,14487.707913,15276.104844,16107.405024,16983.943174,17908.181071,18882.714454,19910.280321,20993.764611,22136.21031,23340.826002,24610.994873,25950.284218,27362.455459,28851.474706,30421.5239,32077.012556,33822.590147,35663.159163,37603.888879,39650.229873,41807.929335,44083.047208,46481.973206,49011.444761,51678.565944
Kenya,KEN,LM,0.055556,2200,2025,projected,390,420,410,390,360,340,280,270,280,350,400,450,450,430,410,390,420,460,520,590,710,830,830,930,1010,1060,1130,1250,1320,1490,1540,1720,1880,1910,2070,2170,2110,2070,2200,2322.222222,2451.234568,2587.414266,2731.159503,2882.890587,3043.051175,3212.109573,3390.560105,3578.924556,3777.753697,3987.628903,4209.163842,4443.006278,4689.83996,4950.386624,5225.408103,5515.708553,5822.136806,6145.588851,6487.010454,6847.399924,7227.811031,7629.356088,8053.209204,8500.609715
Kiribati,KIR,LM,0.044046,3930,2025,projected,480,600,590,610,830,1020,1080,1180,1290,1200,1440,1540,1340,1370,1340,1220,1200,1430,1620,1670,1790,1860,1850,2030,2110,2630,3040,3260,3490,2990,3130,3280,3610,3070,3150,3280,3710,3580,3930,4103.101927,4283.828352,4472.515106,4669.512812,4875.187536,5089.921469,5314.113636,5548.180636,5792.55742,6047.698095,6314.07677,6592.188438,6882.549894,7185.700696,7502.204166,7832.64844,8177.64756,8537.842611,8913.902918,9306.527288,9716.445305,10144.418691,10591.242718,11057.747686,11544.800468
"Korea, Dem. Rep.",PRK,L,,,,frozen - only 0 of 10 annual rates,,,,,,,,,,,,,,,,,,,,,,,,,,,,,,,,,,,,,,,,,,,,,,,,,,,,,,,,,,,,,,,,
"Korea, Rep.",KOR,H,0.030594,37880,2025,projected,3630,4660,5550,6660,7810,8580,9310,10440,12230,13790,14030,10720,10820,11460,12390,13320,14290,16790,19230,21610,24390,24840,22960,23250,24590,26780,28210,29480,30130,30850,31940,34610,35790,35000,37450,38590,38020,36750,37880,39038.917515,40233.291467,41464.206625,42732.780947,44040.166595,45387.550978,46776.157837,48207.24835,49682.12228,51202.119157,52768.619493,54383.046035,56046.865058,57761.587698,59528.771322,61350.020946,63226.990689,65161.385276,67154.961588,69209.530259,71326.957314,73509.165871,75758.137885,78075.915945,80464.605135
Kosovo,XKX,UM,0.090024,7760,2025,projected,,,,,,,,,,,,,,,,,,,,,,,,3130,3400,3540,3800,3900,3930,3930,3950,4300,4640,4450,5140,5610,6290,6920,7760,8458.583461,9220.055948,10050.078963,10954.823672,11941.016794,13015.990613,14187.73749,15464.969288,16857.182144,18374.727072,20028.88692,21831.960262,23797.352833,25939.677201,28274.861411,30820.267407,33594.820121,36619.148175,39915.737254,43509.097288,47425.944679,51695.400936,56349.209194,61421.970219,66951.399666
Kuwait,KWT,H,0.055139,41110,2024,projected,14700,13830,16600,16460,12450,16200,18590,18550,19590,19620,20550,19540,17330,18810,19550,19640,23150,29080,35740,42460,47510,51800,45410,42850,44350,50830,53530,51350,41830,34920,30650,32340,35680,33150,35990,39120,42040,41110,,43376.750408,45768.486401,48292.099517,50954.861285,53764.444175,56728.943707,59856.901778,63157.331272,66639.742034,70314.168267,74191.197447,78282.00083,82598.365639,87152.72903,91958.213926,97028.666831,102378.697726,108023.722168,113980.005707,120264.710753,126895.946027,133892.818745,141275.489664,149065.231182,157284.488628
Kyrgyz Republic,KGZ,LM,0.074681,2800,2025,projected - cut from 7.5% to the LM p90 cap of 7.47%,,,,,,510,450,370,360,390,390,360,300,280,280,290,340,400,450,500,610,760,860,850,870,1030,1180,1230,1160,1090,1090,1200,1240,1210,1270,1540,1840,2260,2800,3009.1068,3233.829905,3475.335556,3734.877091,4013.801447,4313.556153,4635.69684,4981.895315,5353.948239,5753.786448,6183.484973,6645.273815,7141.549509,7674.887567,8248.055846,8864.028904,9526.003447,10237.414911,11001.955293,11823.592317,12706.590015,13655.530863,14675.339564,15771.308598,16949.125695
Lao PDR,LAO,LM,0.018268,2150,2025,projected,430,250,210,190,210,240,270,310,350,380,370,300,280,280,300,310,330,380,450,500,600,740,880,990,1130,1350,1590,1810,1960,2110,2240,2460,2520,2470,2500,2300,2110,2000,2150,2189.276192,2229.269882,2269.994176,2311.462422,2353.688209,2396.685377,2440.468017,2485.050478,2530.447371,2576.673575,2623.744239,2671.674789,2720.480935,2770.178671,2820.784285,2872.314362,2924.785791,2978.215767,3032.621802,3088.021726,3144.433696,3201.8762,3260.368063,3319.928455,3380.576896
Latvia,LVA,H,0.043611,24980,2025,projected,,,,,,,,,,,2640,2790,2910,3240,3520,3850,4530,5610,7120,8590,10730,12830,13360,12250,12470,13430,14340,14810,14580,14300,14360,16010,17010,17350,19310,20630,21000,21520,24980,26069.413605,27206.338098,28392.845498,29631.098187,30923.35285,32271.964591,33679.391223,35148.197748,36681.061031,38280.774678,39950.254131,41692.541976,43510.81349,45408.382432,47388.707075,49455.396514,51612.217242,53863.100014,56212.147009,58663.63931,61222.044705,63892.025826,66678.448651,69586.391369,72621.153637
Lebanon,LBN,LM,0.01244,3560,2024,projected - raised from -4.0% to the 1.244% floor,,,,1020,1350,1580,1880,2280,2820,3330,3560,3750,3950,4090,4040,3940,3670,4700,4910,4870,5320,5860,6620,7340,7720,8000,7880,7440,7360,7670,8260,8700,8630,6350,4770,4130,3710,3560,,3604.2864,3649.123723,3694.518822,3740.478636,3787.01019,3834.120597,3881.817057,3930.106861,3978.997391,4028.496118,4078.61061,4129.348526,4180.717622,4232.725749,4285.380857,4338.690995,4392.664311,4447.309055,4502.63358,4558.646342,4615.355902,4672.770929,4730.9002,4789.752598,4849.337121
Lesotho,LSO,LM,0.01244,1280,2025,projected - raised from 0.5% to the 1.244% floor,390,460,490,510,550,620,630,660,670,690,690,620,610,590,650,600,680,820,1040,1160,1320,1310,1190,1270,1350,1490,1440,1330,1280,1240,1160,1250,1290,1170,1190,1270,1260,1240,1280,1295.9232,1312.044485,1328.366318,1344.891195,1361.621641,1378.560215,1395.709504,1413.07213,1430.650747,1448.448043,1466.466736,1484.709582,1503.17937,1521.878921,1540.811095,1559.978785,1579.384921,1599.032469,1618.924433,1639.063853,1659.453807,1680.097413,1700.997825,1722.158238,1743.581886
Liberia,LBR,L,0.032006,830,2025,projected,380,410,430,250,250,150,100,80,80,100,160,180,170,190,210,250,180,210,240,270,310,370,410,440,500,540,610,620,620,610,620,620,600,570,630,660,710,750,830,856.565183,883.980619,912.273519,941.471969,971.604952,1002.702378,1034.795116,1067.915022,1102.094972,1137.368894,1173.771801,1211.339829,1250.110269,1290.121605,1331.413553,1374.027101,1418.00455,1463.389551,1510.227155,1558.563856,1608.447633,1659.928002,1713.056065,1767.884557,1824.467903
Libya,LBY,UM,0.01244,7250,2025,projected - raised from 0.9% to the 1.244% floor,6230,6570,6700,6460,7260,7320,6800,6610,6050,5900,5810,5500,4990,5930,6130,5190,5160,5150,6760,8540,10500,12020,11140,11550,6080,13310,11960,9130,8370,7670,9760,11000,10100,7000,6950,6010,6160,6790,7250,7340.19,7431.501964,7523.949848,7617.547784,7712.310079,7808.251216,7905.385861,8003.728861,8103.295248,8204.100241,8306.159248,8409.487869,8514.101898,8620.017326,8727.250341,8835.817336,8945.734903,9057.019845,9169.689172,9283.760106,9399.250081,9516.176752,9634.557991,9754.411893,9875.756777
Liechtenstein,LIE,H,,,,frozen - only 0 of 10 annual rates,31480,41760,43830,45550,47500,54210,56490,61900,70290,79390,81680,79220,79990,80170,68970,65420,68640,78690,92620,103870,112050,121890,116380,,,,,,,,,,,,,,,,,,,,,,,,,,,,,,,,,,,,,,,,,
Lithuania,LTU,H,0.071689,30500,2025,projected - cut from 7.5% to the H p90 cap of 7.17%,,,,,,,,,,,2610,2870,2990,3220,3460,3830,4700,6020,7580,8810,10590,12670,12480,12430,13200,14040,15310,16020,15220,14890,15260,17550,19200,19800,22040,23840,25360,27110,30500,32686.5145,35029.778038,37541.027796,40232.306537,43116.520361,46207.500589,49520.070099,53070.114404,56874.657835,60951.945181,65321.529179,70004.364284,75022.907156,80401.224347,86165.107719,92342.198126,98962.117968,106056.613243,113659.705789,121807.856438,130540.139858,139898.431944,149927.610632,160675.77111,172194.456465
Luxembourg,LUX,H,0.019146,95720,2025,projected,19980,25870,28540,31330,35170,38990,40050,41330,45760,48560,49360,46350,46520,45690,45000,42520,46050,62680,73180,71370,85730,86000,70650,77640,79210,87950,85160,86760,73530,73730,75800,80120,79280,80090,86850,84190,88480,84650,95720,97552.672486,99420.433652,101323.955313,103263.922144,105241.031932,107255.995823,109309.538578,111402.398835,113535.329375,115709.09739,117924.484761,120182.288341,122483.320238,124828.408109,127218.395458,129654.141938,132136.523662,134666.433517,137244.781486,139872.494972,142550.519137,145279.817239,148061.370978,150896.180849,153785.266504
"Macao SAR, China",MAC,H,0.05501,69920,2024,projected,6540,7600,8270,9210,10050,12280,13800,15260,16420,16580,16670,15230,14330,14620,15910,16670,18510,23050,24430,25920,33070,32190,35520,45370,54620,60370,67830,68530,57990,59680,66890,72780,71600,43810,46220,45210,64780,69920,,73766.318192,77824.223393,82105.355061,86621.992945,91387.092306,96414.321077,101718.099068,107313.639327,113216.991776,119445.089246,126015.79605,132947.95922,140261.462569,147977.283724,156117.554297,164705.623364,173766.124444,183325.046149,193409.806734,204049.332738,215274.141957,227116.430981,239610.16754,252791.187941,266697.299855
Madagascar,MDG,L,0.030833,560,2025,projected,350,330,290,300,260,280,280,270,270,280,290,290,270,280,290,260,320,330,320,310,360,430,450,450,460,470,490,500,470,450,450,480,500,450,470,500,510,520,560,577.266667,595.065722,613.413582,632.327167,651.823922,671.921826,692.639416,713.995798,736.010668,758.70433,782.097714,806.212393,831.070609,856.695286,883.110057,910.339284,938.408079,967.342328,997.168716,1027.914752,1059.60879,1092.280061,1125.958696,1160.675756,1196.463258
Malawi,MWI,L,0.01875,600,2025,projected,230,240,240,270,310,290,310,230,230,250,290,290,260,230,210,250,320,440,430,440,480,530,590,650,710,650,590,530,510,490,480,490,540,560,600,610,620,570,600,611.25,622.710937,634.386768,646.281519,658.399298,670.744285,683.32074,696.133004,709.185498,722.482726,736.029277,749.829826,763.889135,778.212057,792.803533,807.668599,822.812385,838.240117,853.957119,869.968815,886.280731,902.898494,919.827841,937.074613,954.644762
Malaysia,MYS,UM,0.023719,12380,2025,projected,1990,2170,2290,2420,2590,2900,3260,3630,4080,4540,4660,3670,3420,3490,3570,3810,4170,4720,5240,5790,6560,7420,7500,8130,8890,9980,10590,10840,10350,9800,9560,10200,10750,10110,10520,11620,11700,11650,12380,12673.644863,12974.254776,13281.994943,13597.03449,13919.546553,14249.708374,14587.701401,14933.711384,15287.928479,15650.547354,16021.767293,16401.792306,16790.831245,17189.097913,17596.811185,18014.195128,18441.479124,18878.897995,19326.692133,19785.107631,20254.396422,20734.816412,21226.631624,21730.112347,22245.535277
Maldives,MDV,UM,0.070051,12950,2025,projected,670,820,820,920,900,990,1090,1250,1530,1640,1740,1830,1950,2050,2240,2650,3470,3890,3660,4710,4570,5500,5490,6000,6720,6810,7050,7720,8210,8720,9400,10220,10730,7050,9350,10570,11130,11540,12950,13857.154092,14827.854789,15866.553564,16978.013718,18167.33222,19439.96309,20801.742399,22258.915042,23818.163371,25486.637838,27271.989792,29182.406558,31226.648991,33414.091647,35754.765775,38259.405317,40939.496133,43807.328676,46876.054348,50159.745815,53673.46154,57433.314841,61456.547779,65761.610233,70368.244502
Mali,MLI,L,0.02603,1120,2025,projected,250,330,340,330,380,390,390,350,330,330,340,340,350,330,340,330,400,450,510,550,590,670,740,780,830,830,880,910,890,870,860,930,960,930,960,1000,1010,1030,1120,1149.153625,1179.06612,1209.757237,1241.247245,1273.556939,1306.707654,1340.721284,1375.620289,1411.427715,1448.16721,1485.863035,1524.540083,1564.223896,1604.940679,1646.71732,1689.581409,1733.561251,1778.685889,1824.985123,1872.489526,1921.23047,1971.240142,2022.551567,2075.19863,2129.216097
Malta,MLT,H,0.05077,41440,2025,projected,4930,6260,6910,7600,7940,8720,8570,8600,9320,10080,10610,10350,10800,11480,11030,10770,12210,14200,15380,16330,17990,20320,20110,21440,22060,22450,23330,24590,25470,23820,26690,29030,29830,26910,32440,34840,35720,36540,41440,43543.91784,45754.652048,48077.625713,50518.537259,53083.374416,55778.428915,58610.311919,61585.970241,64712.703385,67998.181452,71450.463958,75078.0196,78889.747033,82894.996699,87103.593765,91525.862222,96172.650213,101055.356644,106185.959146,111577.043456,117241.834292,123194.227795,129448.825615,136020.97073,142926.785087
Marshall Islands,MHL,UM,0.059614,9710,2025,projected,2060,2270,2170,2210,2240,2500,2690,2890,3210,2790,2630,2690,2810,2940,3100,3100,3200,3400,3610,3540,3730,3630,3730,3820,3860,3860,4350,4560,4980,5060,5310,6040,6770,6610,6720,7580,7960,8510,9710,10288.849044,10902.205422,11552.126245,12240.791253,12970.510132,13743.730255,14563.044892,15431.201906,16351.112974,17325.863347,18358.722197,19453.153586,20612.828083,21841.635068,23143.695787,24523.377165,25985.306457,27534.386767,29175.813487,30915.091731,32758.054789,34710.883697,36780.127966,38972.727545,41296.036101
Mauritania,MRT,LM,0.035601,2210,2025,projected,690,770,800,760,840,940,980,870,900,970,880,840,820,730,660,660,730,820,960,1180,1260,1430,1500,1550,1640,1800,1890,1790,1680,1550,1560,1680,1720,1720,1810,2010,2140,2110,2210,2288.679192,2370.159477,2454.540578,2541.925768,2632.421996,2726.140022,2823.194544,2923.704347,3027.792445,3135.586229,3247.217628,3362.823266,3482.544631,3606.52825,3734.925865,3867.894621,4005.597256,4148.202304,4295.884297,4448.823983,4607.208543,4771.231821,4941.094565,5117.004669,5299.177426
Mauritius,MUS,UM,0.0387,14040,2025,projected,1640,2090,2250,2460,2650,3030,3160,3280,3520,3840,3950,3830,3710,3960,4030,4010,4470,5240,5670,5910,6460,7390,7730,8210,8530,9700,10360,10720,10660,10650,11020,12190,12710,10780,10900,11810,12530,12960,14040,14583.345897,15147.719198,15733.933661,16342.834537,16975.299785,17632.241343,18314.606442,19023.378967,19759.580883,20524.273703,21318.56002,22143.585099,23000.538525,23890.65592,24815.220725,25775.566049,26773.076594,27809.190647,28885.402158,30003.262894,31164.384673,32370.441691,33623.172935,34924.38469,36275.953145
Mexico,MEX,UM,0.0478,13730,2025,projected,2070,2120,2400,2820,3280,3810,4640,5540,5110,4900,4930,5340,5850,6570,7100,7490,7780,8240,8490,9140,9720,10260,9230,9470,9760,10500,10710,10950,10580,9740,9270,9560,9860,8920,9880,10730,11990,12760,13730,14386.30043,15073.972328,15794.515264,16549.500491,17340.574365,18169.46194,19037.97073,19947.994646,20901.518132,21900.620487,22947.480403,24044.380713,25193.713371,26397.984669,27659.820699,28981.973081,30367.324967,31818.897322,33339.855515,34933.516222,36603.354658,38353.012152,40186.304094,42107.228249,44119.973479
"Micronesia, Fed. Sts.",FSM,UM,0.030173,4760,2025,projected,1470,1610,1590,1700,1830,1900,2060,2070,2140,2080,1860,1870,1950,2090,2120,2120,2220,2280,2400,2400,2410,2430,2660,2740,2920,3030,3090,3090,3460,3400,3430,3420,3850,4070,4090,4020,4270,4490,4760,4903.622951,5051.579421,5204.000165,5361.019884,5522.777341,5689.415487,5861.081588,6037.927352,6220.109062,6407.787721,6601.129188,6800.304325,7005.489152,7216.864997,7434.618662,7658.942585,7890.035008,8128.100157,8373.348419,8625.99653,8886.267765,9154.392134,9430.60659,9715.155234,10008.289533
Moldova,MDA,UM,0.090712,8050,2025,projected - cut from 11.5% to the UM p90 cap of 9.07%,,,,,,790,800,570,590,600,630,580,510,490,500,590,710,910,1120,1280,1440,1870,1950,2380,2730,3140,3620,3730,3290,3170,3300,3850,4490,4360,5270,5540,6250,6890,8050,8780.2316,9576.703969,10445.425939,11392.951417,12426.428826,13553.655038,14783.134194,16124.141863,17586.795019,19182.128369,20922.177598,22820.070172,24890.124377,27147.95734,29610.602846,32296.639851,35226.332645,38421.783732,41907.100578,45708.577486,49854.893967,54377.331108,59310.007568,64690.136974,70558.30868
Monaco,MCO,H,,,,frozen - only 0 of 10 annual rates,,,,,,,,,,,,,,,,,,,,,,,,,,,,,,,,,,,,,,,,,,,,,,,,,,,,,,,,,,,,,,,,
Mongolia,MNG,UM,0.072909,6210,2025,projected,1520,1700,1600,1490,1230,830,540,440,480,570,590,530,480,470,480,530,610,760,890,1110,1400,1790,1780,1990,2570,3630,4310,4180,3770,3460,3200,3650,3800,3690,3690,4340,4870,5380,6210,6662.767011,7148.544966,7669.740672,8228.936414,8828.90275,9472.612235,10163.254156,10904.250324,11699.272035,12552.258255,13467.435139,14449.336967,15502.82861,16633.129635,17845.840164,19146.968619,20542.961493,22040.735289,23647.710785,25371.849806,27221.694669,29206.410502,31335.830659,33620.505438,36071.754351
Montenegro,MNE,UM,0.090712,14150,2025,projected - cut from 9.8% to the UM p90 cap of 9.07%,,,,,,,,,,,,,1360,1510,1710,1970,2440,3100,3660,4330,5130,6460,6730,6920,7240,6980,7260,7280,7150,7020,7240,8250,8970,7780,9220,10420,11560,12210,14150,15433.5748,16833.585237,18360.593421,20026.119572,21842.72893,23824.126557,25985.260725,28342.435696,30913.434723,33717.654214,36776.250063,40112.297258,43750.963967,47719.701411,52048.450965,56769.870049,61919.578501,67536.427306,73662.7917,80344.89086,87633.1366,95582.513687,104252.994669,113709.992321,124024.853145
Morocco,MAR,LM,0.020453,4360,2025,projected,880,1100,1130,1180,1260,1300,1250,1380,1330,1550,1490,1540,1550,1580,1580,1550,1740,2060,2300,2490,2630,2970,3150,3190,3260,3230,3350,3330,3300,3150,3160,3380,3510,3260,3630,3700,3780,3840,4360,4449.173703,4540.171247,4633.029935,4727.787833,4824.483784,4923.157426,5023.84921,5126.600411,5231.453149,5338.450408,5447.636048,5559.054827,5672.752419,5788.775432,5907.171427,6027.988938,6151.277492,6277.087627,6405.470917,6536.479991,6670.168551,6806.591401,6945.804465,7087.864809,7232.830669
Mozambique,MOZ,L,0.019463,570,2025,projected,,,,,,,230,200,190,220,250,290,330,330,330,300,330,380,420,450,480,530,570,550,570,630,690,710,670,550,480,470,500,480,490,500,540,550,570,581.094104,592.404137,603.934301,615.68888,627.672242,639.888841,652.343216,665.039994,677.983894,691.179726,704.632393,718.346893,732.328324,746.581879,761.112857,775.926656,791.028781,806.424844,822.120565,838.121778,854.434428,871.064577,888.018403,905.302208,922.922414
Myanmar,MMR,LM,0.01244,1320,2025,projected - raised from 0.0% to the 1.244% floor,40,40,50,50,50,60,70,80,110,130,130,130,150,190,190,170,190,230,280,300,360,490,660,880,1040,1170,1260,1260,1230,1230,1230,1310,1380,1320,1240,1280,1220,1210,1320,1336.4208,1353.045875,1369.877765,1386.919045,1404.172318,1421.640221,1439.325426,1457.230634,1475.358583,1493.712044,1512.293822,1531.106757,1550.153725,1569.437637,1588.961441,1608.728122,1628.7407,1649.002234,1669.515822,1690.284599,1711.311739,1732.600457,1754.154007,1775.975683,1798.06882
Namibia,NAM,LM,0.01244,4340,2025,projected - raised from 0.1% to the 1.244% floor,1770,1860,1990,2090,2240,2390,2270,2320,2500,2530,2520,2370,2230,2210,2060,1970,2240,2840,3480,3990,4200,4310,4260,4520,5160,5730,5900,5690,5180,4580,4430,4670,4870,4240,4140,4280,4310,4290,4340,4393.9896,4448.650831,4503.992047,4560.021708,4616.748378,4674.180728,4732.327536,4791.197691,4850.80019,4911.144144,4972.238777,5034.093428,5096.71755,5160.120716,5224.312618,5289.303067,5355.101997,5421.719466,5489.165656,5557.450877,5626.585566,5696.58029,5767.445749,5839.192774,5911.832332
Nauru,NRU,H,0.067789,20690,2025,projected,5780,6010,6230,6570,5870,5490,5060,5010,4700,4240,4080,3550,3300,3050,2800,2500,2650,3090,3510,3890,3030,3510,4090,5080,7000,9650,11330,12530,12220,11680,11300,12740,15840,17180,19620,20890,22370,21940,20690,22092.54575,23590.168086,25189.312116,26896.859851,28720.159825,30667.058718,32745.935125,34965.735614,37336.013229,39866.968602,42569.493849,45455.219449,48536.564293,51826.789134,55340.053649,59091.477381,63097.204807,67374.474812,71941.694884,76818.520325,82025.938844,87586.360878,93523.716034,99863.556073,106633.164875
Nepal,NPL,LM,0.055615,1570,2025,projected,170,200,200,200,200,190,190,190,200,210,210,200,210,220,230,230,250,280,300,330,370,430,480,530,620,750,840,860,870,860,970,1120,1240,1190,1250,1380,1430,1480,1570,1657.316318,1749.488777,1846.787451,1949.497439,2057.919693,2172.371904,2293.189431,2420.726284,2555.356161,2697.473544,2847.494856,3005.859676,3173.032033,3349.501762,3535.785942,3732.430408,3940.011352,4159.137012,4390.449452,4634.626447,4892.383466,5164.475767,5451.700614,5754.899612,6074.961171
Netherlands,NLD,H,0.019627,68530,2025,projected,14420,18190,19140,19910,20840,23050,23550,24860,27120,29260,29410,27840,28150,28140,26900,26440,30410,36800,42280,45500,48840,51930,52780,54000,54270,52070,52460,52220,49670,46960,46710,51290,52940,51490,59560,62110,62550,62500,68530,69875.045817,71246.490996,72644.853679,74070.66218,75524.455181,77006.781936,78518.202481,80059.287842,81630.620255,83232.793381,84866.412534,86532.09491,88230.469816,89962.178912,91727.876452,93528.229532,95363.918338,97235.63641,99144.090898,101090.002831,103074.10739,105097.154187,107159.907545,109263.146789,111407.66654
New Caledonia,NCL,H,,,,frozen - only 5 of 10 annual rates,7820,12880,14100,14290,14700,15530,15360,15810,17140,17580,17110,13920,13070,12630,,,,,,,,,,,,,,,,,,,35130,34890,35420,36980,36710,30070,,,,,,,,,,,,,,,,,,,,,,,,,,
New Zealand,NZL,H,0.01244,46630,2025,projected - raised from -0.1% to the 1.244% floor,10010,12550,13570,13640,12160,12050,12360,13400,15280,16720,17160,15790,15040,14070,13810,14180,16990,21530,25450,26380,28150,28680,29760,29750,32270,36770,39940,41700,40660,39440,38790,41570,43090,41880,45750,49090,49470,47070,46630,47210.0772,47797.37056,48391.96985,48993.965955,49603.450892,50220.517821,50845.261062,51477.77611,52118.159645,52766.509551,53422.92493,54087.506116,54760.354692,55441.573504,56131.266679,56829.539636,57536.499109,58252.253158,58976.911187,59710.583962,60453.383627,61205.423719,61966.81919,62737.686421,63518.14324
Nicaragua,NIC,LM,0.040169,2850,2025,projected,860,680,360,310,220,240,290,450,620,880,880,890,930,970,980,980,1020,1100,1180,1220,1310,1420,1410,1490,1600,1700,1760,1850,1910,1980,2050,1990,1930,1810,2060,2150,2360,2510,2850,2964.482412,3083.5635,3207.427987,3336.26802,3470.283462,3609.682207,3754.680497,3905.503263,4062.384468,4225.567476,4395.305427,4571.861626,4755.509959,4946.535311,5145.234011,5351.914293,5566.896769,5790.514935,6023.115679,6265.059824,6516.722688,6778.494665,7050.78183,7334.006572,7628.608244
Niger,NER,L,0.026013,750,2025,projected,260,320,310,330,350,410,380,290,260,230,230,250,240,220,220,220,240,280,330,350,380,440,480,510,520,550,570,590,560,520,520,580,600,570,580,650,640,670,750,769.509982,789.527483,810.065705,831.138195,852.75885,874.941929,897.702064,921.054266,945.013935,969.596875,994.819298,1020.69784,1047.249568,1074.491995,1102.443087,1131.12128,1160.545488,1190.735116,1221.710077,1253.490799,1286.098242,1319.553914,1353.879877,1389.098773,1425.233829
Nigeria,NGA,LM,0.01244,1360,2025,projected - raised from -7.7% to the 1.244% floor,,,,,,,,,,,,,,,,,,,,,,1890,1960,2050,2100,2360,2600,2870,2760,2370,2020,1950,2260,2460,2860,2940,2590,1710,1360,1376.9184,1394.047265,1411.389213,1428.946895,1446.722994,1464.720228,1482.941348,1501.389138,1520.066419,1538.976045,1558.120907,1577.503931,1597.12808,1616.996354,1637.111788,1657.477459,1678.096478,1698.971999,1720.10721,1741.505344,1763.16967,1785.103501,1807.310189,1829.793127,1852.555754
North Macedonia,MKD,UM,0.061318,9490,2025,projected,,,,,,1710,1440,1390,1780,2160,2220,2010,1910,1920,1820,1850,2120,2610,3070,3430,3730,4540,4860,5010,5140,5090,5400,5630,5550,5440,5390,6050,6520,6460,7050,7570,7940,8300,9490,10071.907876,10689.497183,11344.955835,12040.605904,12778.911849,13562.489241,14394.114037,15276.732407,16213.471176,17207.648898,18262.787615,19382.625334,20571.12927,21832.509897,23171.235868,24592.049847,26099.985305,27700.384359,29398.916692,31201.59964,33114.819512,35145.354212,37300.39725,39587.58323,42015.014894
Northern Mariana Islands,MNP,H,,,,frozen - only 0 of 10 annual rates,,,,,,,,,,,,,,,,,,,,,,,,,,,,,,,,,,,,,,,,,,,,,,,,,,,,,,,,,,,,,,,,
Norway,NOR,H,0.01244,97310,2025,projected - raised from -0.1% to the 1.244% floor,20830,23970,25080,26500,27820,30790,30210,30850,32690,35790,37900,36120,35560,36580,38260,39930,44810,54310,64050,70300,78780,87920,88100,88970,91010,99780,104810,105010,93290,81840,76270,81200,82500,78460,83640,97270,101840,100030,97310,98520.5364,99746.131873,100986.973753,102243.251707,103515.157758,104802.886321,106106.634226,107426.600756,108762.98767,110115.999236,111485.842267,112872.726144,114276.862858,115698.467032,117137.755962,118594.949646,120070.270819,121563.944988,123076.200464,124607.268398,126157.382817,127726.780659,129315.70181,130924.389141,132553.088542
Oman,OMN,H,0.035288,19520,2024,projected,5820,5500,5880,6110,6710,7610,7370,7270,7460,7680,8000,7460,7270,8070,8940,9210,9640,11050,12590,14850,17290,21190,22010,22510,20820,21960,22920,22060,20560,18550,16640,17250,17860,17190,17910,19270,19950,19520,,20208.822003,20921.951166,21660.245239,22424.592243,23215.911533,24035.154908,24883.307754,25761.390228,26670.458487,27611.605959,28585.964654,29594.70653,30639.044903,31720.235901,32839.579981,33998.423488,35198.160279,36440.233398,37726.136808,39057.417193,40435.675818,41862.570449,43339.817357,44869.193372,46452.538026
Pakistan,PAK,LM,0.042724,1500,2025,projected,350,370,370,370,370,400,400,400,430,440,430,410,410,470,530,600,640,740,830,890,940,1000,1020,1000,1020,1110,1210,1250,1280,1360,1450,1560,1520,1370,1420,1510,1450,1430,1500,1564.085549,1630.909071,1700.58754,1773.242931,1849.00243,1927.998654,2010.36989,2096.260329,2185.820326,2279.206657,2376.582798,2478.119207,2583.993628,2694.391396,2809.505764,2929.538245,3054.698957,3185.206998,3321.290825,3463.188656,3611.148889,3765.430529,3926.303652,4094.04987,4268.962827
Palau,PLW,H,0.035123,19890,2025,projected,5270,6040,6490,7020,7580,7380,6560,7120,8010,8770,8780,8690,8250,6860,7520,7740,7790,8370,8910,9300,9700,9780,9880,9860,10560,11170,11800,12730,14180,14970,15520,16040,16280,15440,13980,14100,14750,16920,19890,20588.589524,21311.715365,22060.239301,22835.053383,23637.080989,24467.27793,25326.633589,26216.172097,27136.953555,28090.075298,29076.673204,30097.923043,31155.041884,32249.289541,33381.970076,34554.433354,35768.07665,37024.346316,38324.739503,39670.805945,41064.149809,42506.431604,43999.370157,45544.744671,47144.396834
Panama,PAN,H,0.048744,19140,2025,projected,3290,2770,2570,2660,2750,3030,3260,3430,3430,3500,3490,3510,3620,3810,3770,3890,4030,4490,4880,5270,5990,6770,7120,7500,8860,9870,10950,11520,12570,13180,14230,14910,15640,13070,14920,17130,17830,17950,19140,20072.966582,21051.410001,22077.546994,23153.702352,24282.314189,25465.939459,26707.259757,28009.087388,29374.371742,30806.205975,32307.834016,33882.657918,35534.245564,37266.338753,39082.861674,40987.929798,42985.859201,45081.176345,47278.628332,49583.193655,52000.093484,54534.803489,57193.066249,59980.904261,62904.633585
Papua New Guinea,PNG,LM,0.01244,2890,2025,projected - raised from 0.5% to the 1.244% floor,810,940,950,880,920,970,1120,1160,1060,1030,930,770,670,600,530,490,480,540,650,780,1040,1360,1460,1660,1730,2150,2340,2790,2520,2410,2310,2310,2420,2410,2370,2690,2800,2860,2890,2925.9516,2962.350438,2999.202077,3036.512151,3074.286362,3112.530485,3151.250364,3190.451918,3230.14114,3270.324096,3311.006928,3352.195854,3393.89717,3436.117251,3478.86255,3522.1396,3565.955017,3610.315497,3655.227822,3700.698856,3746.73555,3793.34494,3840.534151,3888.310396,3936.680977
Paraguay,PRY,UM,0.022573,6750,2025,projected,1050,1150,1190,1240,1320,1490,1690,1620,1750,1920,1920,1800,1670,1500,1470,1400,1300,1440,1620,1980,2500,3320,3740,4410,4840,5160,5970,6280,6100,5870,5810,6060,5950,5550,5720,5900,6200,6290,6750,6902.370314,7058.180141,7217.507122,7380.430652,7547.031916,7717.393934,7891.601599,8069.741719,8251.903064,8438.176406,8628.654567,8823.432464,9022.607157,9226.277895,9434.54617,9647.515765,9865.292803,10087.985804,10315.705739,10548.566083,10786.682872,11030.174762,11279.163086,11533.771919,11794.128133
Peru,PER,UM,0.055931,8430,2025,projected,1240,1010,910,840,1220,1420,1550,1760,1950,2150,2270,2150,2030,1960,1890,1940,2060,2270,2520,2790,3190,3770,3950,4400,4960,5780,6410,6520,6340,6130,6090,6500,6850,6080,6550,6930,7100,7530,8430,8901.49589,9399.362879,9925.075924,10480.192472,11066.357083,11685.306297,12338.873781,13028.995759,13757.716749,14527.195621,15339.711994,16197.672985,17103.620344,18060.237982,19070.359924,20136.978705,21263.254231,22452.523148,23708.30872,25034.331272,26434.519207,27913.020649,29474.215726,31122.729553,32863.44593
Philippines,PHL,UM,0.045485,4850,2025,projected,680,740,790,820,820,870,920,1040,1150,1310,1380,1300,1230,1150,1140,1110,1150,1260,1350,1470,1680,1970,2130,2310,2450,2780,3060,3220,3280,3350,3440,3610,3760,3350,3570,4010,4320,4470,4850,5070.601889,5301.237839,5542.364247,5794.458273,6058.018776,6333.56731,6621.649147,6922.834366,7237.718972,7566.926081,7911.107151,8270.943271,8647.14651,9040.461326,9451.666037,9881.574363,10331.037038,10800.943489,11292.2236,11805.84955,12342.837738,12904.250794,13491.199682,14104.845895,14746.403761
Poland,POL,H,0.071689,25520,2025,projected - cut from 8.5% to the H p90 cap of 7.17%,,,,,,2080,2480,2750,3300,3880,4270,4390,4460,4690,4720,4890,5510,6290,7340,8450,9940,11980,12520,12730,12900,13170,13290,13540,13320,12740,12780,14310,15510,15640,17470,19110,19890,21590,25520,27349.50328,29310.161821,31411.378011,33663.22829,36076.511463,38662.800493,41434.497997,44404.895724,47588.238294,50999.791509,54655.915562,58574.143493,62773.265266,67273.41788,72096.181934,77264.685121,82803.713132,88739.828523,95101.49809,101919.229386,109225.717022,117055.99945,125447.626994,134440.841926,144078.771442
Portugal,PRT,H,0.03884,29930,2025,projected,4160,5630,6320,7130,8180,9860,10100,10450,11210,12100,12370,12190,12260,12180,11850,11780,13290,16190,18600,19410,20860,22630,22970,23030,22750,21220,21380,21210,20450,19950,20030,22040,23250,21910,23980,25880,26340,26940,29930,31092.469599,32300.089066,33554.612005,34857.860129,36211.725905,37618.175303,39079.25065,40597.073598,42173.8482,43811.864117,45513.499937,47281.226633,49117.611149,51025.320127,53007.123783,55065.899924,57204.638133,59426.444104,61734.544159,64132.289924,66623.163206,69210.781041,71898.90095,74691.426393,77592.412443
Puerto Rico (U.S.),PRI,H,0.03513,27320,2025,projected,5350,5860,6050,5950,6300,6760,7100,7370,7820,8130,8510,8690,9590,10550,10950,11250,12170,14260,14750,15030,15860,16360,16580,16910,17600,18550,18960,19010,19080,19290,19500,20380,21310,21200,22580,24670,25290,25870,27320,28279.750836,29273.217692,30301.585011,31366.078846,32467.968319,33608.567138,34789.235162,36011.38002,37276.458794,38585.979749,39941.504139,41344.648062,42797.084393,44300.544771,45856.82167,47467.770533,49135.311985,50861.434121,52648.19488,54497.724494,56412.228032,58393.988025,60445.367192,62568.811252,64766.851841
Qatar,QAT,H,0.01244,74330,2025,projected - raised from 0.3% to the 1.244% floor,16780,16470,16690,17040,16270,17900,16400,15860,16060,17000,21470,19860,19050,19620,23090,25590,28090,35220,40110,53410,58500,66030,63010,71900,82960,92750,96070,91410,80090,69170,60920,63410,65700,57730,66970,71050,79430,76570,74330,75254.6652,76190.833235,77138.647201,78098.251972,79069.794226,80053.422466,81049.287042,82057.540173,83078.335972,84111.830472,85158.181643,86217.549423,87290.095737,88375.984528,89475.381776,90588.455525,91715.375912,92856.315188,94011.447749,95180.950159,96365.001179,97563.781794,98777.475239,100006.267031,101250.344993
Romania,ROU,H,0.071689,20190,2025,projected - cut from 8.2% to the H p90 cap of 7.17%,,,,,,1240,1190,1270,1490,1640,1590,1580,1610,1710,1760,1950,2250,2960,3880,4900,6510,8800,9220,8770,9080,9260,9390,9760,9610,9460,10030,11490,12660,12720,14180,15390,16590,17600,20190,21637.40091,23188.564544,24850.929547,26632.467836,28541.722822,30587.85039,32780.662796,35130.675732,37649.158744,40348.189285,43240.710627,46340.593931,49662.70477,53222.974412,57038.476224,61127.507546,65509.677435,70206.000701,75238.998685,80632.807261,86413.292581,92608.175113,99247.162579,106362.092417,113987.08446
Russian Federation,RUS,H,0.071689,15960,2025,projected - cut from 8.2% to the H p90 cap of 7.17%,,,,,3440,3090,2920,2650,2640,2600,2650,2130,1750,1710,1780,2100,2590,3410,4450,5810,7560,9580,9230,9980,11060,13470,15160,14590,11740,9680,9160,10180,11190,10660,11710,12890,14400,15330,15960,17104.15644,18330.336311,19644.419791,21052.708601,22561.956228,24179.400308,25912.797337,27770.459865,29761.296362,31894.853937,34181.364121,36631.791934,39257.888466,42072.247232,45088.364564,48320.704331,51784.767304,55497.165487,59475.701784,63739.455369,68308.873185,73205.867994,78453.923465,84078.206784,90105.68935
Rwanda,RWA,L,0.055948,1150,2025,projected - cut from 5.9% to the L p90 cap of 5.59%,320,360,350,340,300,300,250,130,220,200,220,230,250,270,260,260,250,270,310,350,390,470,530,580,630,680,700,710,720,720,720,760,820,780,850,970,1030,1070,1150,1214.3402,1282.280106,1354.021113,1429.775886,1509.768987,1594.237543,1683.431945,1777.616595,1877.070688,1982.089039,2092.982957,2210.081167,2333.730788,2464.298359,2602.170923,2747.757182,2901.488701,3063.821191,3235.235859,3416.240834,3607.372677,3809.197963,4022.314971,4247.355449,4484.986491
Samoa,WSM,UM,0.036436,5640,2025,projected,710,920,1040,1050,1000,1010,1060,820,990,1320,1330,1360,1380,1410,1410,1420,1570,1850,2240,2470,2660,2970,3160,3430,3570,3590,3750,3830,3970,4120,4100,4100,4270,4080,3990,4130,4800,5040,5640,5845.496487,6058.480351,6279.224398,6508.011376,6745.134332,6990.896993,7245.614151,7509.612068,7783.228894,8066.815099,8360.733922,8665.361838,8981.089039,9308.319934,9647.473665,9998.984648,10363.303126,10740.895748,11132.246163,11537.855644,11958.24373,12393.948885,12845.529196,13313.563082,13798.65004
San Marino,SMR,H,,,,frozen - only 6 of 10 annual rates,,,,,,,,,,,,,,,,,,,,,,,,,,,,,,,40010,41800,43770,40570,48190,53950,53910,,,,,,,,,,,,,,,,,,,,,,,,,,,
Saudi Arabia,SAU,H,0.018485,36070,2025,projected,11990,11640,10820,11230,12160,12720,11970,11180,11020,11280,11440,10780,10250,10450,10540,10310,11140,12880,14620,16250,17870,20540,19810,21820,24110,27610,28620,29080,26580,23940,23130,26570,29140,26940,30480,35110,36330,35990,36070,36736.767922,37415.861308,38107.507998,38811.940045,39529.393792,40260.109948,41004.333676,41762.314668,42534.307232,43320.570378,44121.367902,44936.968479,45767.645749,46613.678409,47475.350312,48352.950553,49246.773574,50157.11926,51084.293039,52028.605984,52990.37492,53969.922528,54967.577452,55983.674414,57018.554322
Senegal,SEN,LM,0.023822,1780,2025,projected,800,920,920,900,910,960,910,760,720,690,700,680,670,650,640,610,710,850,980,1020,1090,1240,1330,1340,1310,1320,1350,1370,1320,1270,1270,1390,1430,1430,1540,1590,1620,1630,1780,1822.403964,1865.818094,1910.266455,1955.773685,2002.365008,2050.066251,2098.903855,2148.90489,2200.097073,2252.508779,2306.16906,2361.10766,2417.355033,2474.942356,2533.90155,2594.265297,2656.067056,2719.341084,2784.122456,2850.447078,2918.351715,2987.874007,3059.05249,3131.92662,3206.53679
Serbia,SRB,UM,0.090712,13480,2025,projected - cut from 10.0% to the UM p90 cap of 9.07%,,,,,,,,,,,3210,3250,2800,1720,1630,1610,2510,3340,3940,4280,5000,6250,6680,6500,6380,6310,6630,6450,6210,5920,5810,6700,7380,7790,8890,9790,10750,11610,13480,14702.79776,16036.51795,17491.222567,19077.886348,20808.479575,22696.058374,24754.863221,27000.426373,29449.689051,32121.129244,35034.90112,38212.98707,41679.363553,45460.18198,49583.966008,54081.826732,58987.697399,64338.589405,70174.871527,76540.574473,83483.723065,91056.698552,99316.633791,108325.844275,118152.298261
Seychelles,SYC,H,0.060478,19200,2025,projected,3440,4250,4820,5370,5550,6400,6850,6900,6910,7430,7940,7520,7630,7920,7860,7330,8000,9870,11850,13380,12890,11520,10310,10160,11150,12540,12350,13340,14750,15630,16180,17620,18700,15400,14890,14390,16340,17700,19200,20361.16801,21592.560559,22898.424652,24283.264141,25751.855261,27309.263101,28960.859075,30712.339445,32569.74497,34539.481738,36628.343263,38843.533912,41192.693755,43683.924914,46325.819506,49127.489279,52098.597038,55249.389968,58590.734979,62134.156185,65891.874648,69876.850532,74102.827797,78584.381605,83336.968585
Sierra Leone,SLE,L,0.01244,830,2025,projected - raised from -1.2% to the 1.244% floor,180,180,210,190,180,140,160,170,190,210,200,170,160,150,170,260,420,410,440,440,480,580,650,690,710,830,970,970,950,930,840,830,850,840,890,920,870,820,830,840.3252,850.778845,861.362534,872.077884,882.926533,893.910139,905.030381,916.288959,927.687594,939.228028,950.912024,962.74137,974.717872,986.843363,999.119694,1011.548743,1024.13241,1036.872617,1049.771312,1062.830467,1076.052078,1089.438166,1102.990777,1116.711982,1130.603879
Singapore,SGP,H,0.034756,81760,2025,projected,8080,9320,10320,11450,12970,15270,17710,20780,23630,25610,27730,24010,23360,23680,22130,22000,23440,26170,28830,32550,36010,37230,37320,44930,48250,51710,54470,56380,53160,53600,55360,56440,58510,56290,65540,68100,69530,75820,81760,84601.64799,87542.060208,90584.6693,93733.027218,96990.809366,100361.818887,103849.991109,107459.398135,111194.253599,115058.917581,119057.901703,123195.874392,127477.666329,131908.276093,136492.87599,141236.818097,146145.640506,151225.073793,156481.047704,161919.698079,167547.374015,173370.645279,179396.309976,185631.402485,192083.201674
Sint Maarten (Dutch part),SXM,H,0.035173,38950,2024,projected,,,,,,,,,,,,,,,,,,,,,,,,,26550,26910,27400,29620,31890,35260,32950,31140,34060,29440,31430,36960,38260,38950,,40319.994589,41738.176217,43206.239774,44725.939766,46299.092409,47927.577803,49613.342173,51358.400204,53164.837441,55034.812784,56970.561069,58974.395739,61048.711606,63195.987718,65418.790316,67719.775906,70101.694431,72567.392558,75119.817079,77762.018438,80497.154368,83328.493672,86259.420126,89293.436527,92434.168872
Slovak Republic,SVK,H,0.039586,26410,2025,projected,,,,,,2320,2480,2890,3430,3960,4250,4230,4010,3960,3960,4220,4890,6520,8490,10090,12280,15130,16220,17370,17560,17830,18280,18380,17800,16900,16710,18460,19230,19420,21010,21890,22710,23560,26410,27455.464104,28542.313865,29672.187571,30846.788366,32067.886812,33337.323562,34657.01213,36028.941783,37455.180532,38937.87825,40479.26992,42081.678995,43747.520904,45479.306695,47279.646817,49151.255056,51096.952626,53119.672422,55222.463438,57408.495367,59681.063378,62043.593081,64499.645691,67052.9234,69707.274952
Slovenia,SVN,H,0.046586,35520,2025,projected,,,,,,7120,6900,7610,9410,10510,11230,10970,11270,11200,10840,10780,12510,15490,18180,19710,21710,24530,24260,24370,24340,23010,23040,23400,22080,21610,22040,24510,25900,25380,28320,29590,31020,31790,35520,37174.730641,38906.548373,40719.044368,42615.977092,44601.280107,46679.07022,48853.656024,51129.546833,53511.46203,56004.340855,58613.352646,61343.907562,64201.667794,67192.559317,70322.784169,73598.833316,77027.500113,80615.894387,84371.457185,88301.9762,92415.601922,96720.86454,101226.691628,105942.426659,110877.84838
Solomon Islands,SLB,LM,0.01244,2020,2025,projected - raised from -1.0% to the 1.244% floor,570,570,560,600,620,750,800,940,1120,1230,1220,1150,1080,920,870,790,870,980,1130,1190,1260,1380,1460,1600,1690,1820,2090,2090,2010,2000,2020,2150,2210,2170,2120,2010,1980,1910,2020,2045.1288,2070.570202,2096.328096,2122.406417,2148.809153,2175.540339,2202.604061,2230.004455,2257.745711,2285.832067,2314.267818,2343.05731,2372.204943,2401.715172,2431.592509,2461.84152,2492.466828,2523.473116,2554.865121,2586.647643,2618.82554,2651.40373,2684.387192,2717.780969,2751.590164
"Somalia, Fed. Rep.",SOM,L,0.032796,640,2025,projected,150,160,160,160,140,120,130,130,190,230,240,270,320,370,320,270,260,310,390,450,480,510,380,290,250,280,340,410,440,450,500,510,520,500,540,570,600,620,640,660.989247,682.666852,705.055388,728.178172,752.059285,776.723594,802.196788,828.505392,855.676805,883.739324,912.722173,942.655535,973.570582,1005.499509,1038.475568,1072.533101,1107.707573,1144.035617,1181.555065,1220.304989,1260.325744,1301.659008,1344.347825,1388.436651,1433.971402
South Africa,ZAF,UM,0.01244,6270,2025,projected - raised from 1.1% to the 1.244% floor,2220,2660,2810,2830,2960,3230,3380,3550,3730,3790,3750,3390,3300,3260,3060,2870,3160,4040,5430,6120,6440,6490,6350,6730,7620,8220,7930,7230,6450,5880,5850,6250,6570,5930,6320,6530,6490,6110,6270,6347.9988,6426.967905,6506.919386,6587.865463,6669.818509,6752.791052,6836.795772,6921.845512,7007.95327,7095.132209,7183.395653,7272.757095,7363.230193,7454.828777,7547.566847,7641.458579,7736.518323,7832.760611,7930.200153,8028.851843,8128.73076,8229.852171,8332.231532,8435.884492,8540.826895
South Sudan,SSD,L,,,,frozen - only 0 of 10 annual rates,,,,,,,,,,,,,,,,,,,,,,,,,770,800,1080,1170,1050,,,,,,,,,,,,,,,,,,,,,,,,,,,,,,,,,,,
Spain,ESP,H,0.026081,37120,2025,projected,7100,9400,10690,12190,13680,15590,15000,14460,14810,15540,15790,15410,15450,15770,15530,15630,18080,22140,25910,27860,29780,32270,32630,32060,31170,29710,29400,29350,28700,27760,27290,29530,30560,27410,30380,32690,32980,33550,37120,38088.145006,39081.540678,40100.845592,41146.7355,42219.903778,43321.061886,44450.939841,45610.2867,46799.871055,48020.481546,49272.92738,50558.038872,51876.667989,53229.688921,54617.998659,56042.517587,57504.190095,59003.985204,60542.897208,62121.946334,63742.179418,65404.670599,67110.522032,68860.864616,70656.858747
Sri Lanka,LKA,UM,0.028158,4670,2025,projected,450,480,470,490,530,580,630,670,720,760,810,810,830,860,810,820,910,1030,1170,1320,1500,1740,1950,2360,2830,3340,3630,3810,3920,4020,4220,4350,4220,3880,4010,3620,3550,3870,4670,4801.497606,4936.697915,5075.705186,5218.626617,5365.572422,5516.655918,5671.993616,5831.705304,5995.914145,6164.746769,6338.333374,6516.80782,6700.307741,6888.974642,7082.954015,7282.395449,7487.452745,7698.284032,7915.051895,8137.923496,8367.070704,8602.670226,8844.903746,9093.958065,9350.025242
St. Kitts and Nevis,KNA,H,0.045835,24530,2025,projected,3660,4350,4610,5200,5260,5710,6180,6680,7260,7620,7980,7690,8100,8890,9200,9190,9190,10390,11750,12650,13350,15980,15840,15970,16760,17010,18460,18850,18670,19640,20420,21930,23670,19340,19070,21420,21870,21960,24530,25654.331025,26830.195692,28059.956044,29346.082384,30691.158246,32097.885576,33569.090166,35107.727326,36716.887825,38399.804096,40159.856729,42000.581266,43925.675297,45939.005893,48044.617372,50246.739422,52549.795599,54958.412213,57477.42762,60111.901941,62867.127229,65748.638097,68762.222836,71913.935045,75210.105786
St. Lucia,LCA,UM,0.060856,13410,2025,projected,2780,3290,3550,3740,3870,4410,4410,4480,4610,4800,4710,4870,5100,5500,5270,5280,5650,6300,6550,7210,7500,8150,8130,8240,8890,9000,8710,9040,9020,9710,10260,11060,11060,8700,10030,11680,12440,12840,13410,14226.073124,15091.808839,16010.22939,16984.540942,18018.144774,19114.649151,20277.881921,21511.903878,22821.022939,24209.809179,25683.11079,27246.071004,28904.146043,30663.124176,32529.145916,34508.725463,36608.773442,38836.621027,41200.045534,43707.297575,46367.129855,49188.827731,52182.241625,55357.821412,58726.6529
St. Martin (French part),MAF,H,,,,frozen - only 0 of 10 annual rates,,,,,,,,,,,,,,,,,,,,,,,,,,,,,,,,,,,,,,,,,,,,,,,,,,,,,,,,,,,,,,,,
St. Vincent and the Grenadines,VCT,UM,0.061256,12000,2025,projected,1600,1880,1960,2030,2140,2440,2570,2530,2760,2860,2930,3040,3140,3390,3660,4010,4430,4800,5060,5580,6030,6380,6530,6310,6390,6720,6980,6860,7110,7480,7730,8370,8700,8360,8720,9520,10210,11210,12000,12735.07304,13515.173777,14343.060433,15221.660186,16154.079522,17143.615217,18193.765996,19308.244902,20490.992425,21746.190433,23078.276958,24491.961891,25992.243631,27584.426759,29274.140795,31067.3601,32970.425002,34990.064213,37133.418619,39408.066527,41822.050465,44383.905612,47102.689981,49988.01644,53050.086706
Sudan,SDN,L,0.01244,900,2025,projected - raised from -5.9% to the 1.244% floor,460,530,640,750,1030,510,360,310,390,390,400,340,330,330,370,420,510,620,750,920,1160,1350,1310,1230,1250,1120,1060,1130,1180,1140,1010,810,720,600,620,720,660,710,900,911.196,922.531278,934.007567,945.626621,957.390217,969.300151,981.358245,993.566341,1005.926307,1018.44003,1031.109424,1043.936425,1056.922994,1070.071116,1083.382801,1096.860083,1110.505022,1124.319705,1138.306242,1152.466772,1166.803458,1181.318493,1196.014095,1210.892511,1225.956014
Suriname,SUR,UM,0.019497,6140,2025,projected,2420,2890,2170,1400,1130,1050,990,1130,1360,1660,1860,2070,1950,1950,1640,1870,2120,2710,3190,3880,4860,6090,6700,7330,7620,8220,8610,8900,8550,6660,5700,5730,6000,4710,4490,5040,5210,5690,6140,6259.709482,6381.752899,6506.175755,6633.02444,6762.346251,6894.189406,7028.603061,7165.637333,7305.343316,7447.773098,7592.979786,7741.017518,7891.941492,8045.807978,8202.674347,8362.599086,8525.641823,8691.863349,8861.325638,9034.091877,9210.226479,9389.795118,9572.864745,9759.503618,9949.781325
Sweden,SWE,H,0.01244,63010,2025,projected - raised from -0.1% to the 1.244% floor,19360,24190,26090,27760,29110,31340,28200,27700,28090,30400,31400,31100,31310,31600,29710,29130,32690,39690,45690,49090,52180,55370,52390,54380,56450,58840,61530,61350,57900,53850,52240,54930,56100,54590,59840,61930,60540,58510,63010,63793.8444,64587.439824,65390.907576,66204.370466,67027.952835,67861.780568,68705.981118,69560.683523,70426.018426,71302.118095,72189.116445,73087.149053,73996.353187,74916.867821,75848.833657,76792.393147,77747.690518,78714.871788,79694.084793,80685.479208,81689.206569,82705.420299,83734.275728,84775.930118,85830.542688
Switzerland,CHE,H,0.01244,110330,2025,projected - raised from 1.0% to the 1.244% floor,27180,35140,36320,37570,38680,42330,41880,44200,49030,51070,49970,46650,44710,45030,42520,41320,47270,55630,63630,66250,65160,65820,73030,80400,82540,88060,92160,90030,88150,84250,81790,84760,84160,83150,91900,97920,98160,99920,110330,111702.5052,113092.084365,114498.949894,115923.316831,117365.402892,118825.428504,120303.616835,121800.193828,123315.388239,124849.431669,126402.558599,127975.006428,129567.015508,131178.829181,132810.693816,134462.858847,136135.576811,137829.103387,139543.697433,141279.621029,143037.139514,144816.52153,146618.039058,148441.967464,150288.585539
Syrian Arab Republic,SYR,L,,,,frozen - only 7 of 10 annual rates,1170,1130,800,810,900,1010,990,890,830,810,820,860,820,890,1000,1100,1120,1260,1390,1520,1670,1950,2250,2480,2600,1980,1270,1070,900,750,720,810,970,820,730,720,,,,,,,,,,,,,,,,,,,,,,,,,,,,
São Tomé and Príncipe,STP,LM,0.074681,3800,2025,projected - cut from 9.2% to the LM p90 cap of 7.47%,900,980,890,820,800,780,780,820,830,840,710,590,510,480,510,520,600,690,800,910,940,1000,1070,1090,1140,1170,1330,1440,1400,1420,1440,1660,1810,2030,2220,2820,2810,2910,3800,4083.7878,4388.769157,4716.526826,5068.761766,5447.301963,5854.111921,6291.302854,6761.143642,7266.072611,7808.710179,8391.872464,9018.585892,9692.102904,10415.918841,11193.790076,12029.753513,12928.147535,13893.634521,14931.225041,16046.303858,17244.657877,18532.506172,19916.532265,21403.918811,23002.384872
"Taiwan, China",TWN,H,,,,frozen - only 0 of 10 annual rates,,,,,,,,,,,,,,,,,,,,,,,,,,,,,,,,,,,,,,,,,,,,,,,,,,,,,,,,,,,,,,,,
Tajikistan,TJK,LM,0.039706,2080,2025,projected,,,,,,340,290,210,210,170,160,170,170,170,160,170,210,260,370,460,570,730,790,910,1000,1130,1300,1320,1230,1090,1000,1000,1050,1030,1130,1360,1400,1650,2080,2162.588235,2248.455709,2337.732627,2430.554364,2527.06167,2627.400883,2731.724153,2840.189671,2952.961908,3070.211866,3192.117337,3318.863173,3450.641563,3587.652331,3730.103233,3878.210273,4032.198034,4192.300014,4358.758986,4531.827357,4711.767561,4898.852449,5093.365708,5295.602288,5505.868849
Tanzania,TZA,LM,0.024564,1270,2025,projected,500,400,320,280,270,260,250,230,240,280,310,350,380,400,400,410,430,460,490,510,530,590,660,720,760,810,880,970,970,960,960,1010,1050,1060,1130,1210,1220,1210,1270,1301.196134,1333.158566,1365.90612,1399.45808,1433.834208,1469.054746,1505.140438,1542.112535,1579.99281,1618.803571,1658.567676,1699.308541,1741.050161,1783.817117,1827.634595,1872.528401,1918.524973,1965.6514,2013.935435,2063.405513,2114.090769,2166.021052,2219.226943,2273.739779,2329.591661
Thailand,THA,UM,0.022199,7690,2025,projected,990,1200,1370,1540,1710,1930,2170,2420,2750,2960,2680,2080,1980,1980,1960,1980,2170,2520,2770,3070,3480,3900,4060,4490,4840,5400,5580,5620,5560,5550,5800,6430,7070,6910,7100,7220,7210,7130,7690,7860.709504,8035.208571,8213.581325,8395.913756,8582.293766,8772.811207,8967.557924,9166.627803,9370.116813,9578.123055,9790.746805,10008.090568,10230.259122,10457.359573,10689.501403,10926.796525,11169.359336,11417.306774,11670.758371,11929.836314,12194.6655,12465.373603,12742.091125,13024.951472,13314.091005
Timor-Leste,TLS,LM,0.01244,1510,2025,projected - raised from -3.0% to the 1.244% floor,,,,,,450,510,570,620,670,690,660,500,660,710,790,690,820,970,1360,1900,3040,2370,2870,3740,3570,3190,2700,2180,1730,1780,1790,2180,2040,2050,1820,1900,1650,1510,1528.7844,1547.802478,1567.057141,1586.551332,1606.28803,1626.270253,1646.501055,1666.983528,1687.720803,1708.71605,1729.972478,1751.493336,1773.281913,1795.34154,1817.675588,1840.287473,1863.180649,1886.358616,1909.824917,1933.583139,1957.636914,1981.989917,2006.645871,2031.608546,2056.881756
Togo,TGO,LM,0.042853,1350,2025,projected,450,570,580,580,570,590,500,460,450,450,510,470,460,450,430,440,510,570,590,600,610,680,760,790,850,840,890,910,910,870,850,920,950,970,1040,1130,1190,1220,1350,1407.851578,1468.18227,1531.098315,1596.710502,1665.13437,1736.490407,1810.904266,1888.506983,1969.435211,2053.831458,2141.84434,2233.628839,2329.346581,2429.166118,2533.263223,2641.821204,2755.031221,2873.092631,2996.213328,3124.610118,3258.5091,3398.146056,3543.766879,3695.627993,3853.996815
Tonga,TON,UM,0.045564,6840,2025,projected,830,1020,1100,1170,1280,1380,1460,1740,1980,2240,2200,2130,2050,2010,1920,1890,1870,2050,2290,2560,2720,3130,3090,3270,3660,4130,4330,4360,4220,4280,4450,4650,4980,5210,5240,5390,5910,6270,6840,7151.659672,7477.519893,7818.2277,8174.459613,8546.922976,8936.357365,9343.53605,9769.267539,10214.397177,10679.808825,11166.426621,11675.216805,12207.189648,12763.40145,13344.956642,13953.009978,14588.768826,15253.495567,15948.510104,16675.192477,17434.98561,18229.398169,19060.007564,19928.463077,20836.489141
Trinidad and Tobago,TTO,H,0.01244,18550,2025,projected - raised from -2.1% to the 1.244% floor,4200,3840,3540,3610,3790,4290,3960,3760,3850,4090,4340,4450,4700,5180,5830,6480,7740,9300,11200,13320,15060,17420,16330,16590,15060,17960,20110,20620,20650,17870,16930,16800,17240,15040,16310,16100,19880,19290,18550,18780.762,19014.394679,19250.933749,19490.415365,19732.876132,19978.353111,20226.883824,20478.506259,20733.258876,20991.180617,21252.310904,21516.689651,21784.357271,22055.354675,22329.723287,22607.505045,22888.742408,23173.478363,23461.756434,23753.620684,24049.115725,24348.286725,24651.179412,24957.840084,25268.315615
Tunisia,TUN,LM,0.01244,4300,2025,projected - raised from -0.5% to the 1.244% floor,1260,1320,1280,1400,1450,1660,1640,1700,1780,1960,2110,2140,2250,2260,2220,2150,2420,2860,3120,3290,3490,3820,4020,4140,4060,4250,4300,4310,4130,3930,3700,3700,3590,3270,3640,3890,3850,3880,4300,4353.492,4407.64944,4462.4806,4517.993858,4574.197702,4631.100721,4688.711614,4747.039187,4806.092354,4865.880143,4926.411692,4987.696253,5049.743195,5112.562,5176.162271,5240.55373,5305.746219,5371.749701,5438.574268,5506.230132,5574.727634,5644.077246,5714.289567,5785.375329,5857.345399
Turkmenistan,TKM,UM,0.01244,6340,2025,projected - raised from -2.2% to the 1.244% floor,,,,1040,900,750,800,680,610,610,550,560,620,590,630,720,940,1240,1500,1770,2160,2800,3260,3720,4300,5040,5880,6480,6300,5890,5250,4690,4350,4180,4160,4490,4830,5640,6340,6418.8696,6498.720338,6579.564419,6661.4142,6744.282193,6828.181063,6913.123636,6999.122894,7086.191983,7174.344211,7263.593053,7353.95215,7445.435315,7538.05653,7631.829954,7726.769918,7822.890936,7920.207699,8018.735083,8118.488148,8219.48214,8321.732498,8425.25485,8530.065021,8636.179029
Turks and Caicos Islands,TCA,H,0.069414,36760,2024,projected,,,,,,,,,,,,,,,,,,,,,,,,,,,,25350,26940,28810,41130,36690,31510,20840,27480,31590,36060,36760,,39311.640683,42040.399706,44958.571475,48079.303793,51416.6571,54985.667819,58802.416105,62884.098292,67249.104373,71917.100853,76909.119361,82247.651402,87956.749699,94062.136557,100591.319755,107573.716486,115040.785893,123026.170809,131565.849332,140698.296928,150464.659781,160908.940174,172078.194745,184022.746496,196796.411527
Tuvalu,TUV,UM,0.034293,9780,2025,projected,1320,1660,1720,2130,2300,2410,2220,2520,2450,2350,2860,2940,2710,2350,2780,3420,2610,3380,3800,3900,4650,4790,4890,4460,4740,4460,5580,4790,5650,5390,5320,6230,6860,6920,7460,7460,7520,7970,9780,10115.38936,10462.280359,10821.067426,11192.158518,11575.975581,11972.955034,12383.548257,12808.222115,13247.459479,13701.759781,14171.639582,14657.633153,15160.293093,15680.190945,16217.917858,16774.08525,17349.325508,17944.292704,18559.663343,19196.137128,19854.437756,20535.313746,21239.539281,21967.915098,22721.269391
Türkiye,TUR,UM,0.022029,16300,2025,projected,1680,1800,1850,2220,2490,2830,3030,2570,3030,3410,4250,4150,3930,4180,3480,3500,3860,5170,6710,7780,8930,9830,9610,10460,11260,11950,12640,12670,12080,11350,11140,10760,9970,9330,10230,10870,11980,13430,16300,16659.079971,17026.070275,17401.145173,17784.482762,18176.265066,18576.678118,18985.912047,19404.161173,19831.624095,20268.503789,20715.0077,21171.347846,21637.740912,22114.408358,22601.576525,23099.476737,23608.345414,24128.424187,24659.960007,25203.205266,25758.417918,26325.861597,26905.805745,27498.525742,28104.303033
Uganda,UGA,L,0.042124,1120,2025,projected,310,390,400,320,240,190,180,180,230,270,300,290,280,270,240,250,250,280,310,350,380,430,550,680,860,830,810,830,850,810,760,770,810,820,860,930,970,1010,1120,1167.178805,1216.344967,1267.582201,1320.977749,1376.622527,1434.611282,1495.042752,1558.019832,1623.649755,1692.044269,1763.319828,1837.597795,1915.004641,1995.672169,2079.737729,2167.344462,2258.641535,2353.7844,2452.935057,2556.262329,2663.942152,2776.157873,2893.100561,3014.969335,3141.971702
Ukraine,UKR,UM,0.066524,5510,2025,projected,,,1620,1600,1510,1410,1220,1000,920,860,880,840,760,680,710,780,970,1250,1530,1930,2560,3170,2810,2990,3100,3600,3900,3500,2760,2330,2330,2720,3270,3530,4060,3930,4980,5230,5510,5876.547208,6267.4786,6684.416309,7129.09038,7603.345947,8109.150888,8648.603994,9223.943676,9837.557251,10491.990851,11189.959989,11934.360822,12728.282171,13575.018339,14478.08278,15441.222674,16468.43448,17563.980519,18732.406656,19978.561166,21307.614852,22725.082497,24236.845752,25849.177536,27568.768071
United Arab Emirates,ARE,H,0.046478,51550,2024,projected,24940,24020,25390,29240,27120,27190,26150,26670,28240,28320,28830,26620,24390,28170,28360,27200,29030,33220,36880,41670,43420,44890,41310,42380,45610,51180,53780,53360,49990,46180,42230,44570,46690,41310,43230,46990,51100,51550,,53945.933188,56453.2242,59077.048709,61822.822941,64696.214857,67703.155853,70849.853002,74142.801871,77588.799924,81194.96056,84968.72779,88917.891609,93050.604073,97375.396129,101901.195222,106637.343729,111593.618238,116780.249732,122207.944709,127887.907281,133831.862303,140052.079578,146561.399181,153373.257966,160501.717305
United Kingdom,GBR,H,0.01244,54550,2025,projected - raised from 1.0% to the 1.244% floor,12730,16120,17390,18640,19450,21690,21650,22210,21360,22970,25630,27040,28210,29550,29190,29260,32370,37910,42840,44960,47640,48720,44370,42010,41240,41940,42960,44780,44630,43310,42140,42540,43640,39350,45880,49690,48800,49320,54550,55228.602,55915.645809,56611.236443,57315.480224,58028.484798,58750.359149,59481.213617,60221.159914,60970.311144,61728.781814,62496.68786,63274.146657,64061.277041,64858.199328,65665.035327,66481.908367,67308.943307,68146.266562,68994.006118,69852.291554,70721.254061,71601.026461,72491.74323,73393.540516,74306.55616
United States,USA,H,0.04072,88810,2025,projected,21390,23490,23770,24060,24270,25680,26390,27660,29040,30270,31280,32040,33680,35960,36710,37320,39770,43520,46190,47850,48530,49110,47910,49180,50620,52610,53750,55520,56320,56830,58860,63040,65840,64630,71510,77230,79950,82910,88810,92426.315807,96189.886879,100106.709404,104183.023733,108425.324326,112840.370089,117435.195155,122217.120079,127193.763512,132373.054331,137763.244274,143372.921088,149211.022213,155286.849015,161610.08161,168190.794286,175039.471552,182167.024844,189584.809908,197304.644891,205338.829174,213700.162963,222401.967685,231458.107211,240883.009946
Uruguay,URY,H,0.048798,24020,2025,projected,2210,2600,2730,2850,3190,3850,4380,5080,5590,6240,7080,7360,7400,7180,6610,5210,4300,4180,4770,5470,6510,7930,9140,10930,12730,14230,16480,17140,17070,16490,16720,17700,18390,16130,16220,18050,20070,22000,24020,25192.121847,26421.440598,27710.747333,29062.969329,30481.176711,31968.589415,33528.584506,35164.70384,36880.66211,38680.355274,40567.869407,42547.489975,44623.711563,46801.248084,49085.043478,51480.282938,53992.404684,56627.112308,59390.387724,62288.504751,65328.043354,68515.904589,71859.326265,75365.899382,79043.58536
Uzbekistan,UZB,LM,0.059082,3670,2025,projected,,,,630,650,600,590,570,580,590,610,610,650,620,550,450,420,460,520,600,760,970,1150,1460,1880,2460,2780,3000,3170,3230,2890,2490,2240,2090,2360,2620,2880,3170,3670,3886.831098,4116.47302,4359.682656,4617.261614,4890.058863,5178.973531,5484.957868,5809.020385,6152.229177,6515.715446,6900.677226,7308.383335,7740.177554,8197.483057,8681.807103,9194.746004,9737.990383,10313.330749,10922.6634,11567.996669,12251.457546,12975.298687,13741.905842,14553.805714,15413.674289
Vanuatu,VUT,LM,0.050453,4410,2025,projected,890,980,1100,1220,1110,1140,1160,1210,1250,1340,1400,1450,1430,1420,1360,1210,1350,1580,1770,1980,2080,2430,2500,2580,2790,2840,3160,3330,3400,3390,3550,3910,4120,3740,3990,4340,4210,4130,4410,4632.497906,4866.221509,5111.737177,5369.639857,5640.554512,5925.137634,6224.078841,6538.102539,6867.969688,7214.479638,7578.472068,7960.829022,8362.477047,8784.389436,9227.588588,9693.148484,10182.197292,10695.9201,11235.561784,11802.430033,12397.898507,13023.410177,13680.480811,14370.702657,15095.748293
"Venezuela, RB",VEN,LM,0.01244,3860,2025,projected - raised from -2.3% to the 1.244% floor,3350,3390,2450,2600,2670,2840,2820,2710,3010,3060,3420,3380,3530,4060,4540,3940,3450,4050,4910,6040,7520,9260,10240,11650,11850,12480,10330,8380,5280,3680,2950,2800,2370,1670,1790,2260,3040,3840,3860,3908.0184,3956.634149,4005.854678,4055.68751,4106.140263,4157.220647,4208.936472,4261.295642,4314.30616,4367.976128,4422.313751,4477.327334,4533.025287,4589.416121,4646.508458,4704.311023,4762.832652,4822.08229,4882.068994,4942.801932,5004.290388,5066.543761,5129.571565,5193.383435,5257.989125
Viet Nam,VNM,UM,0.065708,4970,2025,projected,,,220,130,110,140,170,200,260,310,350,360,370,390,410,430,480,550,650,740,860,1000,1120,1370,1630,1980,2200,2390,2460,2560,2680,3020,3290,3400,3540,3980,4140,4490,4970,5296.568916,5644.596033,6015.491326,6410.757419,6831.995669,7280.912655,7759.327092,8269.1772,8812.528555,9391.582459,10008.684854,10666.335832,11367.199762,12114.116081,12910.110801,13758.408767,14662.446722,15625.887232,16652.63352,17746.845287,18912.955554,20155.688632,21480.079253,22891.492975,24395.647914
Virgin Islands (U.S.),VIR,H,,,,frozen - only 0 of 10 annual rates,,,,,,,,,,,,,,,,,,,,,,,,,,,,,,,,,,,,,,,,,,,,,,,,,,,,,,,,,,,,,,,,
West Bank and Gaza,PSE,LM,0.035181,3250,2025,projected,,,,,,,,,,1470,1630,1780,1800,1550,1370,1190,1370,1640,1780,1710,1790,2040,2250,2510,2880,3210,3470,3560,3670,3900,3930,4190,4200,3700,4270,4720,4450,2980,3250,3364.339237,3482.701078,3605.227042,3732.063629,3863.362493,3999.280623,4139.980529,4285.630441,4436.404507,4592.483002,4754.052541,4921.306307,5094.444279,5273.67347,5459.208178,5651.270239,5850.089294,6055.903062,6268.957627,6489.507729,6717.817072,6954.158634,7198.815001,7452.078698,7714.252542
"Yemen, Rep.",YEM,L,,,,frozen - only 3 of 10 annual rates,,,,,,1100,1240,1470,1160,620,420,350,340,380,430,460,480,540,620,710,780,880,960,1040,930,1080,1230,1250,1030,970,880,740,,,,,,,,,,,,,,,,,,,,,,,,,,,,,,,,
Zambia,ZMB,LM,0.01244,1200,2025,projected - raised from -2.6% to the 1.244% floor,270,340,420,450,410,380,390,370,390,420,420,370,370,350,360,370,420,470,570,720,900,1170,1260,1310,1380,1640,1710,1740,1530,1320,1260,1390,1380,1110,1050,1170,1270,1190,1200,1214.928,1230.041704,1245.343423,1260.835495,1276.520289,1292.400201,1308.47766,1324.755122,1341.235076,1357.92004,1374.812565,1391.915234,1409.230659,1426.761488,1444.510401,1462.480111,1480.673363,1499.09294,1517.741656,1536.622362,1555.737945,1575.091325,1594.685461,1614.523348,1634.608018
Zimbabwe,ZWE,LM,0.074681,2660,2025,projected - cut from 10.8% to the LM p90 cap of 7.47%,590,690,740,730,700,550,510,490,470,560,520,410,400,350,390,370,340,320,320,280,240,120,450,640,960,1150,1220,1270,1330,1240,1680,2140,2430,1980,2330,2580,2550,2400,2660,2858.65146,3072.13841,3301.568778,3548.133236,3813.111374,4097.878345,4403.911998,4732.80055,5086.250827,5466.097125,5874.310725,6313.010124,6784.472033,7291.143189,7835.653054,8420.827459,9049.703275,9725.544165,10451.857529,11232.412701,12071.260514,12972.75432,13941.572586,14982.743168,16101.66941
